  0
SECTION
  2
HEADER
  9
$ACADVER
  1
AC1027
  9
$ACADMAINTVER
 70
105
  9
$DWGCODEPAGE
  3
ANSI_1252
  9
$LASTSAVEDBY
  1
ezdxf
  9
$REQUIREDVERSIONS
160
0
  9
$INSBASE
 10
0.0
 20
0.0
 30
0.0
  9
$EXTMIN
 10
1e+20
 20
1e+20
 30
1e+20
  9
$EXTMAX
 10
-1e+20
 20
-1e+20
 30
-1e+20
  9
$LIMMIN
 10
0.0
 20
0.0
  9
$LIMMAX
 10
420.0
 20
297.0
  9
$ORTHOMODE
 70
0
  9
$REGENMODE
 70
1
  9
$FILLMODE
 70
1
  9
$QTEXTMODE
 70
0
  9
$MIRRTEXT
 70
1
  9
$LTSCALE
 40
1.0
  9
$ATTMODE
 70
1
  9
$TEXTSIZE
 40
2.5
  9
$TRACEWID
 40
1.0
  9
$TEXTSTYLE
  7
Standard
  9
$CLAYER
  8
0
  9
$CELTYPE
  6
ByLayer
  9
$CECOLOR
 62
256
  9
$CELTSCALE
 40
1.0
  9
$DISPSILH
 70
0
  9
$DIMSCALE
 40
1.0
  9
$DIMASZ
 40
2.5
  9
$DIMEXO
 40
0.625
  9
$DIMDLI
 40
3.75
  9
$DIMRND
 40
0.0
  9
$DIMDLE
 40
0.0
  9
$DIMEXE
 40
1.25
  9
$DIMTP
 40
0.0
  9
$DIMTM
 40
0.0
  9
$DIMTXT
 40
2.5
  9
$DIMCEN
 40
2.5
  9
$DIMTSZ
 40
0.0
  9
$DIMTOL
 70
0
  9
$DIMLIM
 70
0
  9
$DIMTIH
 70
0
  9
$DIMTOH
 70
0
  9
$DIMSE1
 70
0
  9
$DIMSE2
 70
0
  9
$DIMTAD
 70
1
  9
$DIMZIN
 70
8
  9
$DIMBLK
  1

  9
$DIMASO
 70
1
  9
$DIMSHO
 70
1
  9
$DIMPOST
  1

  9
$DIMAPOST
  1

  9
$DIMALT
 70
0
  9
$DIMALTD
 70
3
  9
$DIMALTF
 40
0.03937007874
  9
$DIMLFAC
 40
1.0
  9
$DIMTOFL
 70
1
  9
$DIMTVP
 40
0.0
  9
$DIMTIX
 70
0
  9
$DIMSOXD
 70
0
  9
$DIMSAH
 70
0
  9
$DIMBLK1
  1

  9
$DIMBLK2
  1

  9
$DIMSTYLE
  2
ISO-25
  9
$DIMCLRD
 70
0
  9
$DIMCLRE
 70
0
  9
$DIMCLRT
 70
0
  9
$DIMTFAC
 40
1.0
  9
$DIMGAP
 40
0.625
  9
$DIMJUST
 70
0
  9
$DIMSD1
 70
0
  9
$DIMSD2
 70
0
  9
$DIMTOLJ
 70
0
  9
$DIMTZIN
 70
8
  9
$DIMALTZ
 70
0
  9
$DIMALTTZ
 70
0
  9
$DIMUPT
 70
0
  9
$DIMDEC
 70
2
  9
$DIMTDEC
 70
2
  9
$DIMALTU
 70
2
  9
$DIMALTTD
 70
3
  9
$DIMTXSTY
  7
Standard
  9
$DIMAUNIT
 70
0
  9
$DIMADEC
 70
0
  9
$DIMALTRND
 40
0.0
  9
$DIMAZIN
 70
0
  9
$DIMDSEP
 70
44
  9
$DIMATFIT
 70
3
  9
$DIMFRAC
 70
0
  9
$DIMLDRBLK
  1

  9
$DIMLUNIT
 70
2
  9
$DIMLWD
 70
-2
  9
$DIMLWE
 70
-2
  9
$DIMTMOVE
 70
0
  9
$DIMFXL
 40
1.0
  9
$DIMFXLON
 70
0
  9
$DIMJOGANG
 40
0.785398163397
  9
$DIMTFILL
 70
0
  9
$DIMTFILLCLR
 70
0
  9
$DIMARCSYM
 70
0
  9
$DIMLTYPE
  6

  9
$DIMLTEX1
  6

  9
$DIMLTEX2
  6

  9
$DIMTXTDIRECTION
 70
0
  9
$LUNITS
 70
2
  9
$LUPREC
 70
4
  9
$SKETCHINC
 40
1.0
  9
$FILLETRAD
 40
10.0
  9
$AUNITS
 70
0
  9
$AUPREC
 70
2
  9
$MENU
  1
.
  9
$ELEVATION
 40
0.0
  9
$PELEVATION
 40
0.0
  9
$THICKNESS
 40
0.0
  9
$LIMCHECK
 70
0
  9
$CHAMFERA
 40
0.0
  9
$CHAMFERB
 40
0.0
  9
$CHAMFERC
 40
0.0
  9
$CHAMFERD
 40
0.0
  9
$SKPOLY
 70
0
  9
$TDCREATE
 40
2461319.9200925925
  9
$TDUCREATE
 40
2458532.153996898
  9
$TDUPDATE
 40
2461319.9200925925
  9
$TDUUPDATE
 40
2458532.1544311
  9
$TDINDWG
 40
0.0
  9
$TDUSRTIMER
 40
0.0
  9
$USRTIMER
 70
1
  9
$ANGBASE
 50
0.0
  9
$ANGDIR
 70
0
  9
$PDMODE
 70
0
  9
$PDSIZE
 40
0.0
  9
$PLINEWID
 40
0.0
  9
$SPLFRAME
 70
0
  9
$SPLINETYPE
 70
6
  9
$SPLINESEGS
 70
8
  9
$HANDSEED
  5
5EC
  9
$SURFTAB1
 70
6
  9
$SURFTAB2
 70
6
  9
$SURFTYPE
 70
6
  9
$SURFU
 70
6
  9
$SURFV
 70
6
  9
$UCSBASE
  2

  9
$UCSNAME
  2

  9
$UCSORG
 10
0.0
 20
0.0
 30
0.0
  9
$UCSXDIR
 10
1.0
 20
0.0
 30
0.0
  9
$UCSYDIR
 10
0.0
 20
1.0
 30
0.0
  9
$UCSORTHOREF
  2

  9
$UCSORTHOVIEW
 70
0
  9
$UCSORGTOP
 10
0.0
 20
0.0
 30
0.0
  9
$UCSORGBOTTOM
 10
0.0
 20
0.0
 30
0.0
  9
$UCSORGLEFT
 10
0.0
 20
0.0
 30
0.0
  9
$UCSORGRIGHT
 10
0.0
 20
0.0
 30
0.0
  9
$UCSORGFRONT
 10
0.0
 20
0.0
 30
0.0
  9
$UCSORGBACK
 10
0.0
 20
0.0
 30
0.0
  9
$PUCSBASE
  2

  9
$PUCSNAME
  2

  9
$PUCSORG
 10
0.0
 20
0.0
 30
0.0
  9
$PUCSXDIR
 10
1.0
 20
0.0
 30
0.0
  9
$PUCSYDIR
 10
0.0
 20
1.0
 30
0.0
  9
$PUCSORTHOREF
  2

  9
$PUCSORTHOVIEW
 70
0
  9
$PUCSORGTOP
 10
0.0
 20
0.0
 30
0.0
  9
$PUCSORGBOTTOM
 10
0.0
 20
0.0
 30
0.0
  9
$PUCSORGLEFT
 10
0.0
 20
0.0
 30
0.0
  9
$PUCSORGRIGHT
 10
0.0
 20
0.0
 30
0.0
  9
$PUCSORGFRONT
 10
0.0
 20
0.0
 30
0.0
  9
$PUCSORGBACK
 10
0.0
 20
0.0
 30
0.0
  9
$USERI1
 70
0
  9
$USERI2
 70
0
  9
$USERI3
 70
0
  9
$USERI4
 70
0
  9
$USERI5
 70
0
  9
$USERR1
 40
0.0
  9
$USERR2
 40
0.0
  9
$USERR3
 40
0.0
  9
$USERR4
 40
0.0
  9
$USERR5
 40
0.0
  9
$WORLDVIEW
 70
1
  9
$SHADEDGE
 70
3
  9
$SHADEDIF
 70
70
  9
$TILEMODE
 70
1
  9
$MAXACTVP
 70
64
  9
$PINSBASE
 10
0.0
 20
0.0
 30
0.0
  9
$PLIMCHECK
 70
0
  9
$PEXTMIN
 10
1e+20
 20
1e+20
 30
1e+20
  9
$PEXTMAX
 10
-1e+20
 20
-1e+20
 30
-1e+20
  9
$PLIMMIN
 10
0.0
 20
0.0
  9
$PLIMMAX
 10
420.0
 20
297.0
  9
$UNITMODE
 70
0
  9
$VISRETAIN
 70
1
  9
$PLINEGEN
 70
0
  9
$PSLTSCALE
 70
1
  9
$TREEDEPTH
 70
3020
  9
$CMLSTYLE
  2
Standard
  9
$CMLJUST
 70
0
  9
$CMLSCALE
 40
20.0
  9
$PROXYGRAPHICS
 70
1
  9
$MEASUREMENT
 70
0
  9
$CELWEIGHT
370
-1
  9
$ENDCAPS
280
0
  9
$JOINSTYLE
280
0
  9
$LWDISPLAY
290
0
  9
$INSUNITS
 70
1
  9
$HYPERLINKBASE
  1

  9
$STYLESHEET
  1

  9
$XEDIT
290
1
  9
$CEPSNTYPE
380
0
  9
$PSTYLEMODE
290
1
  9
$FINGERPRINTGUID
  2
{400C2F42-ABE0-45C8-8926-5E403C982CF1}
  9
$VERSIONGUID
  2
{E75B6218-96A0-4227-A8F2-5F4914C8EB1B}
  9
$EXTNAMES
290
1
  9
$PSVPSCALE
 40
0.0
  9
$OLESTARTUP
290
0
  9
$SORTENTS
280
127
  9
$INDEXCTL
280
0
  9
$HIDETEXT
280
1
  9
$XCLIPFRAME
280
1
  9
$HALOGAP
280
0
  9
$OBSCOLOR
 70
257
  9
$OBSLTYPE
280
0
  9
$INTERSECTIONDISPLAY
280
0
  9
$INTERSECTIONCOLOR
 70
257
  9
$DIMASSOC
280
2
  9
$PROJECTNAME
  1

  9
$CAMERADISPLAY
290
0
  9
$LENSLENGTH
 40
50.0
  9
$CAMERAHEIGHT
 40
0.0
  9
$STEPSPERSEC
 40
24.0
  9
$STEPSIZE
 40
100.0
  9
$3DDWFPREC
 40
2.0
  9
$PSOLWIDTH
 40
0.005
  9
$PSOLHEIGHT
 40
0.08
  9
$LOFTANG1
 40
1.570796326795
  9
$LOFTANG2
 40
1.570796326795
  9
$LOFTMAG1
 40
0.0
  9
$LOFTMAG2
 40
0.0
  9
$LOFTPARAM
 70
7
  9
$LOFTNORMALS
280
1
  9
$LATITUDE
 40
37.795
  9
$LONGITUDE
 40
-122.394
  9
$NORTHDIRECTION
 40
0.0
  9
$TIMEZONE
 70
-8000
  9
$LIGHTGLYPHDISPLAY
280
1
  9
$TILEMODELIGHTSYNCH
280
1
  9
$CMATERIAL
347
20
  9
$SOLIDHIST
280
0
  9
$SHOWHIST
280
1
  9
$DWFFRAME
280
2
  9
$DGNFRAME
280
2
  9
$REALWORLDSCALE
290
1
  9
$INTERFERECOLOR
 62
256
  9
$CSHADOW
280
0
  9
$SHADOWPLANELOCATION
 40
0.0
  0
ENDSEC
  0
SECTION
  2
CLASSES
  0
CLASS
  1
ACDBDICTIONARYWDFLT
  2
AcDbDictionaryWithDefault
  3
ObjectDBX Classes
 90
0
 91
0
280
0
281
0
  0
CLASS
  1
SUN
  2
AcDbSun
  3
SCENEOE
 90
1153
 91
0
280
0
281
0
  0
CLASS
  1
VISUALSTYLE
  2
AcDbVisualStyle
  3
ObjectDBX Classes
 90
4095
 91
0
280
0
281
0
  0
CLASS
  1
MATERIAL
  2
AcDbMaterial
  3
ObjectDBX Classes
 90
1153
 91
0
280
0
281
0
  0
CLASS
  1
SCALE
  2
AcDbScale
  3
ObjectDBX Classes
 90
1153
 91
0
280
0
281
0
  0
CLASS
  1
TABLESTYLE
  2
AcDbTableStyle
  3
ObjectDBX Classes
 90
4095
 91
0
280
0
281
0
  0
CLASS
  1
MLEADERSTYLE
  2
AcDbMLeaderStyle
  3
ACDB_MLEADERSTYLE_CLASS
 90
4095
 91
0
280
0
281
0
  0
CLASS
  1
DICTIONARYVAR
  2
AcDbDictionaryVar
  3
ObjectDBX Classes
 90
0
 91
0
280
0
281
0
  0
CLASS
  1
CELLSTYLEMAP
  2
AcDbCellStyleMap
  3
ObjectDBX Classes
 90
1152
 91
0
280
0
281
0
  0
CLASS
  1
MENTALRAYRENDERSETTINGS
  2
AcDbMentalRayRenderSettings
  3
SCENEOE
 90
1024
 91
0
280
0
281
0
  0
CLASS
  1
ACDBDETAILVIEWSTYLE
  2
AcDbDetailViewStyle
  3
ObjectDBX Classes
 90
1025
 91
0
280
0
281
0
  0
CLASS
  1
ACDBSECTIONVIEWSTYLE
  2
AcDbSectionViewStyle
  3
ObjectDBX Classes
 90
1025
 91
0
280
0
281
0
  0
CLASS
  1
RASTERVARIABLES
  2
AcDbRasterVariables
  3
ISM
 90
0
 91
0
280
0
281
0
  0
CLASS
  1
ACDBPLACEHOLDER
  2
AcDbPlaceHolder
  3
ObjectDBX Classes
 90
0
 91
0
280
0
281
0
  0
CLASS
  1
LAYOUT
  2
AcDbLayout
  3
ObjectDBX Classes
 90
0
 91
0
280
0
281
0
  0
ENDSEC
  0
SECTION
  2
TABLES
  0
TABLE
  2
VPORT
  5
8
330
0
100
AcDbSymbolTable
 70
1
  0
VPORT
  5
23
330
8
100
AcDbSymbolTableRecord
100
AcDbViewportTableRecord
  2
*Active
 70
0
 10
0.0
 20
0.0
 11
1.0
 21
1.0
 12
0.0
 22
0.0
 13
0.0
 23
0.0
 14
0.5
 24
0.5
 15
0.5
 25
0.5
 16
0.0
 26
0.0
 36
1.0
 17
0.0
 27
0.0
 37
0.0
 40
1000.0
 41
1.34
 42
50.0
 43
0.0
 44
0.0
 50
0.0
 51
0.0
 71
0
 72
1000
 73
1
 74
3
 75
0
 76
0
 77
0
 78
0
281
0
 65
0
146
0.0
  0
ENDTAB
  0
TABLE
  2
LTYPE
  5
2
330
0
100
AcDbSymbolTable
 70
3
  0
LTYPE
  5
24
330
2
100
AcDbSymbolTableRecord
100
AcDbLinetypeTableRecord
  2
ByBlock
 70
0
  3

 72
65
 73
0
 40
0.0
  0
LTYPE
  5
25
330
2
100
AcDbSymbolTableRecord
100
AcDbLinetypeTableRecord
  2
ByLayer
 70
0
  3

 72
65
 73
0
 40
0.0
  0
LTYPE
  5
26
330
2
100
AcDbSymbolTableRecord
100
AcDbLinetypeTableRecord
  2
Continuous
 70
0
  3

 72
65
 73
0
 40
0.0
  0
ENDTAB
  0
TABLE
  2
LAYER
  5
1
330
0
100
AcDbSymbolTable
 70
7
  0
LAYER
  5
27
330
1
100
AcDbSymbolTableRecord
100
AcDbLayerTableRecord
  2
0
 70
0
 62
7
  6
Continuous
370
-3
390
13
347
21
  0
LAYER
  5
28
330
1
100
AcDbSymbolTableRecord
100
AcDbLayerTableRecord
  2
Defpoints
 70
0
 62
7
  6
Continuous
290
0
370
-3
390
13
347
21
  0
LAYER
  5
2F
330
1
100
AcDbSymbolTableRecord
100
AcDbLayerTableRecord
  2
CUT
 70
0
 62
1
420
16711680
  6
Continuous
370
-3
390
13
347
21
  0
LAYER
  5
30
330
1
100
AcDbSymbolTableRecord
100
AcDbLayerTableRecord
  2
SCORE
 70
0
 62
5
420
255
  6
Continuous
370
-3
390
13
347
21
  0
LAYER
  5
31
330
1
100
AcDbSymbolTableRecord
100
AcDbLayerTableRecord
  2
ENGRAVE
 70
0
 62
7
420
0
  6
Continuous
370
-3
390
13
347
21
  0
LAYER
  5
32
330
1
100
AcDbSymbolTableRecord
100
AcDbLayerTableRecord
  2
NUMBERS
 70
0
 62
7
420
0
  6
Continuous
370
-3
390
13
347
21
  0
LAYER
  5
33
330
1
100
AcDbSymbolTableRecord
100
AcDbLayerTableRecord
  2
BOUNDARY
 70
0
 62
8
420
8421504
  6
Continuous
370
-3
390
13
347
21
  0
ENDTAB
  0
TABLE
  2
STYLE
  5
5
330
0
100
AcDbSymbolTable
 70
1
  0
STYLE
  5
29
330
5
100
AcDbSymbolTableRecord
100
AcDbTextStyleTableRecord
  2
Standard
 70
0
 40
0.0
 41
1.0
 50
0.0
 71
0
 42
2.5
  3
txt
  4

  0
ENDTAB
  0
TABLE
  2
VIEW
  5
7
330
0
100
AcDbSymbolTable
 70
0
  0
ENDTAB
  0
TABLE
  2
UCS
  5
6
330
0
100
AcDbSymbolTable
 70
0
  0
ENDTAB
  0
TABLE
  2
APPID
  5
3
330
0
100
AcDbSymbolTable
 70
3
  0
APPID
  5
2A
330
3
100
AcDbSymbolTableRecord
100
AcDbRegAppTableRecord
  2
ACAD
 70
0
  0
APPID
  5
5E9
330
3
100
AcDbSymbolTableRecord
100
AcDbRegAppTableRecord
  2
HATCHBACKGROUNDCOLOR
 70
0
  0
APPID
  5
5EA
330
3
100
AcDbSymbolTableRecord
100
AcDbRegAppTableRecord
  2
EZDXF
 70
0
  0
ENDTAB
  0
TABLE
  2
DIMSTYLE
  5
4
330
0
100
AcDbSymbolTable
 70
1
100
AcDbDimStyleTable
  0
DIMSTYLE
105
2B
330
4
100
AcDbSymbolTableRecord
100
AcDbDimStyleTableRecord
  2
Standard
 70
0
 40
1.0
 41
2.5
 42
0.625
 43
3.75
 44
1.25
 45
0.0
 46
0.0
 47
0.0
 48
0.0
 49
2.5
140
2.5
141
2.5
142
0.0
143
0.03937007874
144
1.0
145
0.0
146
1.0
147
0.625
148
0.0
 69
0
 70
0
 71
0
 72
0
 73
0
 74
0
 75
0
 76
0
 77
1
 78
8
 79
3
170
0
171
3
172
1
173
0
174
0
175
0
176
0
177
0
178
0
179
2
271
2
272
2
273
2
274
3
275
0
276
0
277
2
278
44
279
0
280
0
281
0
282
0
283
0
284
8
285
0
286
0
288
0
289
3
290
0
371
-2
372
-2
  0
ENDTAB
  0
TABLE
  2
BLOCK_RECORD
  5
9
330
0
100
AcDbSymbolTable
 70
2
  0
BLOCK_RECORD
  5
17
330
9
100
AcDbSymbolTableRecord
100
AcDbBlockTableRecord
  2
*Model_Space
340
1A
 70
0
280
1
281
0
  0
BLOCK_RECORD
  5
1B
330
9
100
AcDbSymbolTableRecord
100
AcDbBlockTableRecord
  2
*Paper_Space
340
1E
 70
0
280
1
281
0
  0
ENDTAB
  0
ENDSEC
  0
SECTION
  2
BLOCKS
  0
BLOCK
  5
18
330
17
100
AcDbEntity
  8
0
100
AcDbBlockBegin
  2
*Model_Space
 70
0
 10
0.0
 20
0.0
 30
0.0
  3
*Model_Space
  1

  0
ENDBLK
  5
19
330
17
100
AcDbEntity
  8
0
100
AcDbBlockEnd
  0
BLOCK
  5
1C
330
1B
100
AcDbEntity
  8
0
100
AcDbBlockBegin
  2
*Paper_Space
 70
0
 10
0.0
 20
0.0
 30
0.0
  3
*Paper_Space
  1

  0
ENDBLK
  5
1D
330
1B
100
AcDbEntity
  8
0
100
AcDbBlockEnd
  0
ENDSEC
  0
SECTION
  2
ENTITIES
  0
LWPOLYLINE
  5
34
330
17
100
AcDbEntity
  8
CUT
100
AcDbPolyline
 90
18
 70
1
 10
7.022537521591959
 20
3.0417439089141602
 10
7.022535653422903
 20
0.75
 10
6.825566725723819
 20
0.7767899302982598
 10
6.825643645809704
 20
1.7253068853958804
 10
5.037873106556164
 20
1.7252829436893904
 10
5.037872676883566
 20
1.7880425754875569
 10
0.5
 20
1.7880115077536458
 10
0.5
 20
11.957467631352023
 10
0.9775467324131748
 20
11.957467631352023
 10
0.9775467324131748
 20
12.37456172732164
 10
5.037850711057915
 20
12.37458544609823
 10
5.03785034475847
 20
12.437290497286218
 10
5.630394910082885
 20
12.437290497286218
 10
5.648709572761846
 20
12.619828129665613
 10
8.36649025823011
 20
12.619828647891486
 10
8.36649025823011
 20
6.81224925838128
 10
8.284947088513453
 20
6.811971836306498
 10
8.321440160516323
 20
3.0417439089141602
  0
LWPOLYLINE
  5
35
330
17
100
AcDbEntity
  8
CUT
100
AcDbPolyline
 90
4
 70
1
 10
4.29119509286455
 20
11.500158872138275
 10
1.600947412918872
 20
11.500158872138275
 10
1.600947412918872
 20
6.302119486860821
 10
4.29119509286455
 20
6.3021194868608195
  0
LWPOLYLINE
  5
36
330
17
100
AcDbEntity
  8
CUT
100
AcDbPolyline
 90
4
 70
1
 10
6.178435492189626
 20
11.077279490382757
 10
6.178435492189626
 20
11.139779490382757
 10
5.928371070699471
 20
11.139779490382757
 10
5.92837107069947
 20
11.077279490382757
  0
LWPOLYLINE
  5
37
330
17
100
AcDbEntity
  8
CUT
100
AcDbPolyline
 90
4
 70
1
 10
5.0047982283464565
 20
10.785612823716091
 10
5.0047982283464565
 20
10.910612823716091
 10
4.9022719816272975
 20
10.910612823716091
 10
4.902271981627297
 20
10.785612823716091
  0
LWPOLYLINE
  5
38
330
17
100
AcDbEntity
  8
CUT
100
AcDbPolyline
 90
4
 70
1
 10
5.9628669202779765
 20
9.577279490382757
 10
5.730253281248821
 20
9.577279490382757
 10
5.730253281248821
 20
9.514779490382757
 10
5.962866920277976
 20
9.514779490382757
  0
LWPOLYLINE
  5
39
330
17
100
AcDbEntity
  8
CUT
100
AcDbPolyline
 90
4
 70
1
 10
5.0047982283464565
 20
9.278476996944438
 10
5.0047982283464565
 20
9.403476996944438
 10
4.9022719816272975
 20
9.403476996944438
 10
4.902271981627297
 20
9.278476996944438
  0
LWPOLYLINE
  5
3A
330
17
100
AcDbEntity
  8
CUT
100
AcDbPolyline
 90
4
 70
1
 10
6.178435492189626
 20
7.96048159012029
 10
6.178435492189626
 20
8.02298159012029
 10
5.92837107069947
 20
8.02298159012029
 10
5.92837107069947
 20
7.96048159012029
  0
LWPOLYLINE
  5
3B
330
17
100
AcDbEntity
  8
CUT
100
AcDbPolyline
 90
4
 70
1
 10
4.902271981627297
 20
7.771341170172784
 10
5.0047982283464565
 20
7.771341170172784
 10
5.0047982283464565
 20
7.896341170172784
 10
4.902271981627297
 20
7.896341170172784
  0
LWPOLYLINE
  5
3C
330
17
100
AcDbEntity
  8
CUT
100
AcDbPolyline
 90
4
 70
1
 10
7.395690109473201
 20
6.513282685401975
 10
6.688299861167048
 20
6.513282685401975
 10
6.688306906243843
 20
5.4367981053494825
 10
7.395685949797437
 20
5.4367981053494825
  0
LWPOLYLINE
  5
3D
330
17
100
AcDbEntity
  8
CUT
100
AcDbPolyline
 90
4
 70
1
 10
5.0047982283464565
 20
6.266255868335513
 10
5.0047982283464565
 20
6.391255868335513
 10
4.902271981627297
 20
6.391255868335513
 10
4.902271981627297
 20
6.266255868335513
  0
LWPOLYLINE
  5
3E
330
17
100
AcDbEntity
  8
CUT
100
AcDbPolyline
 90
4
 70
1
 10
4.229679110169099
 20
2.756761980911044
 10
4.229673597891592
 20
5.323977988795763
 10
1.6624651831467823
 20
5.323977988795763
 10
1.6624630045077309
 20
2.756761980911044
  0
LWPOLYLINE
  5
3F
330
17
100
AcDbEntity
  8
CUT
100
AcDbPolyline
 90
4
 70
1
 10
5.0047982283464565
 20
4.759120041563859
 10
5.0047982283464565
 20
4.884120041563859
 10
4.9022719816272975
 20
4.884120041563859
 10
4.902271981627297
 20
4.759120041563859
  0
LWPOLYLINE
  5
40
330
17
100
AcDbEntity
  8
CUT
100
AcDbPolyline
 90
4
 70
1
 10
4.902271981627297
 20
3.243782115054673
 10
5.0047982283464565
 20
3.243782115054673
 10
5.0047982283464565
 20
3.368782115054673
 10
4.902271981627297
 20
3.368782115054673
  0
LWPOLYLINE
  5
41
330
17
100
AcDbEntity
  8
CUT
100
AcDbPolyline
 90
4
 70
1
 10
9.21550200944873
 20
11.615982454209664
 10
8.60649025823011
 20
11.615983781713007
 10
8.60649025823011
 20
0.75
 10
9.215537033442237
 20
0.7500814911125921
  0
LWPOLYLINE
  5
42
330
17
100
AcDbEntity
  8
CUT
100
AcDbPolyline
 90
4
 70
1
 10
9.455537033442237
 20
0.75
 10
9.455537033442237
 20
11.336921112429707
 10
12.439050812969796
 20
11.336921112429707
 10
12.439050812969796
 20
0.75
  0
LWPOLYLINE
  5
43
330
17
100
AcDbEntity
  8
CUT
100
AcDbPolyline
 90
4
 70
1
 10
10.532062623993419
 20
9.755976518965301
 10
10.66739726966271
 20
9.755976518965301
 10
10.66739726966271
 20
9.880976518965301
 10
10.532062623993419
 20
9.880976518965301
  0
LWPOLYLINE
  5
44
330
17
100
AcDbEntity
  8
CUT
100
AcDbPolyline
 90
4
 70
1
 10
10.532062623993419
 20
8.365638592456115
 10
10.532062623993419
 20
8.240638592456115
 10
10.66739726966271
 20
8.240638592456115
 10
10.66739726966271
 20
8.365638592456115
  0
LWPOLYLINE
  5
45
330
17
100
AcDbEntity
  8
CUT
100
AcDbPolyline
 90
4
 70
1
 10
10.66739726966271
 20
6.858502765684462
 10
10.532062623993419
 20
6.858502765684462
 10
10.532062623993419
 20
6.733502765684462
 10
10.66739726966271
 20
6.733502765684462
  0
LWPOLYLINE
  5
46
330
17
100
AcDbEntity
  8
CUT
100
AcDbPolyline
 90
4
 70
1
 10
10.66739726966271
 20
5.228417463847191
 10
10.66739726966271
 20
5.353417463847191
 10
10.532062623993419
 20
5.353417463847191
 10
10.532062623993419
 20
5.228417463847191
  0
LWPOLYLINE
  5
47
330
17
100
AcDbEntity
  8
CUT
100
AcDbPolyline
 90
4
 70
1
 10
10.532062623993419
 20
3.7212816370755375
 10
10.66739726966271
 20
3.7212816370755375
 10
10.66739726966271
 20
3.8462816370755375
 10
10.532062623993419
 20
3.8462816370755375
  0
LWPOLYLINE
  5
48
330
17
100
AcDbEntity
  8
CUT
100
AcDbPolyline
 90
4
 70
1
 10
10.532062623993419
 20
2.339145810303884
 10
10.532062623993419
 20
2.214145810303884
 10
10.66739726966271
 20
2.214145810303884
 10
10.66739726966271
 20
2.339145810303884
  0
LWPOLYLINE
  5
49
330
17
100
AcDbEntity
  8
CUT
100
AcDbPolyline
 90
4
 70
1
 10
23.26189202031888
 20
0.84
 10
23.26189202031888
 20
1.5977099737532807
 10
12.679050812969797
 20
1.5977099737532807
 10
12.679050812969797
 20
0.84
  0
LWPOLYLINE
  5
4A
330
17
100
AcDbEntity
  8
CUT
100
AcDbPolyline
 90
6
 70
1
 10
23.41189202031888
 20
11.308330286475815
 10
24.80829950063384
 20
11.308330286475815
 10
24.80829950063384
 20
6.787800665946929
 10
25.433709605620717
 20
6.787800665946929
 10
25.433709605620717
 20
0.75
 10
23.41189202031888
 20
0.75
  0
LWPOLYLINE
  5
4B
330
17
100
AcDbEntity
  8
CUT
100
AcDbPolyline
 90
4
 70
1
 10
24.068059999321505
 20
11.242713488575552
 10
23.477508818219142
 20
11.242713488575552
 10
23.477508818219142
 20
9.851284917915434
 10
24.068059999321505
 20
9.851284917915434
  0
LWPOLYLINE
  5
4C
330
17
100
AcDbEntity
  8
CUT
100
AcDbPolyline
 90
4
 70
1
 10
24.478164986198145
 20
11.242713488575552
 10
24.133676797221767
 20
11.242713488575552
 10
24.133676797221767
 20
9.851284917915434
 10
24.478164986198145
 20
9.851284917915434
  0
LWPOLYLINE
  5
4D
330
17
100
AcDbEntity
  8
CUT
100
AcDbPolyline
 90
4
 70
1
 10
24.74268270273358
 20
11.242713488575552
 10
24.543781784098407
 20
11.242713488575552
 10
24.543781784098407
 20
9.851284917915434
 10
24.74268270273358
 20
9.851284917915434
  0
LWPOLYLINE
  5
4E
330
17
100
AcDbEntity
  8
CUT
100
AcDbPolyline
 90
4
 70
1
 10
24.068059999321505
 20
9.78566812001517
 10
23.477508818219142
 20
9.78566812001517
 10
23.477508818219142
 20
8.335946991406246
 10
24.068059999321505
 20
8.335946991406246
  0
LWPOLYLINE
  5
4F
330
17
100
AcDbEntity
  8
CUT
100
AcDbPolyline
 90
4
 70
1
 10
24.478164986198145
 20
9.78566812001517
 10
24.133676797221767
 20
9.78566812001517
 10
24.133676797221767
 20
8.335946991406246
 10
24.478164986198145
 20
8.335946991406246
  0
LWPOLYLINE
  5
50
330
17
100
AcDbEntity
  8
CUT
100
AcDbPolyline
 90
4
 70
1
 10
24.543781784098407
 20
9.78566812001517
 10
24.543781784098407
 20
8.335946991406246
 10
24.74268270273358
 20
8.335946991406246
 10
24.74268270273358
 20
9.78566812001517
  0
LWPOLYLINE
  5
51
330
17
100
AcDbEntity
  8
CUT
100
AcDbPolyline
 90
4
 70
1
 10
24.068059999321505
 20
8.270330193505984
 10
23.477508818219142
 20
8.270330193505984
 10
23.477508818219142
 20
6.828811164634593
 10
24.068059999321505
 20
6.828811164634593
  0
LWPOLYLINE
  5
52
330
17
100
AcDbEntity
  8
CUT
100
AcDbPolyline
 90
4
 70
1
 10
24.133676797221767
 20
8.270330193505984
 10
24.133676797221767
 20
6.828811164634593
 10
24.478164986198145
 20
6.828811164634593
 10
24.478164986198145
 20
8.270330193505984
  0
LWPOLYLINE
  5
53
330
17
100
AcDbEntity
  8
CUT
100
AcDbPolyline
 90
4
 70
1
 10
24.74268270273358
 20
8.270330193505984
 10
24.543781784098407
 20
8.270330193505984
 10
24.543781784098407
 20
6.828811164634593
 10
24.74268270273358
 20
6.828811164634593
  0
LWPOLYLINE
  5
54
330
17
100
AcDbEntity
  8
CUT
100
AcDbPolyline
 90
4
 70
1
 10
24.74268270273358
 20
6.76319436673433
 10
24.543781784098407
 20
6.76319436673433
 10
24.543781784098407
 20
5.323725862797323
 10
24.74268270273358
 20
5.323725862797323
  0
LWPOLYLINE
  5
55
330
17
100
AcDbEntity
  8
CUT
100
AcDbPolyline
 90
4
 70
1
 10
24.068059999321505
 20
6.76319436673433
 10
23.477508818219142
 20
6.76319436673433
 10
23.477508818219142
 20
5.323725862797323
 10
24.068059999321505
 20
5.323725862797323
  0
LWPOLYLINE
  5
56
330
17
100
AcDbEntity
  8
CUT
100
AcDbPolyline
 90
4
 70
1
 10
24.478164986198145
 20
6.76319436673433
 10
24.133676797221767
 20
6.76319436673433
 10
24.133676797221767
 20
5.323725862797323
 10
24.478164986198145
 20
5.323725862797323
  0
LWPOLYLINE
  5
57
330
17
100
AcDbEntity
  8
CUT
100
AcDbPolyline
 90
4
 70
1
 10
24.933381521631215
 20
6.722183868046667
 10
24.933381521631215
 20
5.323725862797323
 10
25.368092807720455
 20
5.323725862797323
 10
25.368092807720455
 20
6.722183868046667
  0
LWPOLYLINE
  5
58
330
17
100
AcDbEntity
  8
CUT
100
AcDbPolyline
 90
4
 70
1
 10
23.477508818219142
 20
5.25810906489706
 10
23.477508818219142
 20
3.816590036025668
 10
24.068059999321505
 20
3.816590036025668
 10
24.068059999321505
 20
5.25810906489706
  0
LWPOLYLINE
  5
59
330
17
100
AcDbEntity
  8
CUT
100
AcDbPolyline
 90
4
 70
1
 10
24.133676797221767
 20
5.25810906489706
 10
24.133676797221767
 20
3.816590036025668
 10
24.478164986198145
 20
3.816590036025668
 10
24.478164986198145
 20
5.25810906489706
  0
LWPOLYLINE
  5
5A
330
17
100
AcDbEntity
  8
CUT
100
AcDbPolyline
 90
4
 70
1
 10
24.543781784098407
 20
5.25810906489706
 10
24.543781784098407
 20
3.816590036025668
 10
24.74268270273358
 20
3.816590036025668
 10
24.74268270273358
 20
5.25810906489706
  0
LWPOLYLINE
  5
5B
330
17
100
AcDbEntity
  8
CUT
100
AcDbPolyline
 90
4
 70
1
 10
25.368092807720455
 20
5.25810906489706
 10
24.933381521631215
 20
5.25810906489706
 10
24.933381521631215
 20
3.816590036025668
 10
25.368092807720455
 20
3.816590036025668
  0
LWPOLYLINE
  5
5C
330
17
100
AcDbEntity
  8
CUT
100
AcDbPolyline
 90
4
 70
1
 10
24.068059999321505
 20
3.750973238125407
 10
23.477508818219142
 20
3.750973238125407
 10
23.477508818219142
 20
2.3094542092540142
 10
24.068059999321505
 20
2.3094542092540142
  0
LWPOLYLINE
  5
5D
330
17
100
AcDbEntity
  8
CUT
100
AcDbPolyline
 90
4
 70
1
 10
24.478164986198145
 20
3.750973238125407
 10
24.133676797221767
 20
3.750973238125407
 10
24.133676797221767
 20
2.3094542092540142
 10
24.478164986198145
 20
2.3094542092540142
  0
LWPOLYLINE
  5
5E
330
17
100
AcDbEntity
  8
CUT
100
AcDbPolyline
 90
4
 70
1
 10
24.74268270273358
 20
3.750973238125407
 10
24.543781784098407
 20
3.750973238125407
 10
24.543781784098407
 20
2.3094542092540142
 10
24.74268270273358
 20
2.3094542092540142
  0
LWPOLYLINE
  5
5F
330
17
100
AcDbEntity
  8
CUT
100
AcDbPolyline
 90
4
 70
1
 10
25.368092807720455
 20
3.750973238125407
 10
24.933381521631215
 20
3.750973238125407
 10
24.933381521631215
 20
2.3094542092540142
 10
25.368092807720455
 20
2.3094542092540142
  0
LWPOLYLINE
  5
60
330
17
100
AcDbEntity
  8
CUT
100
AcDbPolyline
 90
4
 70
1
 10
24.933381521631215
 20
2.243837411353753
 10
24.933381521631215
 20
0.8156167979002625
 10
25.368092807720455
 20
0.8156167979002625
 10
25.368092807720455
 20
2.243837411353753
  0
LWPOLYLINE
  5
61
330
17
100
AcDbEntity
  8
CUT
100
AcDbPolyline
 90
4
 70
1
 10
24.068059999321505
 20
2.243837411353753
 10
23.477508818219142
 20
2.243837411353753
 10
23.477508818219142
 20
0.8156167979002625
 10
24.068059999321505
 20
0.8156167979002625
  0
LWPOLYLINE
  5
62
330
17
100
AcDbEntity
  8
CUT
100
AcDbPolyline
 90
4
 70
1
 10
24.478164986198145
 20
2.243837411353753
 10
24.133676797221767
 20
2.243837411353753
 10
24.133676797221767
 20
0.8156167979002625
 10
24.478164986198145
 20
0.8156167979002625
  0
LWPOLYLINE
  5
63
330
17
100
AcDbEntity
  8
CUT
100
AcDbPolyline
 90
4
 70
1
 10
24.74268270273358
 20
2.243837411353753
 10
24.543781784098407
 20
2.243837411353753
 10
24.543781784098407
 20
0.8156167979002625
 10
24.74268270273358
 20
0.8156167979002625
  0
LWPOLYLINE
  5
64
330
17
100
AcDbEntity
  8
CUT
100
AcDbPolyline
 90
15
 70
1
 10
27.67879052019097
 20
1.885171570869726
 10
27.56746932819174
 20
1.8829316996161078
 10
27.56564831601661
 20
1.9740082705662407
 10
25.764089034214084
 20
1.9379873559428638
 10
25.67370960562072
 20
6.457207144634632
 10
25.71390270134964
 20
6.458010689754581
 10
25.704396119777428
 20
6.9335271650595764
 10
26.894303826536635
 20
6.957316593033397
 10
26.893762684310296
 20
6.9843843715142455
 10
29.2633262787654
 20
7.031748346167905
 10
29.13825089878764
 20
4.458613617532682
 10
29.2633262787654
 20
4.452533931730579
 10
29.130325940763804
 20
1.7166041008824267
 10
29.159004990429423
 20
0.75
 10
27.698095944855332
 20
0.9195197831126083
  0
LWPOLYLINE
  5
65
330
17
100
AcDbEntity
  8
CUT
100
AcDbPolyline
 90
4
 70
1
 10
26.37714958606309
 20
6.534562243936698
 10
26.646183523960225
 20
6.539940802218347
 10
26.644934266203514
 20
6.602428315811522
 10
26.375900328306383
 20
6.597049757529873
  0
LWPOLYLINE
  5
66
330
17
100
AcDbEntity
  8
CUT
100
AcDbPolyline
 90
4
 70
1
 10
26.83409109792133
 20
4.974732446071448
 10
26.83284184016462
 20
5.037219959664623
 10
26.551627813229626
 20
5.031597895603451
 10
26.552877070986334
 20
4.969110382010275
  0
LWPOLYLINE
  5
67
330
17
100
AcDbEntity
  8
CUT
100
AcDbPolyline
 90
4
 70
1
 10
26.707397154039022
 20
3.4780526361527446
 10
26.438363216141887
 20
3.472674077871095
 10
26.4396124738986
 20
3.41018656427792
 10
26.708646411795733
 20
3.4155651225595696
  0
LWPOLYLINE
  5
68
330
17
100
AcDbEntity
  8
CUT
100
AcDbPolyline
 90
4
 70
1
 10
12.679050812969797
 20
1.8377099737532812
 10
12.679050812969797
 20
2.6476673228346463
 10
18.454128732917304
 20
2.6476673228346463
 10
18.454128732917304
 20
1.8377099737532812
  0
LWPOLYLINE
  5
69
330
17
100
AcDbEntity
  8
CUT
100
AcDbPolyline
 90
4
 70
1
 10
19.41408608199867
 20
1.747709973753281
 10
18.604128732917303
 20
1.747709973753281
 10
18.604128732917303
 20
7.522787893700789
 10
19.41408608199867
 20
7.522787893700789
  0
LWPOLYLINE
  5
6A
330
17
100
AcDbEntity
  8
CUT
100
AcDbPolyline
 90
4
 70
1
 10
20.32030163317977
 20
1.747709973753281
 10
19.654086081998667
 20
1.747709973753281
 10
19.654086081998667
 20
7.522787893700789
 10
20.32030163317977
 20
7.522787893700789
  0
LWPOLYLINE
  5
6B
330
17
100
AcDbEntity
  8
CUT
100
AcDbPolyline
 90
4
 70
1
 10
21.226517184360873
 20
1.747709973753281
 10
20.56030163317977
 20
1.747709973753281
 10
20.56030163317977
 20
7.522787893700789
 10
21.226517184360873
 20
7.522787893700789
  0
LWPOLYLINE
  5
6C
330
17
100
AcDbEntity
  8
CUT
100
AcDbPolyline
 90
4
 70
1
 10
21.992476830030164
 20
1.747709973753281
 10
21.46651718436087
 20
1.747709973753281
 10
21.46651718436087
 20
7.522787893700789
 10
21.992476830030164
 20
7.522787893700789
  0
LWPOLYLINE
  5
6D
330
17
100
AcDbEntity
  8
CUT
100
AcDbPolyline
 90
4
 70
1
 10
22.758436475699455
 20
1.747709973753281
 10
22.232476830030162
 20
1.747709973753281
 10
22.232476830030162
 20
7.522787893700789
 10
22.758436475699455
 20
7.522787893700789
  0
LWPOLYLINE
  5
6E
330
17
100
AcDbEntity
  8
CUT
100
AcDbPolyline
 90
4
 70
1
 10
12.679050812969797
 20
2.887667322834646
 10
12.679050812969797
 20
3.2760367454068247
 10
18.454128732917304
 20
3.2760367454068247
 10
18.454128732917304
 20
2.887667322834646
  0
LWPOLYLINE
  5
6F
330
17
100
AcDbEntity
  8
CUT
100
AcDbPolyline
 90
4
 70
1
 10
12.679050812969797
 20
3.5160367454068244
 10
12.679050812969797
 20
3.904406167979003
 10
18.454128732917304
 20
3.904406167979003
 10
18.454128732917304
 20
3.5160367454068244
  0
LWPOLYLINE
  5
70
330
17
100
AcDbEntity
  8
CUT
100
AcDbPolyline
 90
8
 70
1
 10
12.679050812969797
 20
4.144406167979006
 10
12.725724688184687
 20
4.372519324109145
 10
17.07866909527045
 20
4.297264858366449
 10
17.07708130120729
 20
4.289504252523133
 10
17.138217279801953
 20
4.276992852225566
 10
17.11108358342761
 20
4.144406167979003
 10
17.049954230549247
 20
4.1569162123321535
 10
17.04846881187595
 20
4.149655983122805
  0
LWPOLYLINE
  5
71
330
17
100
AcDbEntity
  8
CUT
100
AcDbPolyline
 90
8
 70
1
 10
17.516330435932094
 20
4.054406167979003
 10
17.288217279801955
 20
4.101080043193894
 10
17.36347174554465
 20
8.454024450279654
 10
17.371232351387967
 20
8.452436656216499
 10
17.383743751685536
 20
8.513572634811162
 10
17.516330435932097
 20
8.48643893843682
 10
17.503820391578948
 20
8.425309585558454
 10
17.511080620788295
 20
8.423824166885156
  0
LWPOLYLINE
  5
72
330
17
100
AcDbEntity
  8
CUT
100
AcDbPolyline
 90
8
 70
1
 10
17.984443592062235
 20
4.054406167979003
 10
17.756330435932096
 20
4.101080043193894
 10
17.83158490167479
 20
8.454024450279654
 10
17.839345507518107
 20
8.452436656216499
 10
17.851856907815677
 20
8.513572634811162
 10
17.984443592062238
 20
8.48643893843682
 10
17.97193354770909
 20
8.425309585558454
 10
17.979193776918436
 20
8.423824166885156
  0
LWPOLYLINE
  5
73
330
17
100
AcDbEntity
  8
CUT
100
AcDbPolyline
 90
8
 70
1
 10
12.679050812969797
 20
4.612519324109147
 10
12.725724688184687
 20
4.840632480239287
 10
17.07866909527045
 20
4.765378014496591
 10
17.07708130120729
 20
4.7576174086532745
 10
17.138217279801953
 20
4.745106008355707
 10
17.11108358342761
 20
4.612519324109145
 10
17.049954230549247
 20
4.625029368462295
 10
17.04846881187595
 20
4.617769139252946
  0
LWPOLYLINE
  5
74
330
17
100
AcDbEntity
  8
CUT
100
AcDbPolyline
 90
8
 70
1
 10
12.679050812969797
 20
5.080632480239289
 10
12.725724688184687
 20
5.308745636369428
 10
17.07866909527045
 20
5.233491170626732
 10
17.07708130120729
 20
5.225730564783416
 10
17.138217279801953
 20
5.2132191644858485
 10
17.11108358342761
 20
5.080632480239286
 10
17.049954230549247
 20
5.093142524592436
 10
17.04846881187595
 20
5.085882295383088
  0
LWPOLYLINE
  5
75
330
17
100
AcDbEntity
  8
CUT
100
AcDbPolyline
 90
8
 70
1
 10
12.679050812969797
 20
5.54874563636943
 10
12.725724688184687
 20
5.77685879249957
 10
17.07866909527045
 20
5.701604326756874
 10
17.07708130120729
 20
5.6938437209135575
 10
17.138217279801953
 20
5.68133232061599
 10
17.11108358342761
 20
5.548745636369428
 10
17.049954230549247
 20
5.561255680722578
 10
17.04846881187595
 20
5.553995451513229
  0
LWPOLYLINE
  5
76
330
17
100
AcDbEntity
  8
CUT
100
AcDbPolyline
 90
8
 70
1
 10
12.679050812969797
 20
6.016858792499572
 10
12.725724688184687
 20
6.244971948629711
 10
17.07866909527045
 20
6.169717482887015
 10
17.07708130120729
 20
6.161956877043699
 10
17.138217279801953
 20
6.1494454767461315
 10
17.11108358342761
 20
6.016858792499569
 10
17.049954230549247
 20
6.029368836852719
 10
17.04846881187595
 20
6.0221086076433705
  0
LWPOLYLINE
  5
77
330
17
100
AcDbEntity
  8
CUT
100
AcDbPolyline
 90
8
 70
1
 10
12.679050812969797
 20
6.484971948629713
 10
12.725724688184687
 20
6.713085104759853
 10
17.07866909527045
 20
6.637830639017157
 10
17.07708130120729
 20
6.6300700331738405
 10
17.138217279801953
 20
6.617558632876273
 10
17.11108358342761
 20
6.484971948629711
 10
17.049954230549247
 20
6.497481992982861
 10
17.04846881187595
 20
6.490221763773512
  0
LWPOLYLINE
  5
78
330
17
100
AcDbEntity
  8
CUT
100
AcDbPolyline
 90
8
 70
1
 10
12.679050812969797
 20
6.953085104759855
 10
12.725724688184687
 20
7.181198260889994
 10
17.07866909527045
 20
7.105943795147298
 10
17.07708130120729
 20
7.098183189303982
 10
17.138217279801953
 20
7.0856717890064145
 10
17.11108358342761
 20
6.953085104759852
 10
17.049954230549247
 20
6.965595149113002
 10
17.04846881187595
 20
6.9583349199036535
  0
LWPOLYLINE
  5
79
330
17
100
AcDbEntity
  8
CUT
100
AcDbPolyline
 90
8
 70
1
 10
25.901822761750857
 20
7.181748346167906
 10
25.67370960562072
 20
7.228422221382797
 10
25.748964071363414
 20
11.581366628468558
 10
25.75672467720673
 20
11.5797788344054
 10
25.7692360775043
 20
11.640914813000062
 10
25.90182276175086
 20
11.61378111662572
 10
25.88931271739771
 20
11.552651763747356
 10
25.89657294660706
 20
11.551166345074058
  0
LWPOLYLINE
  5
7A
330
17
100
AcDbEntity
  8
CUT
100
AcDbPolyline
 90
8
 70
1
 10
26.369935917880998
 20
7.181748346167906
 10
26.14182276175086
 20
7.228422221382797
 10
26.217077227493554
 20
11.581366628468558
 10
26.22483783333687
 20
11.5797788344054
 10
26.23734923363444
 20
11.640914813000062
 10
26.369935917881
 20
11.61378111662572
 10
26.357425873527852
 20
11.552651763747356
 10
26.3646861027372
 20
11.551166345074058
  0
LWPOLYLINE
  5
7B
330
17
100
AcDbEntity
  8
CUT
100
AcDbPolyline
 90
8
 70
1
 10
26.83804907401114
 20
7.181748346167906
 10
26.609935917881
 20
7.228422221382797
 10
26.685190383623695
 20
11.581366628468558
 10
26.69295098946701
 20
11.5797788344054
 10
26.70546238976458
 20
11.640914813000062
 10
26.838049074011142
 20
11.61378111662572
 10
26.825539029657993
 20
11.552651763747356
 10
26.83279925886734
 20
11.551166345074058
  0
LWPOLYLINE
  5
7C
330
17
100
AcDbEntity
  8
CUT
100
AcDbPolyline
 90
4
 70
1
 10
27.92901692178017
 20
7.181748346167906
 10
27.92901692178017
 20
10.102762125695465
 10
27.07804907401114
 20
10.102762125695465
 10
27.07804907401114
 20
7.181748346167906
  0
LWPOLYLINE
  5
7D
330
17
100
AcDbEntity
  8
CUT
100
AcDbPolyline
 90
4
 70
1
 10
29.0199847695492
 20
7.181748346167906
 10
29.0199847695492
 20
10.102762125695465
 10
28.16901692178017
 20
10.102762125695465
 10
28.16901692178017
 20
7.181748346167906
  0
LWPOLYLINE
  5
7E
330
17
100
AcDbEntity
  8
CUT
100
AcDbPolyline
 90
4
 70
1
 10
12.679050812969797
 20
7.421198260889994
 10
12.679050812969797
 20
8.178908234643275
 10
15.288285071903791
 20
8.178908234643275
 10
15.288285071903791
 20
7.421198260889994
  0
LWPOLYLINE
  5
7F
330
17
100
AcDbEntity
  8
CUT
100
AcDbPolyline
 90
4
 70
1
 10
15.222668274003528
 20
8.038406266139338
 10
14.988659641621187
 20
8.038406266139338
 10
14.988659641621187
 20
7.486815058790256
 10
15.222668274003528
 20
7.486815058790256
  0
LWPOLYLINE
  5
80
330
17
100
AcDbEntity
  8
CUT
100
AcDbPolyline
 90
4
 70
1
 10
14.923042843720925
 20
8.038406266139338
 10
14.662626177054259
 20
8.038406266139338
 10
14.662626177054259
 20
7.486815058790256
 10
14.923042843720925
 20
7.486815058790256
  0
LWPOLYLINE
  5
81
330
17
100
AcDbEntity
  8
CUT
100
AcDbPolyline
 90
4
 70
1
 10
14.326340087815414
 20
8.038406266139338
 10
14.326340087815414
 20
7.486815058790256
 10
14.597009379153997
 20
7.486815058790256
 10
14.597009379153997
 20
8.038406266139338
  0
LWPOLYLINE
  5
82
330
17
100
AcDbEntity
  8
CUT
100
AcDbPolyline
 90
4
 70
1
 10
14.026963447395467
 20
8.038406266139338
 10
14.026963447395467
 20
7.486815058790256
 10
14.260723289915152
 20
7.486815058790256
 10
14.260723289915152
 20
8.038406266139338
  0
LWPOLYLINE
  5
83
330
17
100
AcDbEntity
  8
CUT
100
AcDbPolyline
 90
4
 70
1
 10
13.832163578629062
 20
8.038406266139338
 10
13.832163578629062
 20
7.486815058790256
 10
13.961346649495203
 20
7.486815058790256
 10
13.961346649495203
 20
8.038406266139338
  0
LWPOLYLINE
  5
84
330
17
100
AcDbEntity
  8
CUT
100
AcDbPolyline
 90
4
 70
1
 10
13.7665467807288
 20
8.038406266139338
 10
13.63941423479704
 20
8.038406266139338
 10
13.63941423479704
 20
7.486815058790256
 10
13.7665467807288
 20
7.486815058790256
  0
LWPOLYLINE
  5
85
330
17
100
AcDbEntity
  8
CUT
100
AcDbPolyline
 90
4
 70
1
 10
13.573797436896777
 20
8.038406266139338
 10
13.391300717736673
 20
8.038406266139338
 10
13.391300717736673
 20
7.486815058790256
 10
13.573797436896777
 20
7.486815058790256
  0
LWPOLYLINE
  5
86
330
17
100
AcDbEntity
  8
CUT
100
AcDbPolyline
 90
4
 70
1
 10
13.196500848970269
 20
8.038406266139338
 10
13.196500848970269
 20
7.486815058790256
 10
13.325683919836411
 20
7.486815058790256
 10
13.325683919836411
 20
8.038406266139338
  0
LWPOLYLINE
  5
87
330
17
100
AcDbEntity
  8
CUT
100
AcDbPolyline
 90
4
 70
1
 10
13.001700980203863
 20
8.038406266139338
 10
13.001700980203863
 20
7.486815058790256
 10
13.130884051070007
 20
7.486815058790256
 10
13.130884051070007
 20
8.038406266139338
  0
LWPOLYLINE
  5
88
330
17
100
AcDbEntity
  8
CUT
100
AcDbPolyline
 90
4
 70
1
 10
12.744667610870058
 20
8.038406266139338
 10
12.744667610870058
 20
7.486815058790256
 10
12.9360841823036
 20
7.486815058790256
 10
12.9360841823036
 20
8.038406266139338
  0
LWPOLYLINE
  5
89
330
17
100
AcDbEntity
  8
CUT
100
AcDbPolyline
 90
4
 70
1
 10
15.724207031916508
 20
9.790817026182104
 10
15.555312338022535
 20
7.331198260889994
 10
15.462092397728652
 20
7.331198260889994
 10
15.438285071903792
 20
9.790817026182104
  0
LWPOLYLINE
  5
8A
330
17
100
AcDbEntity
  8
CUT
100
AcDbPolyline
 90
4
 70
1
 10
16.72191700566979
 20
9.713908234643274
 10
15.964207031916509
 20
9.713908234643274
 10
15.964207031916509
 20
7.331198260889994
 10
16.72191700566979
 20
7.331198260889994
  0
LWPOLYLINE
  5
8B
330
17
100
AcDbEntity
  8
CUT
100
AcDbPolyline
 90
4
 70
1
 10
18.224443592062237
 20
7.762787893700789
 10
18.224443592062237
 20
8.52049786745407
 10
20.589026508600856
 20
8.52049786745407
 10
20.589026508600856
 20
7.762787893700789
  0
LWPOLYLINE
  5
8C
330
17
100
AcDbEntity
  8
CUT
100
AcDbPolyline
 90
4
 70
1
 10
20.203426128697473
 20
8.379995898950133
 10
20.203426128697473
 20
7.828404691601052
 10
20.498701719248654
 20
7.828404691601052
 10
20.498701719248654
 20
8.379995898950133
  0
LWPOLYLINE
  5
8D
330
17
100
AcDbEntity
  8
CUT
100
AcDbPolyline
 90
4
 70
1
 10
19.848685315049178
 20
8.379995898950133
 10
19.848685315049178
 20
7.828404691601052
 10
20.13780933079721
 20
7.828404691601052
 10
20.13780933079721
 20
8.379995898950133
  0
LWPOLYLINE
  5
8E
330
17
100
AcDbEntity
  8
CUT
100
AcDbPolyline
 90
4
 70
1
 10
19.514449750744717
 20
8.379995898950133
 10
19.514449750744717
 20
7.828404691601052
 10
19.783068517148916
 20
7.828404691601052
 10
19.783068517148916
 20
8.379995898950133
  0
LWPOLYLINE
  5
8F
330
17
100
AcDbEntity
  8
CUT
100
AcDbPolyline
 90
4
 70
1
 10
19.159708937096422
 20
8.379995898950133
 10
19.159708937096422
 20
7.828404691601052
 10
19.448832952844455
 20
7.828404691601052
 10
19.448832952844455
 20
8.379995898950133
  0
LWPOLYLINE
  5
90
330
17
100
AcDbEntity
  8
CUT
100
AcDbPolyline
 90
4
 70
1
 10
18.807018648382513
 20
8.379995898950133
 10
18.807018648382513
 20
7.828404691601052
 10
19.09409213919616
 20
7.828404691601052
 10
19.09409213919616
 20
8.379995898950133
  0
LWPOLYLINE
  5
91
330
17
100
AcDbEntity
  8
CUT
100
AcDbPolyline
 90
4
 70
1
 10
18.480985183815584
 20
8.379995898950133
 10
18.480985183815584
 20
7.828404691601052
 10
18.74140185048225
 20
7.828404691601052
 10
18.74140185048225
 20
8.379995898950133
  0
LWPOLYLINE
  5
92
330
17
100
AcDbEntity
  8
CUT
100
AcDbPolyline
 90
4
 70
1
 10
18.2900603899625
 20
7.828404691601052
 10
18.415368385915322
 20
7.828404691601052
 10
18.415368385915322
 20
8.379995898950133
 10
18.2900603899625
 20
8.379995898950133
  0
LWPOLYLINE
  5
93
330
17
100
AcDbEntity
  8
CUT
100
AcDbPolyline
 90
8
 70
1
 10
20.739028628474244
 20
7.762787893700789
 10
20.739026508600855
 20
8.353349723910538
 10
22.830762051970968
 20
8.150078703965091
 10
22.830762015558598
 20
8.07293941243633
 10
22.893263089074146
 20
8.072940252739809
 10
22.89326621647723
 20
7.840326613731675
 10
22.830761905757036
 20
7.8403257733846745
 10
22.830761869156515
 20
7.762787893700789
  0
LWPOLYLINE
  5
94
330
17
100
AcDbEntity
  8
CUT
100
AcDbPolyline
 90
8
 70
1
 10
14.83324372197639
 20
8.675447312965776
 10
14.770743455796193
 20
8.675455836541765
 10
14.770732401386926
 20
8.592441831436123
 10
12.679050812969797
 20
8.418908234643276
 10
12.679050812969797
 20
9.009160326299986
 10
14.770787854962025
 20
9.008875062240861
 10
14.770776755170568
 20
8.925520255816087
 10
14.833277824920412
 20
8.925511732130511
  0
LWPOLYLINE
  5
95
330
17
100
AcDbEntity
  8
CUT
100
AcDbPolyline
 90
8
 70
1
 10
22.893219417607447
 20
8.849888802233039
 10
22.830719151427253
 20
8.849897325809028
 10
22.830708097017983
 20
8.766883320703386
 10
20.739026508600855
 20
8.593349723910539
 10
20.739026508600855
 20
9.183601815567249
 10
22.830763550593083
 20
9.183316551508124
 10
22.830752450801626
 20
9.09996174508335
 10
22.893253520551472
 20
9.099953221397774
  0
LWPOLYLINE
  5
96
330
17
100
AcDbEntity
  8
CUT
100
AcDbPolyline
 90
9
 70
1
 10
14.983277824920412
 20
8.346243458651745
 10
15.063741995689195
 20
10.085218352019169
 10
15.07387991971265
 20
10.083481325589796
 10
15.084380183672506
 20
10.14499947645169
 10
15.185444812177833
 20
10.12774919728298
 10
15.174933589839329
 20
10.066166844302591
 10
15.18505693013058
 20
10.064432316642021
 10
15.185444812177833
 20
8.33055844069206
 10
15.084344466203428
 20
8.328908234643276
  0
LWPOLYLINE
  5
97
330
17
100
AcDbEntity
  8
CUT
100
AcDbPolyline
 90
9
 70
1
 10
16.96191700566979
 20
8.68090785881963
 10
17.04238117643857
 20
10.419882752187053
 10
17.05251910046203
 20
10.41814572575768
 10
17.063019364421883
 20
10.479663876619576
 10
17.16408399292721
 20
10.462413597450865
 10
17.153572770588706
 20
10.400831244470476
 10
17.163696110879958
 20
10.399096716809906
 10
17.16408399292721
 20
8.665222840859945
 10
17.062983646952805
 20
8.66357263481116
  0
LWPOLYLINE
  5
98
330
17
100
AcDbEntity
  8
CUT
100
AcDbPolyline
 90
9
 70
1
 10
17.40408399292721
 20
8.68090785881963
 10
17.48454816369599
 20
10.419882752187053
 10
17.494686087719447
 20
10.41814572575768
 10
17.505186351679303
 20
10.479663876619576
 10
17.60625098018463
 20
10.462413597450865
 10
17.595739757846125
 20
10.400831244470476
 10
17.605863098137377
 20
10.399096716809906
 10
17.60625098018463
 20
8.665222840859945
 10
17.505150634210224
 20
8.66357263481116
  0
LWPOLYLINE
  5
99
330
17
100
AcDbEntity
  8
CUT
100
AcDbPolyline
 90
9
 70
1
 10
17.863586204193098
 20
8.962664854711491
 10
19.60256109756052
 20
8.882200683942708
 10
19.600824071131147
 20
8.872062759919253
 10
19.662342221993043
 20
8.861562495959397
 10
19.645091942824333
 20
8.76049786745407
 10
19.583509589843946
 20
8.771009089792575
 10
19.581775062183375
 20
8.760885749501323
 10
17.84790118623341
 20
8.76049786745407
 10
17.846250980184628
 20
8.861598213428476
  0
LWPOLYLINE
  5
9A
330
17
100
AcDbEntity
  8
CUT
100
AcDbPolyline
 90
9
 70
1
 10
19.812342221993042
 20
8.68783309146254
 10
19.892806392761823
 20
10.426807984829964
 10
19.90294431678528
 20
10.42507095840059
 10
19.913444580745136
 20
10.486589109262486
 10
20.014509209250463
 20
10.469338830093776
 10
20.00399798691196
 20
10.407756477113386
 10
20.01412132720321
 20
10.406021949452816
 10
20.014509209250463
 20
8.672148073502855
 10
19.913408863276057
 20
8.67049786745407
  0
LWPOLYLINE
  5
9B
330
17
100
AcDbEntity
  8
CUT
100
AcDbPolyline
 90
9
 70
1
 10
20.25450920925046
 20
8.68783309146254
 10
20.334973380019242
 20
10.426807984829964
 10
20.3451113040427
 20
10.42507095840059
 10
20.355611568002555
 20
10.486589109262486
 10
20.456676196507882
 20
10.469338830093776
 10
20.446164974169378
 20
10.407756477113386
 10
20.45628831446063
 20
10.406021949452816
 10
20.456676196507882
 20
8.672148073502855
 10
20.355575850533477
 20
8.67049786745407
  0
LWPOLYLINE
  5
9C
330
17
100
AcDbEntity
  8
CUT
100
AcDbPolyline
 90
9
 70
1
 10
17.863586204193098
 20
9.404831841968912
 10
19.60256109756052
 20
9.324367671200129
 10
19.600824071131147
 20
9.314229747176674
 10
19.662342221993043
 20
9.303729483216818
 10
19.645091942824333
 20
9.202664854711491
 10
19.583509589843946
 20
9.213176077049996
 10
19.581775062183375
 20
9.203052736758744
 10
17.84790118623341
 20
9.202664854711491
 10
17.846250980184628
 20
9.303765200685897
  0
LWPOLYLINE
  5
9D
330
17
100
AcDbEntity
  8
CUT
100
AcDbPolyline
 90
9
 70
1
 10
12.696386036978266
 20
9.451327313557405
 10
14.43536093034569
 20
9.370863142788622
 10
14.433623903916317
 20
9.360725218765166
 10
14.495142054778212
 20
9.350224954805311
 10
14.477891775609502
 20
9.249160326299984
 10
14.416309422629112
 20
9.259671548638488
 10
14.414574894968542
 20
9.249548208347237
 10
12.680701019018581
 20
9.249160326299984
 10
12.679050812969797
 20
9.35026067227439
  0
LWPOLYLINE
  5
9E
330
17
100
AcDbEntity
  8
CUT
100
AcDbPolyline
 90
9
 70
1
 10
20.71401142051635
 20
9.62576880282467
 10
22.452986313883773
 20
9.545304632055887
 10
22.4512492874544
 20
9.535166708032431
 10
22.512767438316295
 20
9.524666444072576
 10
22.495517159147585
 20
9.423601815567249
 10
22.433934806167198
 20
9.434113037905753
 10
22.432200278506627
 20
9.423989697614502
 10
20.698326402556663
 20
9.423601815567249
 10
20.69667619650788
 20
9.524702161541654
  0
LWPOLYLINE
  5
9F
330
17
100
AcDbEntity
  8
CUT
100
AcDbPolyline
 90
9
 70
1
 10
22.662767438316294
 20
9.350937039575719
 10
22.743231609085075
 20
11.089911932943142
 10
22.753369533108533
 20
11.08817490651377
 10
22.763869797068388
 20
11.149693057375664
 10
22.864934425573715
 20
11.132442778206954
 10
22.85442320323521
 20
11.070860425226565
 10
22.864546543526462
 20
11.069125897565995
 10
22.864934425573715
 20
9.335252021616034
 10
22.76383407959931
 20
9.333601815567249
  0
LWPOLYLINE
  5
A0
330
17
100
AcDbEntity
  8
CUT
100
AcDbPolyline
 90
9
 70
1
 10
17.863586204193098
 20
9.846998829226333
 10
19.60256109756052
 20
9.76653465845755
 10
19.600824071131147
 20
9.756396734434094
 10
19.662342221993043
 20
9.74589647047424
 10
19.645091942824333
 20
9.644831841968912
 10
19.583509589843946
 20
9.655343064307417
 10
19.581775062183375
 20
9.645219724016165
 10
17.84790118623341
 20
9.644831841968912
 10
17.846250980184628
 20
9.745932187943318
  0
LWPOLYLINE
  5
A1
330
17
100
AcDbEntity
  8
CUT
100
AcDbPolyline
 90
9
 70
1
 10
12.696386036978266
 20
9.893494300814826
 10
14.43536093034569
 20
9.813030130046043
 10
14.433623903916317
 20
9.802892206022587
 10
14.495142054778212
 20
9.792391942062732
 10
14.477891775609502
 20
9.691327313557405
 10
14.416309422629112
 20
9.70183853589591
 10
14.414574894968542
 20
9.691715195604658
 10
12.680701019018581
 20
9.691327313557405
 10
12.679050812969797
 20
9.79242765953181
  0
LWPOLYLINE
  5
A2
330
17
100
AcDbEntity
  8
CUT
100
AcDbPolyline
 90
5
 70
1
 10
22.34206877116938
 20
9.867752799128647
 10
20.69667619650788
 20
9.86576880282467
 10
20.69667619650788
 20
10.456330633038224
 10
22.318736473277102
 20
10.29869591572225
 10
22.31874072023981
 20
9.867752569229838
  0
LWPOLYLINE
  5
A3
330
17
100
AcDbEntity
  8
CUT
100
AcDbPolyline
 90
8
 70
1
 10
16.554779484237955
 20
9.863914509187227
 10
15.964207031916509
 20
9.863908234643274
 10
16.106698623826578
 20
11.330230406029186
 10
16.195995888288497
 20
11.330230974475699
 10
16.195994225230237
 20
11.392732782043192
 10
16.465081922047396
 20
11.392739941972378
 10
16.46508358525059
 20
11.330232687428094
 10
16.554779484237955
 20
11.330233258412225
  0
LWPOLYLINE
  5
A4
330
17
100
AcDbEntity
  8
CUT
100
AcDbPolyline
 90
8
 70
1
 10
17.84625725472858
 20
10.086998829226333
 10
17.846250980184628
 20
10.67757128154778
 10
19.31257315157054
 20
10.535079689637712
 10
19.312573720017053
 20
10.445782425175793
 10
19.375075527584546
 20
10.445784088234051
 10
19.375082687513732
 20
10.176696391416892
 10
19.312575432969446
 20
10.176694728213699
 10
19.312576003953577
 20
10.086998829226335
  0
LWPOLYLINE
  5
A5
330
17
100
AcDbEntity
  8
CUT
100
AcDbPolyline
 90
8
 70
1
 10
14.20782576787497
 20
10.348567086342968
 10
14.145323992679103
 20
10.348575042624217
 10
14.145313876825242
 20
10.25515911806926
 10
12.679050812969797
 20
10.133494300814826
 10
12.679050812969797
 20
10.72378123489922
 10
14.145364603719628
 20
10.723602000233477
 10
14.145354450959497
 20
10.629845260831162
 10
14.207861572697333
 20
10.629837303869314
  0
LWPOLYLINE
  5
A6
330
17
100
AcDbEntity
  8
CUT
100
AcDbPolyline
 90
4
 70
1
 10
28.5236691527513
 20
10.342762125695465
 10
28.5236691527513
 20
10.905672230682342
 10
27.07804907401114
 20
10.905672230682342
 10
27.07804907401114
 20
10.342762125695465
  0
LWPOLYLINE
  5
A7
330
17
100
AcDbEntity
  8
CUT
100
AcDbPolyline
 90
4
 70
1
 10
15.78297640209366
 20
10.38499947645169
 10
15.78297640209366
 20
11.14270945020497
 10
14.357861572697333
 20
11.14270945020497
 10
14.357861572697333
 20
10.38499947645169
  0
LWPOLYLINE
  5
A8
330
17
100
AcDbEntity
  8
CUT
100
AcDbPolyline
 90
4
 70
1
 10
22.121791025904205
 20
10.696330633038222
 10
22.121791025904205
 20
11.454040606791503
 10
20.69667619650788
 20
11.454040606791503
 10
20.69667619650788
 20
10.696330633038222
  0
LWPOLYLINE
  5
A9
330
17
100
AcDbEntity
  8
CUT
100
AcDbPolyline
 90
6
 70
1
 10
28.673669152751298
 20
10.252762125695465
 10
28.673669152751298
 20
11.606757377146034
 10
29.288950438662322
 20
11.606757377146034
 10
29.289031685560676
 20
11.62844644040974
 10
29.289031685560676
 20
10.284713058672118
 10
28.673669169789694
 20
10.284713058672118
  0
LWPOLYLINE
  5
AA
330
17
100
AcDbEntity
  8
CUT
100
AcDbPolyline
 90
4
 70
1
 10
16.794779484237953
 20
10.91757128154778
 10
18.157394313634278
 20
10.91757128154778
 10
18.157394313634278
 20
12.055612620130457
 10
16.794779484237953
 20
12.055612620130457
  0
LWPOLYLINE
  5
AB
330
17
100
AcDbEntity
  8
CUT
100
AcDbPolyline
 90
4
 70
1
 10
18.30739431363428
 20
10.91757128154778
 10
19.670009143030605
 20
10.91757128154778
 10
19.670009143030605
 20
12.055612620130457
 10
18.30739431363428
 20
12.055612620130457
  0
LWPOLYLINE
  5
AC
330
17
100
AcDbEntity
  8
CUT
100
AcDbPolyline
 90
4
 70
1
 10
20.267963707388873
 20
11.958628872030749
 10
20.26771447085705
 20
10.636661420300097
 10
19.820009143030607
 20
10.636589109262486
 10
19.820046426944344
 20
11.958634384929326
  0
LWPOLYLINE
  5
AD
330
17
100
AcDbEntity
  8
CUT
100
AcDbPolyline
 90
4
 70
1
 10
13.98113414630313
 20
10.96378123489922
 10
13.98113414630313
 20
11.526691339886096
 10
12.679050812969797
 20
11.526691339886096
 10
12.679050812969797
 20
10.96378123489922
  0
LWPOLYLINE
  5
AE
330
17
100
AcDbEntity
  8
CUT
100
AcDbPolyline
 90
4
 70
1
 10
27.07804907401114
 20
11.145672230682342
 10
27.07804907401114
 20
11.903382204435623
 10
28.362292759366735
 20
11.903382204435623
 10
28.362292759366735
 20
11.145672230682342
  0
LWPOLYLINE
  5
AF
330
17
100
AcDbEntity
  8
CUT
100
AcDbPolyline
 90
4
 70
1
 10
27.963978180643448
 20
11.211289028582604
 10
28.296675961466473
 20
11.211289028582604
 10
28.296675961466473
 20
11.762880235931686
 10
27.963978180643448
 20
11.762880235931686
  0
LWPOLYLINE
  5
B0
330
17
100
AcDbEntity
  8
CUT
100
AcDbPolyline
 90
4
 70
1
 10
27.521064794816677
 20
11.211289028582604
 10
27.898361382743186
 20
11.211289028582604
 10
27.898361382743186
 20
11.762880235931686
 10
27.521064794816677
 20
11.762880235931686
  0
LWPOLYLINE
  5
B1
330
17
100
AcDbEntity
  8
CUT
100
AcDbPolyline
 90
4
 70
1
 10
27.455447996916416
 20
11.211289028582604
 10
27.455447996916416
 20
11.762880235931686
 10
27.143665871911402
 20
11.762880235931686
 10
27.143665871911402
 20
11.211289028582604
  0
LWPOLYLINE
  5
B2
330
17
100
AcDbEntity
  8
CUT
100
AcDbPolyline
 90
4
 70
1
 10
14.865222072812317
 20
11.38270945020497
 10
14.865222072812317
 20
11.945619555191847
 10
14.13113414630313
 20
11.945619555191847
 10
14.13113414630313
 20
11.38270945020497
  0
LWPOLYLINE
  5
B3
330
17
100
AcDbEntity
  8
CUT
100
AcDbPolyline
 90
4
 70
1
 10
15.015222072812318
 20
11.38270945020497
 10
15.015222072812318
 20
11.89335427092513
 10
15.63058458867109
 20
11.89335427092513
 10
15.63058458867109
 20
11.38270945020497
  0
LWPOLYLINE
  5
B4
330
17
100
AcDbEntity
  8
CUT
100
AcDbPolyline
 90
4
 70
1
 10
22.51686976606169
 20
11.58481176222153
 10
22.271791025904207
 20
11.58481176222153
 10
22.271791025904207
 20
11.299693057375665
 10
22.51686976606169
 20
11.299693057375665
  0
LWPOLYLINE
  5
B5
330
17
100
AcDbEntity
  8
CUT
100
AcDbPolyline
 90
4
 70
1
 10
22.998436475699453
 20
1.8377099737532812
 10
23.243515215856934
 20
1.8377099737532812
 10
23.243515215856934
 20
1.931733169214013
 10
22.998436475699453
 20
1.931733169214013
  0
LWPOLYLINE
  5
B6
330
17
100
AcDbEntity
  8
ENGRAVE
100
AcDbPolyline
 90
31
 70
0
 10
5.891546588252091
 20
3.724158621156727
 10
5.626308364555491
 20
3.724158621156727
 10
5.5242980900046526
 20
3.7649752910571492
 10
5.402086683280037
 20
3.86689208978719
 10
5.279875509205902
 20
4.091021562372175
 10
5.239069485102733
 20
4.2745448005399656
 10
5.239152604200709
 20
4.580303181875935
 10
5.341040509671445
 20
4.8046029970776765
 10
5.442896863144561
 20
4.906481291723837
 10
5.667110438820791
 20
5.028742613036362
 10
5.9526395050827094
 20
5.089882618229517
 10
6.584326181405201
 20
5.0898494022193965
 10
6.604831117863759
 20
5.0695490145089845
 10
6.747541182489387
 20
5.0695490145089845
 10
7.134714201935426
 20
4.988014261155863
 10
7.297704800396977
 20
4.926830325097447
 10
7.420207539295657
 20
4.845161897728753
 10
7.522052044602383
 20
4.7432894276931306
 10
7.603654335802936
 20
4.5803103172382045
 10
7.603654335802936
 20
4.315330089188981
 10
7.542426731430725
 20
4.111519207860048
 10
7.420195147413466
 20
3.907705239190133
 10
7.318207526385734
 20
3.8260696572050756
 10
7.155083376437346
 20
3.8260696572050756
 10
6.910547600060254
 20
4.0095930433454665
 10
6.788145337582015
 20
4.070692082278904
 10
6.5640539666470525
 20
4.070697250582292
 10
6.3805016533096035
 20
3.989085763876339
 10
6.217579355913217
 20
3.8668751769273406
 10
6.013757644488129
 20
3.764963945325696
 10
5.891546588252091
 20
3.724158621156727
  0
LWPOLYLINE
  5
B7
330
17
100
AcDbEntity
  8
ENGRAVE
100
AcDbPolyline
 90
4
 70
0
 10
6.99793116268887
 20
2.968519647863072
 10
6.88307906824147
 20
2.968519647863072
 10
6.88307906824147
 20
3.031019647863072
 10
6.997931213637217
 20
3.031019647863072
  0
LWPOLYLINE
  5
B8
330
17
100
AcDbEntity
  8
ENGRAVE
100
AcDbPolyline
 90
2
 70
0
 10
8.265031107054385
 20
6.327279490382757
 10
7.42029568994556
 20
6.327279490382757
  0
LWPOLYLINE
  5
B9
330
17
100
AcDbEntity
  8
ENGRAVE
100
AcDbPolyline
 90
2
 70
0
 10
7.4202959314536505
 20
6.389779490382757
 10
8.26442615238212
 20
6.389779490382757
  0
LWPOLYLINE
  5
BA
330
17
100
AcDbEntity
  8
ENGRAVE
100
AcDbPolyline
 90
5
 70
0
 10
5.595349409448819
 20
6.802919254162285
 10
5.595349409448819
 20
6.865419254162285
 10
6.329437335958007
 20
6.865419254162285
 10
6.329437335958007
 20
6.802919254162285
 10
5.595349409448819
 20
6.802919254162285
  0
LWPOLYLINE
  5
BB
330
17
100
AcDbEntity
  8
ENGRAVE
100
AcDbPolyline
 90
3
 70
0
 10
6.850249948428963
 20
1.725347895894568
 10
6.950643645809704
 20
1.725347895894568
 10
6.950643645809704
 20
0.7846109519593074
  0
LWPOLYLINE
  5
BC
330
17
100
AcDbEntity
  8
ENGRAVE
100
AcDbPolyline
 90
3
 70
0
 10
6.83929972489458
 20
1.8164283475441607
 10
6.839299861129979
 20
1.753928347544309
 10
5.062479209680219
 20
1.753924474490382
  0
LWPOLYLINE
  5
BD
330
17
100
AcDbEntity
  8
ENGRAVE
100
AcDbPolyline
 90
3
 70
0
 10
5.03787278246182
 20
1.8126488747014546
 10
5.037872774232011
 20
1.8164244208542497
 10
6.83929972489458
 20
1.8164283475441607
  0
LWPOLYLINE
  5
BE
330
17
100
AcDbEntity
  8
ENGRAVE
100
AcDbPolyline
 90
3
 70
0
 10
5.077550853018373
 20
1.81642834754416
 10
5.015050853018373
 20
1.81642834754416
 10
5.015050853018373
 20
3.2191758158420747
  0
LWPOLYLINE
  5
BF
330
17
100
AcDbEntity
  8
ENGRAVE
100
AcDbPolyline
 90
2
 70
0
 10
5.015050853018373
 20
3.393388414267271
 10
5.015050853018373
 20
4.734513742351261
  0
LWPOLYLINE
  5
C0
330
17
100
AcDbEntity
  8
ENGRAVE
100
AcDbPolyline
 90
2
 70
0
 10
5.015050853018373
 20
4.908726340776457
 10
5.015050853018373
 20
6.241649569122915
  0
LWPOLYLINE
  5
C1
330
17
100
AcDbEntity
  8
ENGRAVE
100
AcDbPolyline
 90
2
 70
0
 10
5.015050853018373
 20
6.415862167548111
 10
5.015050853018373
 20
7.746734870960184
  0
LWPOLYLINE
  5
C2
330
17
100
AcDbEntity
  8
ENGRAVE
100
AcDbPolyline
 90
2
 70
0
 10
5.015050853018373
 20
7.920947469385382
 10
5.015050853018373
 20
9.25387069773184
  0
LWPOLYLINE
  5
C3
330
17
100
AcDbEntity
  8
ENGRAVE
100
AcDbPolyline
 90
2
 70
0
 10
5.015050853018373
 20
9.428083296157036
 10
5.015050853018373
 20
10.761006524503493
  0
LWPOLYLINE
  5
C4
330
17
100
AcDbEntity
  8
ENGRAVE
100
AcDbPolyline
 90
2
 70
0
 10
5.015050853018373
 20
10.93521912292869
 10
5.015050853018373
 20
12.349979013696972
  0
LWPOLYLINE
  5
C5
330
17
100
AcDbEntity
  8
ENGRAVE
100
AcDbPolyline
 90
3
 70
0
 10
5.0624570092592345
 20
12.374758634019976
 10
5.077550853018373
 20
12.374758634019976
 10
5.077550853018373
 20
1.81642834754416
  0
LWPOLYLINE
  5
C6
330
17
100
AcDbEntity
  8
ENGRAVE
100
AcDbPolyline
 90
3
 70
0
 10
1.3097522965879271
 20
11.60270599956911
 10
1.3097522965879271
 20
5.8276280796216025
 10
0.524606299212599
 20
5.8276280796216025
  0
LWPOLYLINE
  5
C7
330
17
100
AcDbEntity
  8
ENGRAVE
100
AcDbPolyline
 90
2
 70
0
 10
0.524606299212599
 20
11.60270599956911
 10
1.3097522965879271
 20
11.60270599956911
  0
LWPOLYLINE
  5
C8
330
17
100
AcDbEntity
  8
ENGRAVE
100
AcDbPolyline
 90
2
 70
0
 10
12.439050812969796
 20
0.75
 10
12.439050812969796
 20
11.336921112429707
  0
LWPOLYLINE
  5
C9
330
17
100
AcDbEntity
  8
ENGRAVE
100
AcDbPolyline
 90
2
 70
0
 10
11.618840839216515
 20
1.1631899527991858
 10
11.618840839216515
 20
11.336921112429707
  0
LWPOLYLINE
  5
CA
330
17
100
AcDbEntity
  8
ENGRAVE
100
AcDbPolyline
 90
2
 70
0
 10
9.455537033442237
 20
0.7653064606832245
 10
9.455537033442237
 20
11.336921112429707
  0
LWPOLYLINE
  5
CB
330
17
100
AcDbEntity
  8
ENGRAVE
100
AcDbPolyline
 90
2
 70
0
 10
25.433709605620717
 20
0.75
 10
25.433709605620717
 20
6.787800665946929
  0
LWPOLYLINE
  5
CC
330
17
100
AcDbEntity
  8
ENGRAVE
100
AcDbPolyline
 90
2
 70
0
 10
24.80829950063384
 20
6.308293172273425
 10
24.80829950063384
 20
6.787800665946929
  0
LWPOLYLINE
  5
CD
330
17
100
AcDbEntity
  8
ENGRAVE
100
AcDbPolyline
 90
2
 70
0
 10
24.80829950063384
 20
6.787800665946929
 10
24.80829950063384
 20
11.308330286475815
  0
LWPOLYLINE
  5
CE
330
17
100
AcDbEntity
  8
ENGRAVE
100
AcDbPolyline
 90
5
 70
0
 10
28.948267257027723
 20
3.2162786608265277
 10
28.949516514784435
 20
3.1537911472333517
 10
27.81170253695594
 20
3.1310438357184527
 10
27.810453279199233
 20
3.1935313493116286
 10
28.948267257027723
 20
3.2162786608265277
  0
LWPOLYLINE
  5
CF
330
17
100
AcDbEntity
  8
ENGRAVE
100
AcDbPolyline
 90
5
 70
0
 10
28.900395437479254
 20
5.610813302454777
 10
28.901644695235966
 20
5.548325788861601
 10
27.763830717407473
 20
5.525578477346703
 10
27.76258145965076
 20
5.588065990939878
 10
28.900395437479254
 20
5.610813302454777
  0
LWPOLYLINE
  5
D0
330
17
100
AcDbEntity
  8
ENGRAVE
100
AcDbPolyline
 90
2
 70
0
 10
28.960105752307946
 20
0.7978511117037577
 10
29.13709081799991
 20
4.434034655556464
  0
LWPOLYLINE
  5
D1
330
17
100
AcDbEntity
  8
ENGRAVE
100
AcDbPolyline
 90
2
 70
0
 10
29.114897874541242
 20
1.4068942515520606
 10
29.08455087757127
 20
0.7834108488359418
  0
LWPOLYLINE
  5
D2
330
17
100
AcDbEntity
  8
ENGRAVE
100
AcDbPolyline
 90
3
 70
0
 10
29.232581507094046
 20
6.906061248401969
 10
26.99866138508896
 20
6.861375465970169
 10
26.9966519673953
 20
6.961829757583445
  0
LWPOLYLINE
  5
D3
330
17
100
AcDbEntity
  8
ENGRAVE
100
AcDbPolyline
 90
2
 70
0
 10
29.28892915929889
 20
10.284713058672118
 10
29.28892915929889
 20
11.606757377146034
  0
LWPOLYLINE
  5
D4
330
17
100
AcDbEntity
  8
ENGRAVE
100
AcDbPolyline
 90
2
 70
0
 10
15.015324599161897
 20
11.89335427092513
 10
15.015324599161897
 20
11.38270945020497
  0
LWPOLYLINE
  5
D5
330
17
100
AcDbEntity
  8
ENGRAVE
100
AcDbPolyline
 90
2
 70
0
 10
0.18
 20
19.58
 10
0.18
 20
19.88
  0
LWPOLYLINE
  5
D6
330
17
100
AcDbEntity
  8
ENGRAVE
100
AcDbPolyline
 90
3
 70
0
 10
0.09999999999999999
 20
19.779999999999998
 10
0.18
 20
19.88
 10
0.26
 20
19.779999999999998
  0
LWPOLYLINE
  5
D7
330
17
100
AcDbEntity
  8
ENGRAVE
100
AcDbPolyline
 90
2
 70
0
 10
0.1
 20
0.25
 10
0.4
 20
0.25
  0
LWPOLYLINE
  5
D8
330
17
100
AcDbEntity
  8
ENGRAVE
100
AcDbPolyline
 90
2
 70
0
 10
0.25
 20
0.1
 10
0.25
 20
0.4
  0
LWPOLYLINE
  5
D9
330
17
100
AcDbEntity
  8
NUMBERS
100
AcDbPolyline
 90
3
 70
0
 10
8.27049025823011
 20
7.569856871398811
 10
8.27049025823011
 20
7.52985687139881
 10
8.33049025823011
 20
7.52985687139881
  0
LWPOLYLINE
  5
DA
330
17
100
AcDbEntity
  8
NUMBERS
100
AcDbPolyline
 90
2
 70
0
 10
8.30049025823011
 20
7.52985687139881
 10
8.30049025823011
 20
7.559856871398811
  0
LWPOLYLINE
  5
DB
330
17
100
AcDbEntity
  8
NUMBERS
100
AcDbPolyline
 90
3
 70
0
 10
8.27049025823011
 20
7.585856871398811
 10
8.33049025823011
 20
7.585856871398811
 10
8.33049025823011
 20
7.62585687139881
  0
LWPOLYLINE
  5
DC
330
17
100
AcDbEntity
  8
NUMBERS
100
AcDbPolyline
 90
5
 70
0
 10
8.33049025823011
 20
7.64185687139881
 10
8.33049025823011
 20
7.681856871398811
 10
8.27049025823011
 20
7.681856871398811
 10
8.27049025823011
 20
7.64185687139881
 10
8.33049025823011
 20
7.64185687139881
  0
LWPOLYLINE
  5
DD
330
17
100
AcDbEntity
  8
NUMBERS
100
AcDbPolyline
 90
2
 70
0
 10
8.33049025823011
 20
7.64185687139881
 10
8.27049025823011
 20
7.681856871398811
  0
LWPOLYLINE
  5
DE
330
17
100
AcDbEntity
  8
NUMBERS
100
AcDbPolyline
 90
5
 70
0
 10
8.33049025823011
 20
7.697856871398811
 10
8.33049025823011
 20
7.73785687139881
 10
8.27049025823011
 20
7.73785687139881
 10
8.27049025823011
 20
7.697856871398811
 10
8.33049025823011
 20
7.697856871398811
  0
LWPOLYLINE
  5
DF
330
17
100
AcDbEntity
  8
NUMBERS
100
AcDbPolyline
 90
2
 70
0
 10
8.33049025823011
 20
7.697856871398811
 10
8.27049025823011
 20
7.73785687139881
  0
LWPOLYLINE
  5
E0
330
17
100
AcDbEntity
  8
NUMBERS
100
AcDbPolyline
 90
3
 70
0
 10
8.28049025823011
 20
7.76385687139881
 10
8.27049025823011
 20
7.773856871398809
 10
8.33049025823011
 20
7.773856871398809
  0
LWPOLYLINE
  5
E1
330
17
100
AcDbEntity
  8
NUMBERS
100
AcDbPolyline
 90
2
 70
0
 10
8.33049025823011
 20
7.76385687139881
 10
8.33049025823011
 20
7.783856871398809
  0
LWPOLYLINE
  5
E2
330
17
100
AcDbEntity
  8
NUMBERS
100
AcDbPolyline
 90
6
 70
0
 10
9.05240608502038
 20
1.5970033090237976
 10
9.05240608502038
 20
1.5570033090237967
 10
9.08240608502038
 20
1.5570033090237967
 10
9.08240608502038
 20
1.5970033090237976
 10
9.11240608502038
 20
1.5970033090237976
 10
9.11240608502038
 20
1.5570033090237967
  0
LWPOLYLINE
  5
E3
330
17
100
AcDbEntity
  8
NUMBERS
100
AcDbPolyline
 90
2
 70
0
 10
9.05240608502038
 20
1.6130033090237976
 10
9.05240608502038
 20
1.6530033090237968
  0
LWPOLYLINE
  5
E4
330
17
100
AcDbEntity
  8
NUMBERS
100
AcDbPolyline
 90
2
 70
0
 10
9.05240608502038
 20
1.6330033090237972
 10
9.11240608502038
 20
1.6330033090237972
  0
LWPOLYLINE
  5
E5
330
17
100
AcDbEntity
  8
NUMBERS
100
AcDbPolyline
 90
5
 70
0
 10
9.11240608502038
 20
1.6690033090237968
 10
9.11240608502038
 20
1.709003309023796
 10
9.05240608502038
 20
1.709003309023796
 10
9.05240608502038
 20
1.6690033090237968
 10
9.11240608502038
 20
1.6690033090237968
  0
LWPOLYLINE
  5
E6
330
17
100
AcDbEntity
  8
NUMBERS
100
AcDbPolyline
 90
2
 70
0
 10
9.11240608502038
 20
1.6690033090237968
 10
9.05240608502038
 20
1.709003309023796
  0
LWPOLYLINE
  5
E7
330
17
100
AcDbEntity
  8
NUMBERS
100
AcDbPolyline
 90
7
 70
0
 10
9.062406085020381
 20
1.725003309023796
 10
9.05240608502038
 20
1.7350033090237975
 10
9.05240608502038
 20
1.755003309023797
 10
9.062406085020381
 20
1.7650033090237969
 10
9.07240608502038
 20
1.7650033090237969
 10
9.11240608502038
 20
1.725003309023796
 10
9.11240608502038
 20
1.7650033090237969
  0
LWPOLYLINE
  5
E8
330
17
100
AcDbEntity
  8
NUMBERS
100
AcDbPolyline
 90
5
 70
0
 10
9.11240608502038
 20
1.7810033090237969
 10
9.11240608502038
 20
1.8210033090237978
 10
9.05240608502038
 20
1.8210033090237978
 10
9.05240608502038
 20
1.7810033090237969
 10
9.11240608502038
 20
1.7810033090237969
  0
LWPOLYLINE
  5
E9
330
17
100
AcDbEntity
  8
NUMBERS
100
AcDbPolyline
 90
2
 70
0
 10
9.11240608502038
 20
1.7810033090237969
 10
9.05240608502038
 20
1.8210033090237978
  0
LWPOLYLINE
  5
EA
330
17
100
AcDbEntity
  8
NUMBERS
100
AcDbPolyline
 90
6
 70
0
 10
12.343050812969796
 20
0.826
 10
12.343050812969796
 20
0.786
 10
12.373050812969796
 20
0.786
 10
12.373050812969796
 20
0.826
 10
12.403050812969797
 20
0.826
 10
12.403050812969797
 20
0.786
  0
LWPOLYLINE
  5
EB
330
17
100
AcDbEntity
  8
NUMBERS
100
AcDbPolyline
 90
2
 70
0
 10
12.343050812969796
 20
0.842
 10
12.343050812969796
 20
0.882
  0
LWPOLYLINE
  5
EC
330
17
100
AcDbEntity
  8
NUMBERS
100
AcDbPolyline
 90
2
 70
0
 10
12.343050812969796
 20
0.862
 10
12.403050812969797
 20
0.862
  0
LWPOLYLINE
  5
ED
330
17
100
AcDbEntity
  8
NUMBERS
100
AcDbPolyline
 90
5
 70
0
 10
12.403050812969797
 20
0.898
 10
12.403050812969797
 20
0.9380000000000001
 10
12.343050812969796
 20
0.9380000000000001
 10
12.343050812969796
 20
0.898
 10
12.403050812969797
 20
0.898
  0
LWPOLYLINE
  5
EE
330
17
100
AcDbEntity
  8
NUMBERS
100
AcDbPolyline
 90
2
 70
0
 10
12.403050812969797
 20
0.898
 10
12.343050812969796
 20
0.9380000000000001
  0
LWPOLYLINE
  5
EF
330
17
100
AcDbEntity
  8
NUMBERS
100
AcDbPolyline
 90
5
 70
0
 10
12.403050812969797
 20
0.954
 10
12.403050812969797
 20
0.994
 10
12.343050812969796
 20
0.994
 10
12.343050812969796
 20
0.954
 10
12.403050812969797
 20
0.954
  0
LWPOLYLINE
  5
F0
330
17
100
AcDbEntity
  8
NUMBERS
100
AcDbPolyline
 90
2
 70
0
 10
12.403050812969797
 20
0.954
 10
12.343050812969796
 20
0.994
  0
LWPOLYLINE
  5
F1
330
17
100
AcDbEntity
  8
NUMBERS
100
AcDbPolyline
 90
8
 70
0
 10
12.343050812969796
 20
1.05
 10
12.343050812969796
 20
1.01
 10
12.368050812969797
 20
1.01
 10
12.368050812969797
 20
1.04
 10
12.378050812969796
 20
1.05
 10
12.393050812969797
 20
1.05
 10
12.403050812969797
 20
1.04
 10
12.403050812969797
 20
1.01
  0
LWPOLYLINE
  5
F2
330
17
100
AcDbEntity
  8
NUMBERS
100
AcDbPolyline
 90
6
 70
0
 10
12.755050812969797
 20
0.9359999999999999
 10
12.715050812969796
 20
0.9359999999999999
 10
12.715050812969796
 20
0.906
 10
12.755050812969797
 20
0.906
 10
12.755050812969797
 20
0.876
 10
12.715050812969796
 20
0.876
  0
LWPOLYLINE
  5
F3
330
17
100
AcDbEntity
  8
NUMBERS
100
AcDbPolyline
 90
2
 70
0
 10
12.771050812969797
 20
0.9359999999999999
 10
12.811050812969796
 20
0.9359999999999999
  0
LWPOLYLINE
  5
F4
330
17
100
AcDbEntity
  8
NUMBERS
100
AcDbPolyline
 90
2
 70
0
 10
12.791050812969797
 20
0.9359999999999999
 10
12.791050812969797
 20
0.876
  0
LWPOLYLINE
  5
F5
330
17
100
AcDbEntity
  8
NUMBERS
100
AcDbPolyline
 90
5
 70
0
 10
12.827050812969796
 20
0.876
 10
12.867050812969797
 20
0.876
 10
12.867050812969797
 20
0.9359999999999999
 10
12.827050812969796
 20
0.9359999999999999
 10
12.827050812969796
 20
0.876
  0
LWPOLYLINE
  5
F6
330
17
100
AcDbEntity
  8
NUMBERS
100
AcDbPolyline
 90
2
 70
0
 10
12.827050812969796
 20
0.876
 10
12.867050812969797
 20
0.9359999999999999
  0
LWPOLYLINE
  5
F7
330
17
100
AcDbEntity
  8
NUMBERS
100
AcDbPolyline
 90
5
 70
0
 10
12.883050812969797
 20
0.876
 10
12.923050812969796
 20
0.876
 10
12.923050812969796
 20
0.9359999999999999
 10
12.883050812969797
 20
0.9359999999999999
 10
12.883050812969797
 20
0.876
  0
LWPOLYLINE
  5
F8
330
17
100
AcDbEntity
  8
NUMBERS
100
AcDbPolyline
 90
2
 70
0
 10
12.883050812969797
 20
0.876
 10
12.923050812969796
 20
0.9359999999999999
  0
LWPOLYLINE
  5
F9
330
17
100
AcDbEntity
  8
NUMBERS
100
AcDbPolyline
 90
3
 70
0
 10
12.949050812969796
 20
0.9259999999999999
 10
12.959050812969796
 20
0.9359999999999999
 10
12.959050812969796
 20
0.876
  0
LWPOLYLINE
  5
FA
330
17
100
AcDbEntity
  8
NUMBERS
100
AcDbPolyline
 90
2
 70
0
 10
12.949050812969796
 20
0.876
 10
12.969050812969796
 20
0.876
  0
LWPOLYLINE
  5
FB
330
17
100
AcDbEntity
  8
NUMBERS
100
AcDbPolyline
 90
6
 70
0
 10
24.837381521631215
 20
0.826
 10
24.837381521631215
 20
0.786
 10
24.897381521631218
 20
0.786
 10
24.897381521631218
 20
0.826
 10
24.867381521631216
 20
0.826
 10
24.867381521631216
 20
0.806
  0
LWPOLYLINE
  5
FC
330
17
100
AcDbEntity
  8
NUMBERS
100
AcDbPolyline
 90
3
 70
0
 10
24.837381521631215
 20
0.842
 10
24.897381521631218
 20
0.842
 10
24.897381521631218
 20
0.882
  0
LWPOLYLINE
  5
FD
330
17
100
AcDbEntity
  8
NUMBERS
100
AcDbPolyline
 90
5
 70
0
 10
24.897381521631218
 20
0.898
 10
24.897381521631218
 20
0.938
 10
24.837381521631215
 20
0.938
 10
24.837381521631215
 20
0.898
 10
24.897381521631218
 20
0.898
  0
LWPOLYLINE
  5
FE
330
17
100
AcDbEntity
  8
NUMBERS
100
AcDbPolyline
 90
2
 70
0
 10
24.897381521631218
 20
0.898
 10
24.837381521631215
 20
0.938
  0
LWPOLYLINE
  5
FF
330
17
100
AcDbEntity
  8
NUMBERS
100
AcDbPolyline
 90
5
 70
0
 10
24.897381521631218
 20
0.954
 10
24.897381521631218
 20
0.994
 10
24.837381521631215
 20
0.994
 10
24.837381521631215
 20
0.954
 10
24.897381521631218
 20
0.954
  0
LWPOLYLINE
  5
100
330
17
100
AcDbEntity
  8
NUMBERS
100
AcDbPolyline
 90
2
 70
0
 10
24.897381521631218
 20
0.954
 10
24.837381521631215
 20
0.994
  0
LWPOLYLINE
  5
101
330
17
100
AcDbEntity
  8
NUMBERS
100
AcDbPolyline
 90
4
 70
0
 10
24.897381521631218
 20
1.04
 10
24.837381521631215
 20
1.04
 10
24.877381521631218
 20
1.01
 10
24.877381521631218
 20
1.05
  0
LWPOLYLINE
  5
102
330
17
100
AcDbEntity
  8
NUMBERS
100
AcDbPolyline
 90
3
 70
0
 10
28.839164088224464
 20
1.267943843500478
 10
28.839963613188758
 20
1.2279518348008456
 10
28.899951626238206
 20
1.2291511222472873
  0
LWPOLYLINE
  5
103
330
17
100
AcDbEntity
  8
NUMBERS
100
AcDbPolyline
 90
2
 70
0
 10
28.86995761971348
 20
1.2285514785240665
 10
28.869357975990262
 20
1.2585454850487907
  0
LWPOLYLINE
  5
104
330
17
100
AcDbEntity
  8
NUMBERS
100
AcDbPolyline
 90
3
 70
0
 10
28.838844278238746
 20
1.283940646980331
 10
28.898832291288194
 20
1.2851399344267724
 10
28.8980327663239
 20
1.3251319431264048
  0
LWPOLYLINE
  5
105
330
17
100
AcDbEntity
  8
NUMBERS
100
AcDbPolyline
 90
5
 70
0
 10
28.897712956338182
 20
1.341128746606258
 10
28.89691343137389
 20
1.3811207553058904
 10
28.83692541832444
 20
1.3799214678594485
 10
28.837724943288734
 20
1.339929459159816
 10
28.897712956338182
 20
1.341128746606258
  0
LWPOLYLINE
  5
106
330
17
100
AcDbEntity
  8
NUMBERS
100
AcDbPolyline
 90
2
 70
0
 10
28.897712956338182
 20
1.341128746606258
 10
28.83692541832444
 20
1.3799214678594485
  0
LWPOLYLINE
  5
107
330
17
100
AcDbEntity
  8
NUMBERS
100
AcDbPolyline
 90
5
 70
0
 10
28.89659362138817
 20
1.3971175587857432
 10
28.895794096423877
 20
1.4371095674853755
 10
28.83580608337443
 20
1.4359102800389338
 10
28.836605608338722
 20
1.3959182713393015
 10
28.89659362138817
 20
1.3971175587857432
  0
LWPOLYLINE
  5
108
330
17
100
AcDbEntity
  8
NUMBERS
100
AcDbPolyline
 90
2
 70
0
 10
28.89659362138817
 20
1.3971175587857432
 10
28.83580608337443
 20
1.4359102800389338
  0
LWPOLYLINE
  5
109
330
17
100
AcDbEntity
  8
NUMBERS
100
AcDbPolyline
 90
7
 70
0
 10
28.845484275563617
 20
1.4521069647598603
 10
28.835286392147637
 20
1.4619050856936948
 10
28.83488662966549
 20
1.481901090043511
 10
28.84468475059932
 20
1.4920989734594927
 10
28.85468275277423
 20
1.4922988547005662
 10
28.89547428643816
 20
1.4531063709652283
 10
28.894674761473865
 20
1.4930983796648607
  0
LWPOLYLINE
  5
10A
330
17
100
AcDbEntity
  8
NUMBERS
100
AcDbPolyline
 90
4
 70
0
 10
12.755050812969797
 20
2.1181993110236226
 10
12.715050812969796
 20
2.1181993110236226
 10
12.715050812969796
 20
2.0581993110236225
 10
12.755050812969797
 20
2.0581993110236225
  0
LWPOLYLINE
  5
10B
330
17
100
AcDbEntity
  8
NUMBERS
100
AcDbPolyline
 90
2
 70
0
 10
12.781050812969795
 20
2.0581993110236225
 10
12.801050812969796
 20
2.0581993110236225
  0
LWPOLYLINE
  5
10C
330
17
100
AcDbEntity
  8
NUMBERS
100
AcDbPolyline
 90
2
 70
0
 10
12.791050812969797
 20
2.0581993110236225
 10
12.791050812969797
 20
2.1181993110236226
  0
LWPOLYLINE
  5
10D
330
17
100
AcDbEntity
  8
NUMBERS
100
AcDbPolyline
 90
2
 70
0
 10
12.781050812969795
 20
2.1181993110236226
 10
12.801050812969796
 20
2.1181993110236226
  0
LWPOLYLINE
  5
10E
330
17
100
AcDbEntity
  8
NUMBERS
100
AcDbPolyline
 90
5
 70
0
 10
12.827050812969798
 20
2.0581993110236225
 10
12.867050812969797
 20
2.0581993110236225
 10
12.867050812969797
 20
2.1181993110236226
 10
12.827050812969798
 20
2.1181993110236226
 10
12.827050812969798
 20
2.0581993110236225
  0
LWPOLYLINE
  5
10F
330
17
100
AcDbEntity
  8
NUMBERS
100
AcDbPolyline
 90
2
 70
0
 10
12.827050812969798
 20
2.0581993110236225
 10
12.867050812969797
 20
2.1181993110236226
  0
LWPOLYLINE
  5
110
330
17
100
AcDbEntity
  8
NUMBERS
100
AcDbPolyline
 90
5
 70
0
 10
12.883050812969795
 20
2.0581993110236225
 10
12.923050812969796
 20
2.0581993110236225
 10
12.923050812969796
 20
2.1181993110236226
 10
12.883050812969795
 20
2.1181993110236226
 10
12.883050812969795
 20
2.0581993110236225
  0
LWPOLYLINE
  5
111
330
17
100
AcDbEntity
  8
NUMBERS
100
AcDbPolyline
 90
2
 70
0
 10
12.883050812969795
 20
2.0581993110236225
 10
12.923050812969796
 20
2.1181993110236226
  0
LWPOLYLINE
  5
112
330
17
100
AcDbEntity
  8
NUMBERS
100
AcDbPolyline
 90
3
 70
0
 10
12.949050812969796
 20
2.1081993110236223
 10
12.959050812969796
 20
2.1181993110236226
 10
12.959050812969796
 20
2.0581993110236225
  0
LWPOLYLINE
  5
113
330
17
100
AcDbEntity
  8
NUMBERS
100
AcDbPolyline
 90
2
 70
0
 10
12.949050812969796
 20
2.0581993110236225
 10
12.969050812969796
 20
2.0581993110236225
  0
LWPOLYLINE
  5
114
330
17
100
AcDbEntity
  8
NUMBERS
100
AcDbPolyline
 90
4
 70
0
 10
12.71238414630313
 20
1.7977099737532811
 10
12.679050812969797
 20
1.7977099737532811
 10
12.679050812969797
 20
1.747709973753281
 10
12.71238414630313
 20
1.747709973753281
  0
LWPOLYLINE
  5
115
330
17
100
AcDbEntity
  8
NUMBERS
100
AcDbPolyline
 90
2
 70
0
 10
12.734050812969796
 20
1.747709973753281
 10
12.750717479636464
 20
1.747709973753281
  0
LWPOLYLINE
  5
116
330
17
100
AcDbEntity
  8
NUMBERS
100
AcDbPolyline
 90
2
 70
0
 10
12.742384146303129
 20
1.747709973753281
 10
12.742384146303129
 20
1.7977099737532811
  0
LWPOLYLINE
  5
117
330
17
100
AcDbEntity
  8
NUMBERS
100
AcDbPolyline
 90
2
 70
0
 10
12.734050812969796
 20
1.7977099737532811
 10
12.750717479636464
 20
1.7977099737532811
  0
LWPOLYLINE
  5
118
330
17
100
AcDbEntity
  8
NUMBERS
100
AcDbPolyline
 90
5
 70
0
 10
12.77238414630313
 20
1.747709973753281
 10
12.805717479636463
 20
1.747709973753281
 10
12.805717479636463
 20
1.7977099737532811
 10
12.77238414630313
 20
1.7977099737532811
 10
12.77238414630313
 20
1.747709973753281
  0
LWPOLYLINE
  5
119
330
17
100
AcDbEntity
  8
NUMBERS
100
AcDbPolyline
 90
2
 70
0
 10
12.77238414630313
 20
1.747709973753281
 10
12.805717479636463
 20
1.7977099737532811
  0
LWPOLYLINE
  5
11A
330
17
100
AcDbEntity
  8
NUMBERS
100
AcDbPolyline
 90
5
 70
0
 10
12.819050812969797
 20
1.747709973753281
 10
12.85238414630313
 20
1.747709973753281
 10
12.85238414630313
 20
1.7977099737532811
 10
12.819050812969797
 20
1.7977099737532811
 10
12.819050812969797
 20
1.747709973753281
  0
LWPOLYLINE
  5
11B
330
17
100
AcDbEntity
  8
NUMBERS
100
AcDbPolyline
 90
2
 70
0
 10
12.819050812969797
 20
1.747709973753281
 10
12.85238414630313
 20
1.7977099737532811
  0
LWPOLYLINE
  5
11C
330
17
100
AcDbEntity
  8
NUMBERS
100
AcDbPolyline
 90
3
 70
0
 10
12.874050812969797
 20
1.7893766404199478
 10
12.88238414630313
 20
1.7977099737532811
 10
12.88238414630313
 20
1.747709973753281
  0
LWPOLYLINE
  5
11D
330
17
100
AcDbEntity
  8
NUMBERS
100
AcDbPolyline
 90
2
 70
0
 10
12.874050812969797
 20
1.747709973753281
 10
12.890717479636463
 20
1.747709973753281
  0
LWPOLYLINE
  5
11E
330
17
100
AcDbEntity
  8
NUMBERS
100
AcDbPolyline
 90
3
 70
0
 10
12.96738414630313
 20
1.7893766404199478
 10
12.975717479636463
 20
1.7977099737532811
 10
12.975717479636463
 20
1.747709973753281
  0
LWPOLYLINE
  5
11F
330
17
100
AcDbEntity
  8
NUMBERS
100
AcDbPolyline
 90
2
 70
0
 10
12.96738414630313
 20
1.747709973753281
 10
12.984050812969796
 20
1.747709973753281
  0
LWPOLYLINE
  5
120
330
17
100
AcDbEntity
  8
NUMBERS
100
AcDbPolyline
 90
2
 70
0
 10
13.005717479636463
 20
1.747709973753281
 10
13.039050812969796
 20
1.7977099737532811
  0
LWPOLYLINE
  5
121
330
17
100
AcDbEntity
  8
NUMBERS
100
AcDbPolyline
 90
7
 70
0
 10
13.05238414630313
 20
1.7893766404199478
 10
13.060717479636462
 20
1.7977099737532811
 10
13.07738414630313
 20
1.7977099737532811
 10
13.085717479636463
 20
1.7893766404199478
 10
13.085717479636463
 20
1.7810433070866145
 10
13.05238414630313
 20
1.747709973753281
 10
13.085717479636463
 20
1.747709973753281
  0
LWPOLYLINE
  5
122
330
17
100
AcDbEntity
  8
NUMBERS
100
AcDbPolyline
 90
4
 70
0
 10
19.133596744728326
 20
1.8237099737532816
 10
19.133596744728326
 20
1.7837099737532807
 10
19.193596744728328
 20
1.7837099737532807
 10
19.193596744728328
 20
1.8237099737532816
  0
LWPOLYLINE
  5
123
330
17
100
AcDbEntity
  8
NUMBERS
100
AcDbPolyline
 90
2
 70
0
 10
19.193596744728328
 20
1.8497099737532796
 10
19.193596744728328
 20
1.869709973753281
  0
LWPOLYLINE
  5
124
330
17
100
AcDbEntity
  8
NUMBERS
100
AcDbPolyline
 90
2
 70
0
 10
19.193596744728328
 20
1.8597099737532812
 10
19.133596744728326
 20
1.8597099737532812
  0
LWPOLYLINE
  5
125
330
17
100
AcDbEntity
  8
NUMBERS
100
AcDbPolyline
 90
2
 70
0
 10
19.133596744728326
 20
1.8497099737532796
 10
19.133596744728326
 20
1.869709973753281
  0
LWPOLYLINE
  5
126
330
17
100
AcDbEntity
  8
NUMBERS
100
AcDbPolyline
 90
5
 70
0
 10
19.193596744728328
 20
1.8957099737532825
 10
19.193596744728328
 20
1.9357099737532817
 10
19.133596744728326
 20
1.9357099737532817
 10
19.133596744728326
 20
1.8957099737532825
 10
19.193596744728328
 20
1.8957099737532825
  0
LWPOLYLINE
  5
127
330
17
100
AcDbEntity
  8
NUMBERS
100
AcDbPolyline
 90
2
 70
0
 10
19.193596744728328
 20
1.8957099737532825
 10
19.133596744728326
 20
1.9357099737532817
  0
LWPOLYLINE
  5
128
330
17
100
AcDbEntity
  8
NUMBERS
100
AcDbPolyline
 90
5
 70
0
 10
19.193596744728328
 20
1.95170997375328
 10
19.193596744728328
 20
1.9917099737532808
 10
19.133596744728326
 20
1.9917099737532808
 10
19.133596744728326
 20
1.95170997375328
 10
19.193596744728328
 20
1.95170997375328
  0
LWPOLYLINE
  5
129
330
17
100
AcDbEntity
  8
NUMBERS
100
AcDbPolyline
 90
2
 70
0
 10
19.193596744728328
 20
1.95170997375328
 10
19.133596744728326
 20
1.9917099737532808
  0
LWPOLYLINE
  5
12A
330
17
100
AcDbEntity
  8
NUMBERS
100
AcDbPolyline
 90
3
 70
0
 10
19.143596744728328
 20
2.0177099737532807
 10
19.133596744728326
 20
2.0277099737532804
 10
19.193596744728328
 20
2.0277099737532804
  0
LWPOLYLINE
  5
12B
330
17
100
AcDbEntity
  8
NUMBERS
100
AcDbPolyline
 90
2
 70
0
 10
19.193596744728328
 20
2.0177099737532807
 10
19.193596744728328
 20
2.0377099737532802
  0
LWPOLYLINE
  5
12C
330
17
100
AcDbEntity
  8
NUMBERS
100
AcDbPolyline
 90
4
 70
0
 10
19.454086081998668
 20
1.7810433070866145
 10
19.454086081998668
 20
1.747709973753281
 10
19.50408608199867
 20
1.747709973753281
 10
19.50408608199867
 20
1.7810433070866145
  0
LWPOLYLINE
  5
12D
330
17
100
AcDbEntity
  8
NUMBERS
100
AcDbPolyline
 90
2
 70
0
 10
19.50408608199867
 20
1.802709973753281
 10
19.50408608199867
 20
1.8193766404199478
  0
LWPOLYLINE
  5
12E
330
17
100
AcDbEntity
  8
NUMBERS
100
AcDbPolyline
 90
2
 70
0
 10
19.50408608199867
 20
1.8110433070866143
 10
19.454086081998668
 20
1.8110433070866143
  0
LWPOLYLINE
  5
12F
330
17
100
AcDbEntity
  8
NUMBERS
100
AcDbPolyline
 90
2
 70
0
 10
19.454086081998668
 20
1.802709973753281
 10
19.454086081998668
 20
1.8193766404199478
  0
LWPOLYLINE
  5
130
330
17
100
AcDbEntity
  8
NUMBERS
100
AcDbPolyline
 90
5
 70
0
 10
19.50408608199867
 20
1.8410433070866143
 10
19.50408608199867
 20
1.8743766404199478
 10
19.454086081998668
 20
1.8743766404199478
 10
19.454086081998668
 20
1.8410433070866143
 10
19.50408608199867
 20
1.8410433070866143
  0
LWPOLYLINE
  5
131
330
17
100
AcDbEntity
  8
NUMBERS
100
AcDbPolyline
 90
2
 70
0
 10
19.50408608199867
 20
1.8410433070866143
 10
19.454086081998668
 20
1.8743766404199478
  0
LWPOLYLINE
  5
132
330
17
100
AcDbEntity
  8
NUMBERS
100
AcDbPolyline
 90
5
 70
0
 10
19.50408608199867
 20
1.887709973753281
 10
19.50408608199867
 20
1.9210433070866144
 10
19.454086081998668
 20
1.9210433070866144
 10
19.454086081998668
 20
1.887709973753281
 10
19.50408608199867
 20
1.887709973753281
  0
LWPOLYLINE
  5
133
330
17
100
AcDbEntity
  8
NUMBERS
100
AcDbPolyline
 90
2
 70
0
 10
19.50408608199867
 20
1.887709973753281
 10
19.454086081998668
 20
1.9210433070866144
  0
LWPOLYLINE
  5
134
330
17
100
AcDbEntity
  8
NUMBERS
100
AcDbPolyline
 90
3
 70
0
 10
19.462419415332
 20
1.9427099737532811
 10
19.454086081998668
 20
1.9510433070866144
 10
19.50408608199867
 20
1.9510433070866144
  0
LWPOLYLINE
  5
135
330
17
100
AcDbEntity
  8
NUMBERS
100
AcDbPolyline
 90
2
 70
0
 10
19.50408608199867
 20
1.9427099737532811
 10
19.50408608199867
 20
1.9593766404199477
  0
LWPOLYLINE
  5
136
330
17
100
AcDbEntity
  8
NUMBERS
100
AcDbPolyline
 90
7
 70
0
 10
19.462419415332
 20
2.027709973753281
 10
19.454086081998668
 20
2.036043307086614
 10
19.454086081998668
 20
2.0527099737532812
 10
19.462419415332
 20
2.0610433070866145
 10
19.470752748665333
 20
2.0610433070866145
 10
19.50408608199867
 20
2.027709973753281
 10
19.50408608199867
 20
2.0610433070866145
  0
LWPOLYLINE
  5
137
330
17
100
AcDbEntity
  8
NUMBERS
100
AcDbPolyline
 90
2
 70
0
 10
19.50408608199867
 20
2.0743766404199477
 10
19.454086081998668
 20
2.107709973753281
  0
LWPOLYLINE
  5
138
330
17
100
AcDbEntity
  8
NUMBERS
100
AcDbPolyline
 90
7
 70
0
 10
19.462419415332
 20
2.121043307086614
 10
19.454086081998668
 20
2.129376640419948
 10
19.454086081998668
 20
2.1460433070866145
 10
19.462419415332
 20
2.154376640419948
 10
19.470752748665333
 20
2.154376640419948
 10
19.50408608199867
 20
2.121043307086614
 10
19.50408608199867
 20
2.154376640419948
  0
LWPOLYLINE
  5
139
330
17
100
AcDbEntity
  8
NUMBERS
100
AcDbPolyline
 90
4
 70
0
 10
20.075747745384493
 20
1.8237099737532816
 10
20.075747745384493
 20
1.7837099737532807
 10
20.135747745384492
 20
1.7837099737532807
 10
20.135747745384492
 20
1.8237099737532816
  0
LWPOLYLINE
  5
13A
330
17
100
AcDbEntity
  8
NUMBERS
100
AcDbPolyline
 90
2
 70
0
 10
20.135747745384492
 20
1.8497099737532796
 10
20.135747745384492
 20
1.869709973753281
  0
LWPOLYLINE
  5
13B
330
17
100
AcDbEntity
  8
NUMBERS
100
AcDbPolyline
 90
2
 70
0
 10
20.135747745384492
 20
1.8597099737532812
 10
20.075747745384493
 20
1.8597099737532812
  0
LWPOLYLINE
  5
13C
330
17
100
AcDbEntity
  8
NUMBERS
100
AcDbPolyline
 90
2
 70
0
 10
20.075747745384493
 20
1.8497099737532796
 10
20.075747745384493
 20
1.869709973753281
  0
LWPOLYLINE
  5
13D
330
17
100
AcDbEntity
  8
NUMBERS
100
AcDbPolyline
 90
5
 70
0
 10
20.135747745384492
 20
1.8957099737532825
 10
20.135747745384492
 20
1.9357099737532817
 10
20.075747745384493
 20
1.9357099737532817
 10
20.075747745384493
 20
1.8957099737532825
 10
20.135747745384492
 20
1.8957099737532825
  0
LWPOLYLINE
  5
13E
330
17
100
AcDbEntity
  8
NUMBERS
100
AcDbPolyline
 90
2
 70
0
 10
20.135747745384492
 20
1.8957099737532825
 10
20.075747745384493
 20
1.9357099737532817
  0
LWPOLYLINE
  5
13F
330
17
100
AcDbEntity
  8
NUMBERS
100
AcDbPolyline
 90
5
 70
0
 10
20.135747745384492
 20
1.95170997375328
 10
20.135747745384492
 20
1.9917099737532808
 10
20.075747745384493
 20
1.9917099737532808
 10
20.075747745384493
 20
1.95170997375328
 10
20.135747745384492
 20
1.95170997375328
  0
LWPOLYLINE
  5
140
330
17
100
AcDbEntity
  8
NUMBERS
100
AcDbPolyline
 90
2
 70
0
 10
20.135747745384492
 20
1.95170997375328
 10
20.075747745384493
 20
1.9917099737532808
  0
LWPOLYLINE
  5
141
330
17
100
AcDbEntity
  8
NUMBERS
100
AcDbPolyline
 90
7
 70
0
 10
20.085747745384495
 20
2.007709973753281
 10
20.075747745384493
 20
2.0177099737532807
 10
20.075747745384493
 20
2.0377099737532802
 10
20.085747745384495
 20
2.047709973753282
 10
20.095747745384493
 20
2.047709973753282
 10
20.135747745384492
 20
2.007709973753281
 10
20.135747745384492
 20
2.047709973753282
  0
LWPOLYLINE
  5
142
330
17
100
AcDbEntity
  8
NUMBERS
100
AcDbPolyline
 90
4
 70
0
 10
20.36030163317977
 20
1.7810433070866145
 10
20.36030163317977
 20
1.747709973753281
 10
20.41030163317977
 20
1.747709973753281
 10
20.41030163317977
 20
1.7810433070866145
  0
LWPOLYLINE
  5
143
330
17
100
AcDbEntity
  8
NUMBERS
100
AcDbPolyline
 90
2
 70
0
 10
20.41030163317977
 20
1.802709973753281
 10
20.41030163317977
 20
1.8193766404199478
  0
LWPOLYLINE
  5
144
330
17
100
AcDbEntity
  8
NUMBERS
100
AcDbPolyline
 90
2
 70
0
 10
20.41030163317977
 20
1.8110433070866143
 10
20.36030163317977
 20
1.8110433070866143
  0
LWPOLYLINE
  5
145
330
17
100
AcDbEntity
  8
NUMBERS
100
AcDbPolyline
 90
2
 70
0
 10
20.36030163317977
 20
1.802709973753281
 10
20.36030163317977
 20
1.8193766404199478
  0
LWPOLYLINE
  5
146
330
17
100
AcDbEntity
  8
NUMBERS
100
AcDbPolyline
 90
5
 70
0
 10
20.41030163317977
 20
1.8410433070866143
 10
20.41030163317977
 20
1.8743766404199478
 10
20.36030163317977
 20
1.8743766404199478
 10
20.36030163317977
 20
1.8410433070866143
 10
20.41030163317977
 20
1.8410433070866143
  0
LWPOLYLINE
  5
147
330
17
100
AcDbEntity
  8
NUMBERS
100
AcDbPolyline
 90
2
 70
0
 10
20.41030163317977
 20
1.8410433070866143
 10
20.36030163317977
 20
1.8743766404199478
  0
LWPOLYLINE
  5
148
330
17
100
AcDbEntity
  8
NUMBERS
100
AcDbPolyline
 90
5
 70
0
 10
20.41030163317977
 20
1.887709973753281
 10
20.41030163317977
 20
1.9210433070866144
 10
20.36030163317977
 20
1.9210433070866144
 10
20.36030163317977
 20
1.887709973753281
 10
20.41030163317977
 20
1.887709973753281
  0
LWPOLYLINE
  5
149
330
17
100
AcDbEntity
  8
NUMBERS
100
AcDbPolyline
 90
2
 70
0
 10
20.41030163317977
 20
1.887709973753281
 10
20.36030163317977
 20
1.9210433070866144
  0
LWPOLYLINE
  5
14A
330
17
100
AcDbEntity
  8
NUMBERS
100
AcDbPolyline
 90
7
 70
0
 10
20.368634966513103
 20
1.9343766404199476
 10
20.36030163317977
 20
1.9427099737532811
 10
20.36030163317977
 20
1.9593766404199477
 10
20.368634966513103
 20
1.967709973753281
 10
20.376968299846435
 20
1.967709973753281
 10
20.41030163317977
 20
1.9343766404199476
 10
20.41030163317977
 20
1.967709973753281
  0
LWPOLYLINE
  5
14B
330
17
100
AcDbEntity
  8
NUMBERS
100
AcDbPolyline
 90
3
 70
0
 10
20.368634966513103
 20
2.036043307086614
 10
20.36030163317977
 20
2.044376640419948
 10
20.41030163317977
 20
2.044376640419948
  0
LWPOLYLINE
  5
14C
330
17
100
AcDbEntity
  8
NUMBERS
100
AcDbPolyline
 90
2
 70
0
 10
20.41030163317977
 20
2.036043307086614
 10
20.41030163317977
 20
2.0527099737532812
  0
LWPOLYLINE
  5
14D
330
17
100
AcDbEntity
  8
NUMBERS
100
AcDbPolyline
 90
2
 70
0
 10
20.41030163317977
 20
2.0743766404199477
 10
20.36030163317977
 20
2.107709973753281
  0
LWPOLYLINE
  5
14E
330
17
100
AcDbEntity
  8
NUMBERS
100
AcDbPolyline
 90
7
 70
0
 10
20.368634966513103
 20
2.121043307086614
 10
20.36030163317977
 20
2.129376640419948
 10
20.36030163317977
 20
2.1460433070866145
 10
20.368634966513103
 20
2.154376640419948
 10
20.376968299846435
 20
2.154376640419948
 10
20.41030163317977
 20
2.121043307086614
 10
20.41030163317977
 20
2.154376640419948
  0
LWPOLYLINE
  5
14F
330
17
100
AcDbEntity
  8
NUMBERS
100
AcDbPolyline
 90
4
 70
0
 10
20.981963296565596
 20
1.8237099737532816
 10
20.981963296565596
 20
1.7837099737532807
 10
21.041963296565594
 20
1.7837099737532807
 10
21.041963296565594
 20
1.8237099737532816
  0
LWPOLYLINE
  5
150
330
17
100
AcDbEntity
  8
NUMBERS
100
AcDbPolyline
 90
2
 70
0
 10
21.041963296565594
 20
1.8497099737532796
 10
21.041963296565594
 20
1.869709973753281
  0
LWPOLYLINE
  5
151
330
17
100
AcDbEntity
  8
NUMBERS
100
AcDbPolyline
 90
2
 70
0
 10
21.041963296565594
 20
1.8597099737532812
 10
20.981963296565596
 20
1.8597099737532812
  0
LWPOLYLINE
  5
152
330
17
100
AcDbEntity
  8
NUMBERS
100
AcDbPolyline
 90
2
 70
0
 10
20.981963296565596
 20
1.8497099737532796
 10
20.981963296565596
 20
1.869709973753281
  0
LWPOLYLINE
  5
153
330
17
100
AcDbEntity
  8
NUMBERS
100
AcDbPolyline
 90
5
 70
0
 10
21.041963296565594
 20
1.8957099737532825
 10
21.041963296565594
 20
1.9357099737532817
 10
20.981963296565596
 20
1.9357099737532817
 10
20.981963296565596
 20
1.8957099737532825
 10
21.041963296565594
 20
1.8957099737532825
  0
LWPOLYLINE
  5
154
330
17
100
AcDbEntity
  8
NUMBERS
100
AcDbPolyline
 90
2
 70
0
 10
21.041963296565594
 20
1.8957099737532825
 10
20.981963296565596
 20
1.9357099737532817
  0
LWPOLYLINE
  5
155
330
17
100
AcDbEntity
  8
NUMBERS
100
AcDbPolyline
 90
5
 70
0
 10
21.041963296565594
 20
1.95170997375328
 10
21.041963296565594
 20
1.9917099737532808
 10
20.981963296565596
 20
1.9917099737532808
 10
20.981963296565596
 20
1.95170997375328
 10
21.041963296565594
 20
1.95170997375328
  0
LWPOLYLINE
  5
156
330
17
100
AcDbEntity
  8
NUMBERS
100
AcDbPolyline
 90
2
 70
0
 10
21.041963296565594
 20
1.95170997375328
 10
20.981963296565596
 20
1.9917099737532808
  0
LWPOLYLINE
  5
157
330
17
100
AcDbEntity
  8
NUMBERS
100
AcDbPolyline
 90
7
 70
0
 10
20.991963296565597
 20
2.007709973753281
 10
20.981963296565596
 20
2.0177099737532807
 10
20.981963296565596
 20
2.0377099737532802
 10
20.991963296565597
 20
2.047709973753282
 10
21.001963296565595
 20
2.047709973753282
 10
21.041963296565594
 20
2.007709973753281
 10
21.041963296565594
 20
2.047709973753282
  0
LWPOLYLINE
  5
158
330
17
100
AcDbEntity
  8
NUMBERS
100
AcDbPolyline
 90
4
 70
0
 10
21.266517184360872
 20
1.7810433070866145
 10
21.266517184360872
 20
1.747709973753281
 10
21.316517184360873
 20
1.747709973753281
 10
21.316517184360873
 20
1.7810433070866145
  0
LWPOLYLINE
  5
159
330
17
100
AcDbEntity
  8
NUMBERS
100
AcDbPolyline
 90
2
 70
0
 10
21.316517184360873
 20
1.802709973753281
 10
21.316517184360873
 20
1.8193766404199478
  0
LWPOLYLINE
  5
15A
330
17
100
AcDbEntity
  8
NUMBERS
100
AcDbPolyline
 90
2
 70
0
 10
21.316517184360873
 20
1.8110433070866143
 10
21.266517184360872
 20
1.8110433070866143
  0
LWPOLYLINE
  5
15B
330
17
100
AcDbEntity
  8
NUMBERS
100
AcDbPolyline
 90
2
 70
0
 10
21.266517184360872
 20
1.802709973753281
 10
21.266517184360872
 20
1.8193766404199478
  0
LWPOLYLINE
  5
15C
330
17
100
AcDbEntity
  8
NUMBERS
100
AcDbPolyline
 90
5
 70
0
 10
21.316517184360873
 20
1.8410433070866143
 10
21.316517184360873
 20
1.8743766404199478
 10
21.266517184360872
 20
1.8743766404199478
 10
21.266517184360872
 20
1.8410433070866143
 10
21.316517184360873
 20
1.8410433070866143
  0
LWPOLYLINE
  5
15D
330
17
100
AcDbEntity
  8
NUMBERS
100
AcDbPolyline
 90
2
 70
0
 10
21.316517184360873
 20
1.8410433070866143
 10
21.266517184360872
 20
1.8743766404199478
  0
LWPOLYLINE
  5
15E
330
17
100
AcDbEntity
  8
NUMBERS
100
AcDbPolyline
 90
5
 70
0
 10
21.316517184360873
 20
1.887709973753281
 10
21.316517184360873
 20
1.9210433070866144
 10
21.266517184360872
 20
1.9210433070866144
 10
21.266517184360872
 20
1.887709973753281
 10
21.316517184360873
 20
1.887709973753281
  0
LWPOLYLINE
  5
15F
330
17
100
AcDbEntity
  8
NUMBERS
100
AcDbPolyline
 90
2
 70
0
 10
21.316517184360873
 20
1.887709973753281
 10
21.266517184360872
 20
1.9210433070866144
  0
LWPOLYLINE
  5
160
330
17
100
AcDbEntity
  8
NUMBERS
100
AcDbPolyline
 90
7
 70
0
 10
21.274850517694205
 20
1.9343766404199476
 10
21.266517184360872
 20
1.9427099737532811
 10
21.266517184360872
 20
1.9593766404199477
 10
21.274850517694205
 20
1.967709973753281
 10
21.283183851027538
 20
1.967709973753281
 10
21.316517184360873
 20
1.9343766404199476
 10
21.316517184360873
 20
1.967709973753281
  0
LWPOLYLINE
  5
161
330
17
100
AcDbEntity
  8
NUMBERS
100
AcDbPolyline
 90
7
 70
0
 10
21.274850517694205
 20
2.027709973753281
 10
21.266517184360872
 20
2.036043307086614
 10
21.266517184360872
 20
2.0527099737532812
 10
21.274850517694205
 20
2.0610433070866145
 10
21.283183851027538
 20
2.0610433070866145
 10
21.316517184360873
 20
2.027709973753281
 10
21.316517184360873
 20
2.0610433070866145
  0
LWPOLYLINE
  5
162
330
17
100
AcDbEntity
  8
NUMBERS
100
AcDbPolyline
 90
2
 70
0
 10
21.316517184360873
 20
2.0743766404199477
 10
21.266517184360872
 20
2.107709973753281
  0
LWPOLYLINE
  5
163
330
17
100
AcDbEntity
  8
NUMBERS
100
AcDbPolyline
 90
7
 70
0
 10
21.274850517694205
 20
2.121043307086614
 10
21.266517184360872
 20
2.129376640419948
 10
21.266517184360872
 20
2.1460433070866145
 10
21.274850517694205
 20
2.154376640419948
 10
21.283183851027538
 20
2.154376640419948
 10
21.316517184360873
 20
2.121043307086614
 10
21.316517184360873
 20
2.154376640419948
  0
LWPOLYLINE
  5
164
330
17
100
AcDbEntity
  8
NUMBERS
100
AcDbPolyline
 90
4
 70
0
 10
21.72624196290418
 20
1.8237099737532816
 10
21.72624196290418
 20
1.7837099737532807
 10
21.786241962904178
 20
1.7837099737532807
 10
21.786241962904178
 20
1.8237099737532816
  0
LWPOLYLINE
  5
165
330
17
100
AcDbEntity
  8
NUMBERS
100
AcDbPolyline
 90
2
 70
0
 10
21.786241962904178
 20
1.8497099737532796
 10
21.786241962904178
 20
1.869709973753281
  0
LWPOLYLINE
  5
166
330
17
100
AcDbEntity
  8
NUMBERS
100
AcDbPolyline
 90
2
 70
0
 10
21.786241962904178
 20
1.8597099737532812
 10
21.72624196290418
 20
1.8597099737532812
  0
LWPOLYLINE
  5
167
330
17
100
AcDbEntity
  8
NUMBERS
100
AcDbPolyline
 90
2
 70
0
 10
21.72624196290418
 20
1.8497099737532796
 10
21.72624196290418
 20
1.869709973753281
  0
LWPOLYLINE
  5
168
330
17
100
AcDbEntity
  8
NUMBERS
100
AcDbPolyline
 90
5
 70
0
 10
21.786241962904178
 20
1.8957099737532825
 10
21.786241962904178
 20
1.9357099737532817
 10
21.72624196290418
 20
1.9357099737532817
 10
21.72624196290418
 20
1.8957099737532825
 10
21.786241962904178
 20
1.8957099737532825
  0
LWPOLYLINE
  5
169
330
17
100
AcDbEntity
  8
NUMBERS
100
AcDbPolyline
 90
2
 70
0
 10
21.786241962904178
 20
1.8957099737532825
 10
21.72624196290418
 20
1.9357099737532817
  0
LWPOLYLINE
  5
16A
330
17
100
AcDbEntity
  8
NUMBERS
100
AcDbPolyline
 90
5
 70
0
 10
21.786241962904178
 20
1.95170997375328
 10
21.786241962904178
 20
1.9917099737532808
 10
21.72624196290418
 20
1.9917099737532808
 10
21.72624196290418
 20
1.95170997375328
 10
21.786241962904178
 20
1.95170997375328
  0
LWPOLYLINE
  5
16B
330
17
100
AcDbEntity
  8
NUMBERS
100
AcDbPolyline
 90
2
 70
0
 10
21.786241962904178
 20
1.95170997375328
 10
21.72624196290418
 20
1.9917099737532808
  0
LWPOLYLINE
  5
16C
330
17
100
AcDbEntity
  8
NUMBERS
100
AcDbPolyline
 90
7
 70
0
 10
21.72624196290418
 20
2.007709973753281
 10
21.72624196290418
 20
2.047709973753282
 10
21.751241962904178
 20
2.0277099737532804
 10
21.76124196290418
 20
2.047709973753282
 10
21.77624196290418
 20
2.047709973753282
 10
21.786241962904178
 20
2.0377099737532802
 10
21.786241962904178
 20
2.007709973753281
  0
LWPOLYLINE
  5
16D
330
17
100
AcDbEntity
  8
NUMBERS
100
AcDbPolyline
 90
4
 70
0
 10
22.032476830030163
 20
1.7810433070866145
 10
22.032476830030163
 20
1.747709973753281
 10
22.082476830030163
 20
1.747709973753281
 10
22.082476830030163
 20
1.7810433070866145
  0
LWPOLYLINE
  5
16E
330
17
100
AcDbEntity
  8
NUMBERS
100
AcDbPolyline
 90
2
 70
0
 10
22.082476830030163
 20
1.802709973753281
 10
22.082476830030163
 20
1.8193766404199478
  0
LWPOLYLINE
  5
16F
330
17
100
AcDbEntity
  8
NUMBERS
100
AcDbPolyline
 90
2
 70
0
 10
22.082476830030163
 20
1.8110433070866143
 10
22.032476830030163
 20
1.8110433070866143
  0
LWPOLYLINE
  5
170
330
17
100
AcDbEntity
  8
NUMBERS
100
AcDbPolyline
 90
2
 70
0
 10
22.032476830030163
 20
1.802709973753281
 10
22.032476830030163
 20
1.8193766404199478
  0
LWPOLYLINE
  5
171
330
17
100
AcDbEntity
  8
NUMBERS
100
AcDbPolyline
 90
5
 70
0
 10
22.082476830030163
 20
1.8410433070866143
 10
22.082476830030163
 20
1.8743766404199478
 10
22.032476830030163
 20
1.8743766404199478
 10
22.032476830030163
 20
1.8410433070866143
 10
22.082476830030163
 20
1.8410433070866143
  0
LWPOLYLINE
  5
172
330
17
100
AcDbEntity
  8
NUMBERS
100
AcDbPolyline
 90
2
 70
0
 10
22.082476830030163
 20
1.8410433070866143
 10
22.032476830030163
 20
1.8743766404199478
  0
LWPOLYLINE
  5
173
330
17
100
AcDbEntity
  8
NUMBERS
100
AcDbPolyline
 90
5
 70
0
 10
22.082476830030163
 20
1.887709973753281
 10
22.082476830030163
 20
1.9210433070866144
 10
22.032476830030163
 20
1.9210433070866144
 10
22.032476830030163
 20
1.887709973753281
 10
22.082476830030163
 20
1.887709973753281
  0
LWPOLYLINE
  5
174
330
17
100
AcDbEntity
  8
NUMBERS
100
AcDbPolyline
 90
2
 70
0
 10
22.082476830030163
 20
1.887709973753281
 10
22.032476830030163
 20
1.9210433070866144
  0
LWPOLYLINE
  5
175
330
17
100
AcDbEntity
  8
NUMBERS
100
AcDbPolyline
 90
7
 70
0
 10
22.032476830030163
 20
1.9343766404199476
 10
22.032476830030163
 20
1.967709973753281
 10
22.053310163363495
 20
1.9510433070866144
 10
22.061643496696828
 20
1.967709973753281
 10
22.07414349669683
 20
1.967709973753281
 10
22.082476830030163
 20
1.9593766404199477
 10
22.082476830030163
 20
1.9343766404199476
  0
LWPOLYLINE
  5
176
330
17
100
AcDbEntity
  8
NUMBERS
100
AcDbPolyline
 90
3
 70
0
 10
22.040810163363496
 20
2.036043307086614
 10
22.032476830030163
 20
2.044376640419948
 10
22.082476830030163
 20
2.044376640419948
  0
LWPOLYLINE
  5
177
330
17
100
AcDbEntity
  8
NUMBERS
100
AcDbPolyline
 90
2
 70
0
 10
22.082476830030163
 20
2.036043307086614
 10
22.082476830030163
 20
2.0527099737532812
  0
LWPOLYLINE
  5
178
330
17
100
AcDbEntity
  8
NUMBERS
100
AcDbPolyline
 90
2
 70
0
 10
22.082476830030163
 20
2.0743766404199477
 10
22.032476830030163
 20
2.107709973753281
  0
LWPOLYLINE
  5
179
330
17
100
AcDbEntity
  8
NUMBERS
100
AcDbPolyline
 90
7
 70
0
 10
22.040810163363496
 20
2.121043307086614
 10
22.032476830030163
 20
2.129376640419948
 10
22.032476830030163
 20
2.1460433070866145
 10
22.040810163363496
 20
2.154376640419948
 10
22.04914349669683
 20
2.154376640419948
 10
22.082476830030163
 20
2.121043307086614
 10
22.082476830030163
 20
2.154376640419948
  0
LWPOLYLINE
  5
17A
330
17
100
AcDbEntity
  8
NUMBERS
100
AcDbPolyline
 90
4
 70
0
 10
22.49220160857347
 20
1.8237099737532816
 10
22.49220160857347
 20
1.7837099737532807
 10
22.55220160857347
 20
1.7837099737532807
 10
22.55220160857347
 20
1.8237099737532816
  0
LWPOLYLINE
  5
17B
330
17
100
AcDbEntity
  8
NUMBERS
100
AcDbPolyline
 90
2
 70
0
 10
22.55220160857347
 20
1.8497099737532796
 10
22.55220160857347
 20
1.869709973753281
  0
LWPOLYLINE
  5
17C
330
17
100
AcDbEntity
  8
NUMBERS
100
AcDbPolyline
 90
2
 70
0
 10
22.55220160857347
 20
1.8597099737532812
 10
22.49220160857347
 20
1.8597099737532812
  0
LWPOLYLINE
  5
17D
330
17
100
AcDbEntity
  8
NUMBERS
100
AcDbPolyline
 90
2
 70
0
 10
22.49220160857347
 20
1.8497099737532796
 10
22.49220160857347
 20
1.869709973753281
  0
LWPOLYLINE
  5
17E
330
17
100
AcDbEntity
  8
NUMBERS
100
AcDbPolyline
 90
5
 70
0
 10
22.55220160857347
 20
1.8957099737532825
 10
22.55220160857347
 20
1.9357099737532817
 10
22.49220160857347
 20
1.9357099737532817
 10
22.49220160857347
 20
1.8957099737532825
 10
22.55220160857347
 20
1.8957099737532825
  0
LWPOLYLINE
  5
17F
330
17
100
AcDbEntity
  8
NUMBERS
100
AcDbPolyline
 90
2
 70
0
 10
22.55220160857347
 20
1.8957099737532825
 10
22.49220160857347
 20
1.9357099737532817
  0
LWPOLYLINE
  5
180
330
17
100
AcDbEntity
  8
NUMBERS
100
AcDbPolyline
 90
5
 70
0
 10
22.55220160857347
 20
1.95170997375328
 10
22.55220160857347
 20
1.9917099737532808
 10
22.49220160857347
 20
1.9917099737532808
 10
22.49220160857347
 20
1.95170997375328
 10
22.55220160857347
 20
1.95170997375328
  0
LWPOLYLINE
  5
181
330
17
100
AcDbEntity
  8
NUMBERS
100
AcDbPolyline
 90
2
 70
0
 10
22.55220160857347
 20
1.95170997375328
 10
22.49220160857347
 20
1.9917099737532808
  0
LWPOLYLINE
  5
182
330
17
100
AcDbEntity
  8
NUMBERS
100
AcDbPolyline
 90
7
 70
0
 10
22.49220160857347
 20
2.007709973753281
 10
22.49220160857347
 20
2.047709973753282
 10
22.51720160857347
 20
2.0277099737532804
 10
22.52720160857347
 20
2.047709973753282
 10
22.54220160857347
 20
2.047709973753282
 10
22.55220160857347
 20
2.0377099737532802
 10
22.55220160857347
 20
2.007709973753281
  0
LWPOLYLINE
  5
183
330
17
100
AcDbEntity
  8
NUMBERS
100
AcDbPolyline
 90
4
 70
0
 10
22.798436475699454
 20
1.7810433070866145
 10
22.798436475699454
 20
1.747709973753281
 10
22.848436475699454
 20
1.747709973753281
 10
22.848436475699454
 20
1.7810433070866145
  0
LWPOLYLINE
  5
184
330
17
100
AcDbEntity
  8
NUMBERS
100
AcDbPolyline
 90
2
 70
0
 10
22.848436475699454
 20
1.802709973753281
 10
22.848436475699454
 20
1.8193766404199478
  0
LWPOLYLINE
  5
185
330
17
100
AcDbEntity
  8
NUMBERS
100
AcDbPolyline
 90
2
 70
0
 10
22.848436475699454
 20
1.8110433070866143
 10
22.798436475699454
 20
1.8110433070866143
  0
LWPOLYLINE
  5
186
330
17
100
AcDbEntity
  8
NUMBERS
100
AcDbPolyline
 90
2
 70
0
 10
22.798436475699454
 20
1.802709973753281
 10
22.798436475699454
 20
1.8193766404199478
  0
LWPOLYLINE
  5
187
330
17
100
AcDbEntity
  8
NUMBERS
100
AcDbPolyline
 90
5
 70
0
 10
22.848436475699454
 20
1.8410433070866143
 10
22.848436475699454
 20
1.8743766404199478
 10
22.798436475699454
 20
1.8743766404199478
 10
22.798436475699454
 20
1.8410433070866143
 10
22.848436475699454
 20
1.8410433070866143
  0
LWPOLYLINE
  5
188
330
17
100
AcDbEntity
  8
NUMBERS
100
AcDbPolyline
 90
2
 70
0
 10
22.848436475699454
 20
1.8410433070866143
 10
22.798436475699454
 20
1.8743766404199478
  0
LWPOLYLINE
  5
189
330
17
100
AcDbEntity
  8
NUMBERS
100
AcDbPolyline
 90
5
 70
0
 10
22.848436475699454
 20
1.887709973753281
 10
22.848436475699454
 20
1.9210433070866144
 10
22.798436475699454
 20
1.9210433070866144
 10
22.798436475699454
 20
1.887709973753281
 10
22.848436475699454
 20
1.887709973753281
  0
LWPOLYLINE
  5
18A
330
17
100
AcDbEntity
  8
NUMBERS
100
AcDbPolyline
 90
2
 70
0
 10
22.848436475699454
 20
1.887709973753281
 10
22.798436475699454
 20
1.9210433070866144
  0
LWPOLYLINE
  5
18B
330
17
100
AcDbEntity
  8
NUMBERS
100
AcDbPolyline
 90
7
 70
0
 10
22.798436475699454
 20
1.9343766404199476
 10
22.798436475699454
 20
1.967709973753281
 10
22.819269809032786
 20
1.9510433070866144
 10
22.82760314236612
 20
1.967709973753281
 10
22.84010314236612
 20
1.967709973753281
 10
22.848436475699454
 20
1.9593766404199477
 10
22.848436475699454
 20
1.9343766404199476
  0
LWPOLYLINE
  5
18C
330
17
100
AcDbEntity
  8
NUMBERS
100
AcDbPolyline
 90
7
 70
0
 10
22.806769809032787
 20
2.027709973753281
 10
22.798436475699454
 20
2.036043307086614
 10
22.798436475699454
 20
2.0527099737532812
 10
22.806769809032787
 20
2.0610433070866145
 10
22.81510314236612
 20
2.0610433070866145
 10
22.848436475699454
 20
2.027709973753281
 10
22.848436475699454
 20
2.0610433070866145
  0
LWPOLYLINE
  5
18D
330
17
100
AcDbEntity
  8
NUMBERS
100
AcDbPolyline
 90
2
 70
0
 10
22.848436475699454
 20
2.0743766404199477
 10
22.798436475699454
 20
2.107709973753281
  0
LWPOLYLINE
  5
18E
330
17
100
AcDbEntity
  8
NUMBERS
100
AcDbPolyline
 90
7
 70
0
 10
22.806769809032787
 20
2.121043307086614
 10
22.798436475699454
 20
2.129376640419948
 10
22.798436475699454
 20
2.1460433070866145
 10
22.806769809032787
 20
2.154376640419948
 10
22.81510314236612
 20
2.154376640419948
 10
22.848436475699454
 20
2.121043307086614
 10
22.848436475699454
 20
2.154376640419948
  0
LWPOLYLINE
  5
18F
330
17
100
AcDbEntity
  8
NUMBERS
100
AcDbPolyline
 90
4
 70
0
 10
12.755050812969797
 20
2.983667322834646
 10
12.715050812969796
 20
2.983667322834646
 10
12.715050812969796
 20
2.923667322834646
 10
12.755050812969797
 20
2.923667322834646
  0
LWPOLYLINE
  5
190
330
17
100
AcDbEntity
  8
NUMBERS
100
AcDbPolyline
 90
2
 70
0
 10
12.781050812969795
 20
2.923667322834646
 10
12.801050812969796
 20
2.923667322834646
  0
LWPOLYLINE
  5
191
330
17
100
AcDbEntity
  8
NUMBERS
100
AcDbPolyline
 90
2
 70
0
 10
12.791050812969797
 20
2.923667322834646
 10
12.791050812969797
 20
2.983667322834646
  0
LWPOLYLINE
  5
192
330
17
100
AcDbEntity
  8
NUMBERS
100
AcDbPolyline
 90
2
 70
0
 10
12.781050812969795
 20
2.983667322834646
 10
12.801050812969796
 20
2.983667322834646
  0
LWPOLYLINE
  5
193
330
17
100
AcDbEntity
  8
NUMBERS
100
AcDbPolyline
 90
5
 70
0
 10
12.827050812969798
 20
2.923667322834646
 10
12.867050812969797
 20
2.923667322834646
 10
12.867050812969797
 20
2.983667322834646
 10
12.827050812969798
 20
2.983667322834646
 10
12.827050812969798
 20
2.923667322834646
  0
LWPOLYLINE
  5
194
330
17
100
AcDbEntity
  8
NUMBERS
100
AcDbPolyline
 90
2
 70
0
 10
12.827050812969798
 20
2.923667322834646
 10
12.867050812969797
 20
2.983667322834646
  0
LWPOLYLINE
  5
195
330
17
100
AcDbEntity
  8
NUMBERS
100
AcDbPolyline
 90
5
 70
0
 10
12.883050812969795
 20
2.923667322834646
 10
12.923050812969796
 20
2.923667322834646
 10
12.923050812969796
 20
2.983667322834646
 10
12.883050812969795
 20
2.983667322834646
 10
12.883050812969795
 20
2.923667322834646
  0
LWPOLYLINE
  5
196
330
17
100
AcDbEntity
  8
NUMBERS
100
AcDbPolyline
 90
2
 70
0
 10
12.883050812969795
 20
2.923667322834646
 10
12.923050812969796
 20
2.983667322834646
  0
LWPOLYLINE
  5
197
330
17
100
AcDbEntity
  8
NUMBERS
100
AcDbPolyline
 90
4
 70
0
 10
12.969050812969796
 20
2.923667322834646
 10
12.969050812969796
 20
2.983667322834646
 10
12.939050812969796
 20
2.943667322834646
 10
12.979050812969797
 20
2.943667322834646
  0
LWPOLYLINE
  5
198
330
17
100
AcDbEntity
  8
NUMBERS
100
AcDbPolyline
 90
4
 70
0
 10
12.71238414630313
 20
2.847667322834646
 10
12.679050812969797
 20
2.847667322834646
 10
12.679050812969797
 20
2.7976673228346463
 10
12.71238414630313
 20
2.7976673228346463
  0
LWPOLYLINE
  5
199
330
17
100
AcDbEntity
  8
NUMBERS
100
AcDbPolyline
 90
2
 70
0
 10
12.734050812969796
 20
2.7976673228346463
 10
12.750717479636464
 20
2.7976673228346463
  0
LWPOLYLINE
  5
19A
330
17
100
AcDbEntity
  8
NUMBERS
100
AcDbPolyline
 90
2
 70
0
 10
12.742384146303129
 20
2.7976673228346463
 10
12.742384146303129
 20
2.847667322834646
  0
LWPOLYLINE
  5
19B
330
17
100
AcDbEntity
  8
NUMBERS
100
AcDbPolyline
 90
2
 70
0
 10
12.734050812969796
 20
2.847667322834646
 10
12.750717479636464
 20
2.847667322834646
  0
LWPOLYLINE
  5
19C
330
17
100
AcDbEntity
  8
NUMBERS
100
AcDbPolyline
 90
5
 70
0
 10
12.77238414630313
 20
2.7976673228346463
 10
12.805717479636463
 20
2.7976673228346463
 10
12.805717479636463
 20
2.847667322834646
 10
12.77238414630313
 20
2.847667322834646
 10
12.77238414630313
 20
2.7976673228346463
  0
LWPOLYLINE
  5
19D
330
17
100
AcDbEntity
  8
NUMBERS
100
AcDbPolyline
 90
2
 70
0
 10
12.77238414630313
 20
2.7976673228346463
 10
12.805717479636463
 20
2.847667322834646
  0
LWPOLYLINE
  5
19E
330
17
100
AcDbEntity
  8
NUMBERS
100
AcDbPolyline
 90
5
 70
0
 10
12.819050812969797
 20
2.7976673228346463
 10
12.85238414630313
 20
2.7976673228346463
 10
12.85238414630313
 20
2.847667322834646
 10
12.819050812969797
 20
2.847667322834646
 10
12.819050812969797
 20
2.7976673228346463
  0
LWPOLYLINE
  5
19F
330
17
100
AcDbEntity
  8
NUMBERS
100
AcDbPolyline
 90
2
 70
0
 10
12.819050812969797
 20
2.7976673228346463
 10
12.85238414630313
 20
2.847667322834646
  0
LWPOLYLINE
  5
1A0
330
17
100
AcDbEntity
  8
NUMBERS
100
AcDbPolyline
 90
4
 70
0
 10
12.890717479636463
 20
2.7976673228346463
 10
12.890717479636463
 20
2.847667322834646
 10
12.865717479636464
 20
2.814333989501313
 10
12.899050812969797
 20
2.814333989501313
  0
LWPOLYLINE
  5
1A1
330
17
100
AcDbEntity
  8
NUMBERS
100
AcDbPolyline
 90
3
 70
0
 10
12.96738414630313
 20
2.8393339895013128
 10
12.975717479636463
 20
2.847667322834646
 10
12.975717479636463
 20
2.7976673228346463
  0
LWPOLYLINE
  5
1A2
330
17
100
AcDbEntity
  8
NUMBERS
100
AcDbPolyline
 90
2
 70
0
 10
12.96738414630313
 20
2.7976673228346463
 10
12.984050812969796
 20
2.7976673228346463
  0
LWPOLYLINE
  5
1A3
330
17
100
AcDbEntity
  8
NUMBERS
100
AcDbPolyline
 90
2
 70
0
 10
13.005717479636463
 20
2.7976673228346463
 10
13.039050812969796
 20
2.847667322834646
  0
LWPOLYLINE
  5
1A4
330
17
100
AcDbEntity
  8
NUMBERS
100
AcDbPolyline
 90
7
 70
0
 10
13.05238414630313
 20
2.8393339895013128
 10
13.060717479636462
 20
2.847667322834646
 10
13.07738414630313
 20
2.847667322834646
 10
13.085717479636463
 20
2.8393339895013128
 10
13.085717479636463
 20
2.8310006561679795
 10
13.05238414630313
 20
2.7976673228346463
 10
13.085717479636463
 20
2.7976673228346463
  0
LWPOLYLINE
  5
1A5
330
17
100
AcDbEntity
  8
NUMBERS
100
AcDbPolyline
 90
4
 70
0
 10
12.755050812969797
 20
3.6120367454068245
 10
12.715050812969796
 20
3.6120367454068245
 10
12.715050812969796
 20
3.5520367454068245
 10
12.755050812969797
 20
3.5520367454068245
  0
LWPOLYLINE
  5
1A6
330
17
100
AcDbEntity
  8
NUMBERS
100
AcDbPolyline
 90
2
 70
0
 10
12.781050812969795
 20
3.5520367454068245
 10
12.801050812969796
 20
3.5520367454068245
  0
LWPOLYLINE
  5
1A7
330
17
100
AcDbEntity
  8
NUMBERS
100
AcDbPolyline
 90
2
 70
0
 10
12.791050812969797
 20
3.5520367454068245
 10
12.791050812969797
 20
3.6120367454068245
  0
LWPOLYLINE
  5
1A8
330
17
100
AcDbEntity
  8
NUMBERS
100
AcDbPolyline
 90
2
 70
0
 10
12.781050812969795
 20
3.6120367454068245
 10
12.801050812969796
 20
3.6120367454068245
  0
LWPOLYLINE
  5
1A9
330
17
100
AcDbEntity
  8
NUMBERS
100
AcDbPolyline
 90
5
 70
0
 10
12.827050812969798
 20
3.5520367454068245
 10
12.867050812969797
 20
3.5520367454068245
 10
12.867050812969797
 20
3.6120367454068245
 10
12.827050812969798
 20
3.6120367454068245
 10
12.827050812969798
 20
3.5520367454068245
  0
LWPOLYLINE
  5
1AA
330
17
100
AcDbEntity
  8
NUMBERS
100
AcDbPolyline
 90
2
 70
0
 10
12.827050812969798
 20
3.5520367454068245
 10
12.867050812969797
 20
3.6120367454068245
  0
LWPOLYLINE
  5
1AB
330
17
100
AcDbEntity
  8
NUMBERS
100
AcDbPolyline
 90
5
 70
0
 10
12.883050812969795
 20
3.5520367454068245
 10
12.923050812969796
 20
3.5520367454068245
 10
12.923050812969796
 20
3.6120367454068245
 10
12.883050812969795
 20
3.6120367454068245
 10
12.883050812969795
 20
3.5520367454068245
  0
LWPOLYLINE
  5
1AC
330
17
100
AcDbEntity
  8
NUMBERS
100
AcDbPolyline
 90
2
 70
0
 10
12.883050812969795
 20
3.5520367454068245
 10
12.923050812969796
 20
3.6120367454068245
  0
LWPOLYLINE
  5
1AD
330
17
100
AcDbEntity
  8
NUMBERS
100
AcDbPolyline
 90
4
 70
0
 10
12.969050812969796
 20
3.5520367454068245
 10
12.969050812969796
 20
3.6120367454068245
 10
12.939050812969796
 20
3.5720367454068245
 10
12.979050812969797
 20
3.5720367454068245
  0
LWPOLYLINE
  5
1AE
330
17
100
AcDbEntity
  8
NUMBERS
100
AcDbPolyline
 90
4
 70
0
 10
12.71238414630313
 20
3.4760367454068244
 10
12.679050812969797
 20
3.4760367454068244
 10
12.679050812969797
 20
3.4260367454068246
 10
12.71238414630313
 20
3.4260367454068246
  0
LWPOLYLINE
  5
1AF
330
17
100
AcDbEntity
  8
NUMBERS
100
AcDbPolyline
 90
2
 70
0
 10
12.734050812969796
 20
3.4260367454068246
 10
12.750717479636464
 20
3.4260367454068246
  0
LWPOLYLINE
  5
1B0
330
17
100
AcDbEntity
  8
NUMBERS
100
AcDbPolyline
 90
2
 70
0
 10
12.742384146303129
 20
3.4260367454068246
 10
12.742384146303129
 20
3.4760367454068244
  0
LWPOLYLINE
  5
1B1
330
17
100
AcDbEntity
  8
NUMBERS
100
AcDbPolyline
 90
2
 70
0
 10
12.734050812969796
 20
3.4760367454068244
 10
12.750717479636464
 20
3.4760367454068244
  0
LWPOLYLINE
  5
1B2
330
17
100
AcDbEntity
  8
NUMBERS
100
AcDbPolyline
 90
5
 70
0
 10
12.77238414630313
 20
3.4260367454068246
 10
12.805717479636463
 20
3.4260367454068246
 10
12.805717479636463
 20
3.4760367454068244
 10
12.77238414630313
 20
3.4760367454068244
 10
12.77238414630313
 20
3.4260367454068246
  0
LWPOLYLINE
  5
1B3
330
17
100
AcDbEntity
  8
NUMBERS
100
AcDbPolyline
 90
2
 70
0
 10
12.77238414630313
 20
3.4260367454068246
 10
12.805717479636463
 20
3.4760367454068244
  0
LWPOLYLINE
  5
1B4
330
17
100
AcDbEntity
  8
NUMBERS
100
AcDbPolyline
 90
5
 70
0
 10
12.819050812969797
 20
3.4260367454068246
 10
12.85238414630313
 20
3.4260367454068246
 10
12.85238414630313
 20
3.4760367454068244
 10
12.819050812969797
 20
3.4760367454068244
 10
12.819050812969797
 20
3.4260367454068246
  0
LWPOLYLINE
  5
1B5
330
17
100
AcDbEntity
  8
NUMBERS
100
AcDbPolyline
 90
2
 70
0
 10
12.819050812969797
 20
3.4260367454068246
 10
12.85238414630313
 20
3.4760367454068244
  0
LWPOLYLINE
  5
1B6
330
17
100
AcDbEntity
  8
NUMBERS
100
AcDbPolyline
 90
4
 70
0
 10
12.890717479636463
 20
3.4260367454068246
 10
12.890717479636463
 20
3.4760367454068244
 10
12.865717479636464
 20
3.442703412073491
 10
12.899050812969797
 20
3.442703412073491
  0
LWPOLYLINE
  5
1B7
330
17
100
AcDbEntity
  8
NUMBERS
100
AcDbPolyline
 90
7
 70
0
 10
12.959050812969796
 20
3.467703412073491
 10
12.96738414630313
 20
3.4760367454068244
 10
12.984050812969796
 20
3.4760367454068244
 10
12.992384146303129
 20
3.467703412073491
 10
12.992384146303129
 20
3.459370078740158
 10
12.959050812969796
 20
3.4260367454068246
 10
12.992384146303129
 20
3.4260367454068246
  0
LWPOLYLINE
  5
1B8
330
17
100
AcDbEntity
  8
NUMBERS
100
AcDbPolyline
 90
2
 70
0
 10
13.005717479636463
 20
3.4260367454068246
 10
13.039050812969796
 20
3.4760367454068244
  0
LWPOLYLINE
  5
1B9
330
17
100
AcDbEntity
  8
NUMBERS
100
AcDbPolyline
 90
7
 70
0
 10
13.05238414630313
 20
3.467703412073491
 10
13.060717479636462
 20
3.4760367454068244
 10
13.07738414630313
 20
3.4760367454068244
 10
13.085717479636463
 20
3.467703412073491
 10
13.085717479636463
 20
3.459370078740158
 10
13.05238414630313
 20
3.4260367454068246
 10
13.085717479636463
 20
3.4260367454068246
  0
LWPOLYLINE
  5
1BA
330
17
100
AcDbEntity
  8
NUMBERS
100
AcDbPolyline
 90
6
 70
0
 10
16.434559003297412
 20
4.196165167543508
 10
16.474559003297415
 20
4.196165167543508
 10
16.47455900329741
 20
4.226165167543508
 10
16.434559003297412
 20
4.226165167543508
 10
16.434559003297412
 20
4.256165167543508
 10
16.474559003297415
 20
4.256165167543508
  0
LWPOLYLINE
  5
1BB
330
17
100
AcDbEntity
  8
NUMBERS
100
AcDbPolyline
 90
2
 70
0
 10
16.418559003297414
 20
4.196165167543508
 10
16.37855900329741
 20
4.196165167543508
  0
LWPOLYLINE
  5
1BC
330
17
100
AcDbEntity
  8
NUMBERS
100
AcDbPolyline
 90
2
 70
0
 10
16.398559003297414
 20
4.196165167543508
 10
16.398559003297414
 20
4.256165167543508
  0
LWPOLYLINE
  5
1BD
330
17
100
AcDbEntity
  8
NUMBERS
100
AcDbPolyline
 90
5
 70
0
 10
16.362559003297413
 20
4.256165167543508
 10
16.322559003297414
 20
4.256165167543508
 10
16.322559003297414
 20
4.196165167543508
 10
16.362559003297413
 20
4.196165167543508
 10
16.362559003297413
 20
4.256165167543508
  0
LWPOLYLINE
  5
1BE
330
17
100
AcDbEntity
  8
NUMBERS
100
AcDbPolyline
 90
2
 70
0
 10
16.362559003297413
 20
4.256165167543508
 10
16.322559003297414
 20
4.196165167543508
  0
LWPOLYLINE
  5
1BF
330
17
100
AcDbEntity
  8
NUMBERS
100
AcDbPolyline
 90
3
 70
0
 10
16.296559003297414
 20
4.206165167543508
 10
16.286559003297413
 20
4.196165167543508
 10
16.286559003297413
 20
4.256165167543508
  0
LWPOLYLINE
  5
1C0
330
17
100
AcDbEntity
  8
NUMBERS
100
AcDbPolyline
 90
2
 70
0
 10
16.296559003297414
 20
4.256165167543508
 10
16.276559003297415
 20
4.256165167543508
  0
LWPOLYLINE
  5
1C1
330
17
100
AcDbEntity
  8
NUMBERS
100
AcDbPolyline
 90
7
 70
0
 10
16.25055900329741
 20
4.196165167543508
 10
16.210559003297412
 20
4.196165167543508
 10
16.23055900329741
 20
4.221165167543508
 10
16.210559003297412
 20
4.231165167543508
 10
16.210559003297412
 20
4.246165167543508
 10
16.220559003297414
 20
4.256165167543508
 10
16.25055900329741
 20
4.256165167543508
  0
LWPOLYLINE
  5
1C2
330
17
100
AcDbEntity
  8
NUMBERS
100
AcDbPolyline
 90
6
 70
0
 10
12.71238414630313
 20
4.104406167979003
 10
12.679050812969797
 20
4.104406167979003
 10
12.679050812969797
 20
4.079406167979004
 10
12.71238414630313
 20
4.079406167979004
 10
12.71238414630313
 20
4.054406167979003
 10
12.679050812969797
 20
4.054406167979003
  0
LWPOLYLINE
  5
1C3
330
17
100
AcDbEntity
  8
NUMBERS
100
AcDbPolyline
 90
2
 70
0
 10
12.725717479636463
 20
4.104406167979003
 10
12.759050812969797
 20
4.104406167979003
  0
LWPOLYLINE
  5
1C4
330
17
100
AcDbEntity
  8
NUMBERS
100
AcDbPolyline
 90
2
 70
0
 10
12.742384146303129
 20
4.104406167979003
 10
12.742384146303129
 20
4.054406167979003
  0
LWPOLYLINE
  5
1C5
330
17
100
AcDbEntity
  8
NUMBERS
100
AcDbPolyline
 90
5
 70
0
 10
12.77238414630313
 20
4.054406167979003
 10
12.805717479636463
 20
4.054406167979003
 10
12.805717479636463
 20
4.104406167979003
 10
12.77238414630313
 20
4.104406167979003
 10
12.77238414630313
 20
4.054406167979003
  0
LWPOLYLINE
  5
1C6
330
17
100
AcDbEntity
  8
NUMBERS
100
AcDbPolyline
 90
2
 70
0
 10
12.77238414630313
 20
4.054406167979003
 10
12.805717479636463
 20
4.104406167979003
  0
LWPOLYLINE
  5
1C7
330
17
100
AcDbEntity
  8
NUMBERS
100
AcDbPolyline
 90
3
 70
0
 10
12.82738414630313
 20
4.09607283464567
 10
12.835717479636463
 20
4.104406167979003
 10
12.835717479636463
 20
4.054406167979003
  0
LWPOLYLINE
  5
1C8
330
17
100
AcDbEntity
  8
NUMBERS
100
AcDbPolyline
 90
2
 70
0
 10
12.82738414630313
 20
4.054406167979003
 10
12.844050812969796
 20
4.054406167979003
  0
LWPOLYLINE
  5
1C9
330
17
100
AcDbEntity
  8
NUMBERS
100
AcDbPolyline
 90
7
 70
0
 10
12.865717479636464
 20
4.104406167979003
 10
12.899050812969797
 20
4.104406167979003
 10
12.88238414630313
 20
4.08357283464567
 10
12.899050812969797
 20
4.075239501312336
 10
12.899050812969797
 20
4.062739501312337
 10
12.890717479636463
 20
4.054406167979003
 10
12.865717479636464
 20
4.054406167979003
  0
LWPOLYLINE
  5
1CA
330
17
100
AcDbEntity
  8
NUMBERS
100
AcDbPolyline
 90
3
 70
0
 10
12.96738414630313
 20
4.09607283464567
 10
12.975717479636463
 20
4.104406167979003
 10
12.975717479636463
 20
4.054406167979003
  0
LWPOLYLINE
  5
1CB
330
17
100
AcDbEntity
  8
NUMBERS
100
AcDbPolyline
 90
2
 70
0
 10
12.96738414630313
 20
4.054406167979003
 10
12.984050812969796
 20
4.054406167979003
  0
LWPOLYLINE
  5
1CC
330
17
100
AcDbEntity
  8
NUMBERS
100
AcDbPolyline
 90
2
 70
0
 10
13.005717479636463
 20
4.054406167979003
 10
13.039050812969796
 20
4.104406167979003
  0
LWPOLYLINE
  5
1CD
330
17
100
AcDbEntity
  8
NUMBERS
100
AcDbPolyline
 90
3
 70
0
 10
13.060717479636462
 20
4.09607283464567
 10
13.069050812969797
 20
4.104406167979003
 10
13.069050812969797
 20
4.054406167979003
  0
LWPOLYLINE
  5
1CE
330
17
100
AcDbEntity
  8
NUMBERS
100
AcDbPolyline
 90
2
 70
0
 10
13.060717479636462
 20
4.054406167979003
 10
13.07738414630313
 20
4.054406167979003
  0
LWPOLYLINE
  5
1CF
330
17
100
AcDbEntity
  8
NUMBERS
100
AcDbPolyline
 90
7
 70
0
 10
13.099050812969796
 20
4.09607283464567
 10
13.10738414630313
 20
4.104406167979003
 10
13.124050812969797
 20
4.104406167979003
 10
13.13238414630313
 20
4.09607283464567
 10
13.13238414630313
 20
4.0877395013123365
 10
13.099050812969796
 20
4.054406167979003
 10
13.13238414630313
 20
4.054406167979003
  0
LWPOLYLINE
  5
1D0
330
17
100
AcDbEntity
  8
NUMBERS
100
AcDbPolyline
 90
6
 70
0
 10
17.464571436367592
 20
7.809914358306619
 10
17.464571436367592
 20
7.84991435830662
 10
17.43457143636759
 20
7.84991435830662
 10
17.43457143636759
 20
7.80991435830662
 10
17.404571436367593
 20
7.80991435830662
 10
17.404571436367593
 20
7.84991435830662
  0
LWPOLYLINE
  5
1D1
330
17
100
AcDbEntity
  8
NUMBERS
100
AcDbPolyline
 90
2
 70
0
 10
17.464571436367592
 20
7.793914358306619
 10
17.464571436367592
 20
7.75391435830662
  0
LWPOLYLINE
  5
1D2
330
17
100
AcDbEntity
  8
NUMBERS
100
AcDbPolyline
 90
2
 70
0
 10
17.464571436367592
 20
7.7739143583066195
 10
17.404571436367593
 20
7.7739143583066195
  0
LWPOLYLINE
  5
1D3
330
17
100
AcDbEntity
  8
NUMBERS
100
AcDbPolyline
 90
5
 70
0
 10
17.404571436367593
 20
7.73791435830662
 10
17.404571436367593
 20
7.69791435830662
 10
17.464571436367592
 20
7.69791435830662
 10
17.464571436367592
 20
7.73791435830662
 10
17.404571436367593
 20
7.73791435830662
  0
LWPOLYLINE
  5
1D4
330
17
100
AcDbEntity
  8
NUMBERS
100
AcDbPolyline
 90
2
 70
0
 10
17.404571436367593
 20
7.73791435830662
 10
17.464571436367592
 20
7.69791435830662
  0
LWPOLYLINE
  5
1D5
330
17
100
AcDbEntity
  8
NUMBERS
100
AcDbPolyline
 90
3
 70
0
 10
17.45457143636759
 20
7.671914358306619
 10
17.464571436367592
 20
7.661914358306619
 10
17.404571436367593
 20
7.661914358306619
  0
LWPOLYLINE
  5
1D6
330
17
100
AcDbEntity
  8
NUMBERS
100
AcDbPolyline
 90
2
 70
0
 10
17.404571436367593
 20
7.67191435830662
 10
17.404571436367593
 20
7.65191435830662
  0
LWPOLYLINE
  5
1D7
330
17
100
AcDbEntity
  8
NUMBERS
100
AcDbPolyline
 90
7
 70
0
 10
17.464571436367592
 20
7.62591435830662
 10
17.464571436367592
 20
7.58591435830662
 10
17.439571436367594
 20
7.605914358306619
 10
17.429571436367592
 20
7.58591435830662
 10
17.41457143636759
 20
7.58591435830662
 10
17.404571436367593
 20
7.5959143583066195
 10
17.404571436367593
 20
7.62591435830662
  0
LWPOLYLINE
  5
1D8
330
17
100
AcDbEntity
  8
NUMBERS
100
AcDbPolyline
 90
6
 70
0
 10
17.556330435932097
 20
4.0877395013123365
 10
17.556330435932097
 20
4.054406167979003
 10
17.581330435932095
 20
4.054406167979003
 10
17.581330435932095
 20
4.0877395013123365
 10
17.606330435932097
 20
4.0877395013123365
 10
17.606330435932097
 20
4.054406167979003
  0
LWPOLYLINE
  5
1D9
330
17
100
AcDbEntity
  8
NUMBERS
100
AcDbPolyline
 90
2
 70
0
 10
17.556330435932097
 20
4.10107283464567
 10
17.556330435932097
 20
4.134406167979003
  0
LWPOLYLINE
  5
1DA
330
17
100
AcDbEntity
  8
NUMBERS
100
AcDbPolyline
 90
2
 70
0
 10
17.556330435932097
 20
4.117739501312337
 10
17.606330435932097
 20
4.117739501312337
  0
LWPOLYLINE
  5
1DB
330
17
100
AcDbEntity
  8
NUMBERS
100
AcDbPolyline
 90
5
 70
0
 10
17.606330435932097
 20
4.147739501312337
 10
17.606330435932097
 20
4.18107283464567
 10
17.556330435932097
 20
4.18107283464567
 10
17.556330435932097
 20
4.147739501312337
 10
17.606330435932097
 20
4.147739501312337
  0
LWPOLYLINE
  5
1DC
330
17
100
AcDbEntity
  8
NUMBERS
100
AcDbPolyline
 90
2
 70
0
 10
17.606330435932097
 20
4.147739501312337
 10
17.556330435932097
 20
4.18107283464567
  0
LWPOLYLINE
  5
1DD
330
17
100
AcDbEntity
  8
NUMBERS
100
AcDbPolyline
 90
3
 70
0
 10
17.56466376926543
 20
4.202739501312337
 10
17.556330435932097
 20
4.21107283464567
 10
17.606330435932097
 20
4.21107283464567
  0
LWPOLYLINE
  5
1DE
330
17
100
AcDbEntity
  8
NUMBERS
100
AcDbPolyline
 90
2
 70
0
 10
17.606330435932097
 20
4.202739501312337
 10
17.606330435932097
 20
4.219406167979003
  0
LWPOLYLINE
  5
1DF
330
17
100
AcDbEntity
  8
NUMBERS
100
AcDbPolyline
 90
7
 70
0
 10
17.556330435932097
 20
4.24107283464567
 10
17.556330435932097
 20
4.274406167979003
 10
17.57716376926543
 20
4.2577395013123365
 10
17.585497102598765
 20
4.274406167979003
 10
17.597997102598764
 20
4.274406167979003
 10
17.606330435932097
 20
4.26607283464567
 10
17.606330435932097
 20
4.24107283464567
  0
LWPOLYLINE
  5
1E0
330
17
100
AcDbEntity
  8
NUMBERS
100
AcDbPolyline
 90
7
 70
0
 10
17.56466376926543
 20
4.334406167979004
 10
17.556330435932097
 20
4.342739501312336
 10
17.556330435932097
 20
4.359406167979003
 10
17.56466376926543
 20
4.367739501312337
 10
17.572997102598762
 20
4.367739501312337
 10
17.606330435932097
 20
4.334406167979004
 10
17.606330435932097
 20
4.367739501312337
  0
LWPOLYLINE
  5
1E1
330
17
100
AcDbEntity
  8
NUMBERS
100
AcDbPolyline
 90
2
 70
0
 10
17.606330435932097
 20
4.3810728346456695
 10
17.556330435932097
 20
4.414406167979004
  0
LWPOLYLINE
  5
1E2
330
17
100
AcDbEntity
  8
NUMBERS
100
AcDbPolyline
 90
3
 70
0
 10
17.56466376926543
 20
4.43607283464567
 10
17.556330435932097
 20
4.444406167979003
 10
17.606330435932097
 20
4.444406167979003
  0
LWPOLYLINE
  5
1E3
330
17
100
AcDbEntity
  8
NUMBERS
100
AcDbPolyline
 90
2
 70
0
 10
17.606330435932097
 20
4.43607283464567
 10
17.606330435932097
 20
4.452739501312337
  0
LWPOLYLINE
  5
1E4
330
17
100
AcDbEntity
  8
NUMBERS
100
AcDbPolyline
 90
7
 70
0
 10
17.56466376926543
 20
4.474406167979003
 10
17.556330435932097
 20
4.482739501312337
 10
17.556330435932097
 20
4.499406167979004
 10
17.56466376926543
 20
4.5077395013123365
 10
17.572997102598762
 20
4.5077395013123365
 10
17.606330435932097
 20
4.474406167979003
 10
17.606330435932097
 20
4.5077395013123365
  0
LWPOLYLINE
  5
1E5
330
17
100
AcDbEntity
  8
NUMBERS
100
AcDbPolyline
 90
6
 70
0
 10
17.932684592497733
 20
7.809914358306619
 10
17.932684592497733
 20
7.84991435830662
 10
17.90268459249773
 20
7.84991435830662
 10
17.90268459249773
 20
7.80991435830662
 10
17.872684592497734
 20
7.80991435830662
 10
17.872684592497734
 20
7.84991435830662
  0
LWPOLYLINE
  5
1E6
330
17
100
AcDbEntity
  8
NUMBERS
100
AcDbPolyline
 90
2
 70
0
 10
17.932684592497733
 20
7.793914358306619
 10
17.932684592497733
 20
7.75391435830662
  0
LWPOLYLINE
  5
1E7
330
17
100
AcDbEntity
  8
NUMBERS
100
AcDbPolyline
 90
2
 70
0
 10
17.932684592497733
 20
7.7739143583066195
 10
17.872684592497734
 20
7.7739143583066195
  0
LWPOLYLINE
  5
1E8
330
17
100
AcDbEntity
  8
NUMBERS
100
AcDbPolyline
 90
5
 70
0
 10
17.872684592497734
 20
7.73791435830662
 10
17.872684592497734
 20
7.69791435830662
 10
17.932684592497733
 20
7.69791435830662
 10
17.932684592497733
 20
7.73791435830662
 10
17.872684592497734
 20
7.73791435830662
  0
LWPOLYLINE
  5
1E9
330
17
100
AcDbEntity
  8
NUMBERS
100
AcDbPolyline
 90
2
 70
0
 10
17.872684592497734
 20
7.73791435830662
 10
17.932684592497733
 20
7.69791435830662
  0
LWPOLYLINE
  5
1EA
330
17
100
AcDbEntity
  8
NUMBERS
100
AcDbPolyline
 90
3
 70
0
 10
17.92268459249773
 20
7.671914358306619
 10
17.932684592497733
 20
7.661914358306619
 10
17.872684592497734
 20
7.661914358306619
  0
LWPOLYLINE
  5
1EB
330
17
100
AcDbEntity
  8
NUMBERS
100
AcDbPolyline
 90
2
 70
0
 10
17.872684592497734
 20
7.67191435830662
 10
17.872684592497734
 20
7.65191435830662
  0
LWPOLYLINE
  5
1EC
330
17
100
AcDbEntity
  8
NUMBERS
100
AcDbPolyline
 90
7
 70
0
 10
17.932684592497733
 20
7.62591435830662
 10
17.932684592497733
 20
7.58591435830662
 10
17.907684592497734
 20
7.605914358306619
 10
17.897684592497733
 20
7.58591435830662
 10
17.882684592497732
 20
7.58591435830662
 10
17.872684592497734
 20
7.5959143583066195
 10
17.872684592497734
 20
7.62591435830662
  0
LWPOLYLINE
  5
1ED
330
17
100
AcDbEntity
  8
NUMBERS
100
AcDbPolyline
 90
6
 70
0
 10
18.024443592062237
 20
4.0877395013123365
 10
18.024443592062237
 20
4.054406167979003
 10
18.04944359206224
 20
4.054406167979003
 10
18.04944359206224
 20
4.0877395013123365
 10
18.074443592062238
 20
4.0877395013123365
 10
18.074443592062238
 20
4.054406167979003
  0
LWPOLYLINE
  5
1EE
330
17
100
AcDbEntity
  8
NUMBERS
100
AcDbPolyline
 90
2
 70
0
 10
18.024443592062237
 20
4.10107283464567
 10
18.024443592062237
 20
4.134406167979003
  0
LWPOLYLINE
  5
1EF
330
17
100
AcDbEntity
  8
NUMBERS
100
AcDbPolyline
 90
2
 70
0
 10
18.024443592062237
 20
4.117739501312337
 10
18.074443592062238
 20
4.117739501312337
  0
LWPOLYLINE
  5
1F0
330
17
100
AcDbEntity
  8
NUMBERS
100
AcDbPolyline
 90
5
 70
0
 10
18.074443592062238
 20
4.147739501312337
 10
18.074443592062238
 20
4.18107283464567
 10
18.024443592062237
 20
4.18107283464567
 10
18.024443592062237
 20
4.147739501312337
 10
18.074443592062238
 20
4.147739501312337
  0
LWPOLYLINE
  5
1F1
330
17
100
AcDbEntity
  8
NUMBERS
100
AcDbPolyline
 90
2
 70
0
 10
18.074443592062238
 20
4.147739501312337
 10
18.024443592062237
 20
4.18107283464567
  0
LWPOLYLINE
  5
1F2
330
17
100
AcDbEntity
  8
NUMBERS
100
AcDbPolyline
 90
3
 70
0
 10
18.03277692539557
 20
4.202739501312337
 10
18.024443592062237
 20
4.21107283464567
 10
18.074443592062238
 20
4.21107283464567
  0
LWPOLYLINE
  5
1F3
330
17
100
AcDbEntity
  8
NUMBERS
100
AcDbPolyline
 90
2
 70
0
 10
18.074443592062238
 20
4.202739501312337
 10
18.074443592062238
 20
4.219406167979003
  0
LWPOLYLINE
  5
1F4
330
17
100
AcDbEntity
  8
NUMBERS
100
AcDbPolyline
 90
7
 70
0
 10
18.024443592062237
 20
4.24107283464567
 10
18.024443592062237
 20
4.274406167979003
 10
18.04527692539557
 20
4.2577395013123365
 10
18.053610258728906
 20
4.274406167979003
 10
18.066110258728905
 20
4.274406167979003
 10
18.074443592062238
 20
4.26607283464567
 10
18.074443592062238
 20
4.24107283464567
  0
LWPOLYLINE
  5
1F5
330
17
100
AcDbEntity
  8
NUMBERS
100
AcDbPolyline
 90
7
 70
0
 10
18.024443592062237
 20
4.334406167979004
 10
18.024443592062237
 20
4.367739501312337
 10
18.04527692539557
 20
4.35107283464567
 10
18.053610258728906
 20
4.367739501312337
 10
18.066110258728905
 20
4.367739501312337
 10
18.074443592062238
 20
4.359406167979003
 10
18.074443592062238
 20
4.334406167979004
  0
LWPOLYLINE
  5
1F6
330
17
100
AcDbEntity
  8
NUMBERS
100
AcDbPolyline
 90
2
 70
0
 10
18.074443592062238
 20
4.3810728346456695
 10
18.024443592062237
 20
4.414406167979004
  0
LWPOLYLINE
  5
1F7
330
17
100
AcDbEntity
  8
NUMBERS
100
AcDbPolyline
 90
3
 70
0
 10
18.03277692539557
 20
4.43607283464567
 10
18.024443592062237
 20
4.444406167979003
 10
18.074443592062238
 20
4.444406167979003
  0
LWPOLYLINE
  5
1F8
330
17
100
AcDbEntity
  8
NUMBERS
100
AcDbPolyline
 90
2
 70
0
 10
18.074443592062238
 20
4.43607283464567
 10
18.074443592062238
 20
4.452739501312337
  0
LWPOLYLINE
  5
1F9
330
17
100
AcDbEntity
  8
NUMBERS
100
AcDbPolyline
 90
7
 70
0
 10
18.03277692539557
 20
4.474406167979003
 10
18.024443592062237
 20
4.482739501312337
 10
18.024443592062237
 20
4.499406167979004
 10
18.03277692539557
 20
4.5077395013123365
 10
18.041110258728903
 20
4.5077395013123365
 10
18.074443592062238
 20
4.474406167979003
 10
18.074443592062238
 20
4.5077395013123365
  0
LWPOLYLINE
  5
1FA
330
17
100
AcDbEntity
  8
NUMBERS
100
AcDbPolyline
 90
6
 70
0
 10
16.434559003297412
 20
4.664278323673649
 10
16.474559003297415
 20
4.664278323673649
 10
16.47455900329741
 20
4.694278323673649
 10
16.434559003297412
 20
4.694278323673649
 10
16.434559003297412
 20
4.72427832367365
 10
16.474559003297415
 20
4.72427832367365
  0
LWPOLYLINE
  5
1FB
330
17
100
AcDbEntity
  8
NUMBERS
100
AcDbPolyline
 90
2
 70
0
 10
16.418559003297414
 20
4.664278323673649
 10
16.37855900329741
 20
4.664278323673649
  0
LWPOLYLINE
  5
1FC
330
17
100
AcDbEntity
  8
NUMBERS
100
AcDbPolyline
 90
2
 70
0
 10
16.398559003297414
 20
4.664278323673649
 10
16.398559003297414
 20
4.72427832367365
  0
LWPOLYLINE
  5
1FD
330
17
100
AcDbEntity
  8
NUMBERS
100
AcDbPolyline
 90
5
 70
0
 10
16.362559003297413
 20
4.72427832367365
 10
16.322559003297414
 20
4.72427832367365
 10
16.322559003297414
 20
4.664278323673649
 10
16.362559003297413
 20
4.664278323673649
 10
16.362559003297413
 20
4.72427832367365
  0
LWPOLYLINE
  5
1FE
330
17
100
AcDbEntity
  8
NUMBERS
100
AcDbPolyline
 90
2
 70
0
 10
16.362559003297413
 20
4.72427832367365
 10
16.322559003297414
 20
4.664278323673649
  0
LWPOLYLINE
  5
1FF
330
17
100
AcDbEntity
  8
NUMBERS
100
AcDbPolyline
 90
3
 70
0
 10
16.296559003297414
 20
4.67427832367365
 10
16.286559003297413
 20
4.664278323673649
 10
16.286559003297413
 20
4.72427832367365
  0
LWPOLYLINE
  5
200
330
17
100
AcDbEntity
  8
NUMBERS
100
AcDbPolyline
 90
2
 70
0
 10
16.296559003297414
 20
4.72427832367365
 10
16.276559003297415
 20
4.72427832367365
  0
LWPOLYLINE
  5
201
330
17
100
AcDbEntity
  8
NUMBERS
100
AcDbPolyline
 90
7
 70
0
 10
16.25055900329741
 20
4.664278323673649
 10
16.210559003297412
 20
4.664278323673649
 10
16.23055900329741
 20
4.6892783236736495
 10
16.210559003297412
 20
4.699278323673649
 10
16.210559003297412
 20
4.71427832367365
 10
16.220559003297414
 20
4.72427832367365
 10
16.25055900329741
 20
4.72427832367365
  0
LWPOLYLINE
  5
202
330
17
100
AcDbEntity
  8
NUMBERS
100
AcDbPolyline
 90
6
 70
0
 10
12.71238414630313
 20
4.572519324109145
 10
12.679050812969797
 20
4.572519324109145
 10
12.679050812969797
 20
4.547519324109145
 10
12.71238414630313
 20
4.547519324109145
 10
12.71238414630313
 20
4.522519324109145
 10
12.679050812969797
 20
4.522519324109145
  0
LWPOLYLINE
  5
203
330
17
100
AcDbEntity
  8
NUMBERS
100
AcDbPolyline
 90
2
 70
0
 10
12.725717479636463
 20
4.572519324109145
 10
12.759050812969797
 20
4.572519324109145
  0
LWPOLYLINE
  5
204
330
17
100
AcDbEntity
  8
NUMBERS
100
AcDbPolyline
 90
2
 70
0
 10
12.742384146303129
 20
4.572519324109145
 10
12.742384146303129
 20
4.522519324109145
  0
LWPOLYLINE
  5
205
330
17
100
AcDbEntity
  8
NUMBERS
100
AcDbPolyline
 90
5
 70
0
 10
12.77238414630313
 20
4.522519324109145
 10
12.805717479636463
 20
4.522519324109145
 10
12.805717479636463
 20
4.572519324109145
 10
12.77238414630313
 20
4.572519324109145
 10
12.77238414630313
 20
4.522519324109145
  0
LWPOLYLINE
  5
206
330
17
100
AcDbEntity
  8
NUMBERS
100
AcDbPolyline
 90
2
 70
0
 10
12.77238414630313
 20
4.522519324109145
 10
12.805717479636463
 20
4.572519324109145
  0
LWPOLYLINE
  5
207
330
17
100
AcDbEntity
  8
NUMBERS
100
AcDbPolyline
 90
3
 70
0
 10
12.82738414630313
 20
4.564185990775812
 10
12.835717479636463
 20
4.572519324109145
 10
12.835717479636463
 20
4.522519324109145
  0
LWPOLYLINE
  5
208
330
17
100
AcDbEntity
  8
NUMBERS
100
AcDbPolyline
 90
2
 70
0
 10
12.82738414630313
 20
4.522519324109145
 10
12.844050812969796
 20
4.522519324109145
  0
LWPOLYLINE
  5
209
330
17
100
AcDbEntity
  8
NUMBERS
100
AcDbPolyline
 90
7
 70
0
 10
12.865717479636464
 20
4.572519324109145
 10
12.899050812969797
 20
4.572519324109145
 10
12.88238414630313
 20
4.551685990775812
 10
12.899050812969797
 20
4.543352657442478
 10
12.899050812969797
 20
4.530852657442479
 10
12.890717479636463
 20
4.522519324109145
 10
12.865717479636464
 20
4.522519324109145
  0
LWPOLYLINE
  5
20A
330
17
100
AcDbEntity
  8
NUMBERS
100
AcDbPolyline
 90
4
 70
0
 10
12.984050812969796
 20
4.522519324109145
 10
12.984050812969796
 20
4.572519324109145
 10
12.959050812969796
 20
4.539185990775811
 10
12.992384146303129
 20
4.539185990775811
  0
LWPOLYLINE
  5
20B
330
17
100
AcDbEntity
  8
NUMBERS
100
AcDbPolyline
 90
2
 70
0
 10
13.005717479636463
 20
4.522519324109145
 10
13.039050812969796
 20
4.572519324109145
  0
LWPOLYLINE
  5
20C
330
17
100
AcDbEntity
  8
NUMBERS
100
AcDbPolyline
 90
3
 70
0
 10
13.060717479636462
 20
4.564185990775812
 10
13.069050812969797
 20
4.572519324109145
 10
13.069050812969797
 20
4.522519324109145
  0
LWPOLYLINE
  5
20D
330
17
100
AcDbEntity
  8
NUMBERS
100
AcDbPolyline
 90
2
 70
0
 10
13.060717479636462
 20
4.522519324109145
 10
13.07738414630313
 20
4.522519324109145
  0
LWPOLYLINE
  5
20E
330
17
100
AcDbEntity
  8
NUMBERS
100
AcDbPolyline
 90
7
 70
0
 10
13.099050812969796
 20
4.564185990775812
 10
13.10738414630313
 20
4.572519324109145
 10
13.124050812969797
 20
4.572519324109145
 10
13.13238414630313
 20
4.564185990775812
 10
13.13238414630313
 20
4.555852657442478
 10
13.099050812969796
 20
4.522519324109145
 10
13.13238414630313
 20
4.522519324109145
  0
LWPOLYLINE
  5
20F
330
17
100
AcDbEntity
  8
NUMBERS
100
AcDbPolyline
 90
6
 70
0
 10
16.434559003297412
 20
5.132391479803791
 10
16.474559003297415
 20
5.132391479803791
 10
16.47455900329741
 20
5.162391479803791
 10
16.434559003297412
 20
5.162391479803791
 10
16.434559003297412
 20
5.192391479803791
 10
16.474559003297415
 20
5.192391479803791
  0
LWPOLYLINE
  5
210
330
17
100
AcDbEntity
  8
NUMBERS
100
AcDbPolyline
 90
2
 70
0
 10
16.418559003297414
 20
5.132391479803791
 10
16.37855900329741
 20
5.132391479803791
  0
LWPOLYLINE
  5
211
330
17
100
AcDbEntity
  8
NUMBERS
100
AcDbPolyline
 90
2
 70
0
 10
16.398559003297414
 20
5.132391479803791
 10
16.398559003297414
 20
5.192391479803791
  0
LWPOLYLINE
  5
212
330
17
100
AcDbEntity
  8
NUMBERS
100
AcDbPolyline
 90
5
 70
0
 10
16.362559003297413
 20
5.192391479803791
 10
16.322559003297414
 20
5.192391479803791
 10
16.322559003297414
 20
5.132391479803791
 10
16.362559003297413
 20
5.132391479803791
 10
16.362559003297413
 20
5.192391479803791
  0
LWPOLYLINE
  5
213
330
17
100
AcDbEntity
  8
NUMBERS
100
AcDbPolyline
 90
2
 70
0
 10
16.362559003297413
 20
5.192391479803791
 10
16.322559003297414
 20
5.132391479803791
  0
LWPOLYLINE
  5
214
330
17
100
AcDbEntity
  8
NUMBERS
100
AcDbPolyline
 90
3
 70
0
 10
16.296559003297414
 20
5.142391479803791
 10
16.286559003297413
 20
5.132391479803791
 10
16.286559003297413
 20
5.192391479803791
  0
LWPOLYLINE
  5
215
330
17
100
AcDbEntity
  8
NUMBERS
100
AcDbPolyline
 90
2
 70
0
 10
16.296559003297414
 20
5.192391479803791
 10
16.276559003297415
 20
5.192391479803791
  0
LWPOLYLINE
  5
216
330
17
100
AcDbEntity
  8
NUMBERS
100
AcDbPolyline
 90
7
 70
0
 10
16.25055900329741
 20
5.132391479803791
 10
16.210559003297412
 20
5.132391479803791
 10
16.23055900329741
 20
5.157391479803791
 10
16.210559003297412
 20
5.167391479803791
 10
16.210559003297412
 20
5.182391479803791
 10
16.220559003297414
 20
5.192391479803791
 10
16.25055900329741
 20
5.192391479803791
  0
LWPOLYLINE
  5
217
330
17
100
AcDbEntity
  8
NUMBERS
100
AcDbPolyline
 90
6
 70
0
 10
12.71238414630313
 20
5.040632480239286
 10
12.679050812969797
 20
5.040632480239286
 10
12.679050812969797
 20
5.015632480239287
 10
12.71238414630313
 20
5.015632480239287
 10
12.71238414630313
 20
4.990632480239286
 10
12.679050812969797
 20
4.990632480239286
  0
LWPOLYLINE
  5
218
330
17
100
AcDbEntity
  8
NUMBERS
100
AcDbPolyline
 90
2
 70
0
 10
12.725717479636463
 20
5.040632480239286
 10
12.759050812969797
 20
5.040632480239286
  0
LWPOLYLINE
  5
219
330
17
100
AcDbEntity
  8
NUMBERS
100
AcDbPolyline
 90
2
 70
0
 10
12.742384146303129
 20
5.040632480239286
 10
12.742384146303129
 20
4.990632480239286
  0
LWPOLYLINE
  5
21A
330
17
100
AcDbEntity
  8
NUMBERS
100
AcDbPolyline
 90
5
 70
0
 10
12.77238414630313
 20
4.990632480239286
 10
12.805717479636463
 20
4.990632480239286
 10
12.805717479636463
 20
5.040632480239286
 10
12.77238414630313
 20
5.040632480239286
 10
12.77238414630313
 20
4.990632480239286
  0
LWPOLYLINE
  5
21B
330
17
100
AcDbEntity
  8
NUMBERS
100
AcDbPolyline
 90
2
 70
0
 10
12.77238414630313
 20
4.990632480239286
 10
12.805717479636463
 20
5.040632480239286
  0
LWPOLYLINE
  5
21C
330
17
100
AcDbEntity
  8
NUMBERS
100
AcDbPolyline
 90
3
 70
0
 10
12.82738414630313
 20
5.032299146905953
 10
12.835717479636463
 20
5.040632480239286
 10
12.835717479636463
 20
4.990632480239286
  0
LWPOLYLINE
  5
21D
330
17
100
AcDbEntity
  8
NUMBERS
100
AcDbPolyline
 90
2
 70
0
 10
12.82738414630313
 20
4.990632480239286
 10
12.844050812969796
 20
4.990632480239286
  0
LWPOLYLINE
  5
21E
330
17
100
AcDbEntity
  8
NUMBERS
100
AcDbPolyline
 90
7
 70
0
 10
12.865717479636464
 20
5.040632480239286
 10
12.899050812969797
 20
5.040632480239286
 10
12.88238414630313
 20
5.019799146905953
 10
12.899050812969797
 20
5.011465813572619
 10
12.899050812969797
 20
4.99896581357262
 10
12.890717479636463
 20
4.990632480239286
 10
12.865717479636464
 20
4.990632480239286
  0
LWPOLYLINE
  5
21F
330
17
100
AcDbEntity
  8
NUMBERS
100
AcDbPolyline
 90
8
 70
0
 10
12.992384146303129
 20
5.040632480239286
 10
12.959050812969796
 20
5.040632480239286
 10
12.959050812969796
 20
5.019799146905953
 10
12.984050812969796
 20
5.019799146905953
 10
12.992384146303129
 20
5.011465813572619
 10
12.992384146303129
 20
4.99896581357262
 10
12.984050812969796
 20
4.990632480239286
 10
12.959050812969796
 20
4.990632480239286
  0
LWPOLYLINE
  5
220
330
17
100
AcDbEntity
  8
NUMBERS
100
AcDbPolyline
 90
2
 70
0
 10
13.005717479636463
 20
4.990632480239286
 10
13.039050812969796
 20
5.040632480239286
  0
LWPOLYLINE
  5
221
330
17
100
AcDbEntity
  8
NUMBERS
100
AcDbPolyline
 90
3
 70
0
 10
13.060717479636462
 20
5.032299146905953
 10
13.069050812969797
 20
5.040632480239286
 10
13.069050812969797
 20
4.990632480239286
  0
LWPOLYLINE
  5
222
330
17
100
AcDbEntity
  8
NUMBERS
100
AcDbPolyline
 90
2
 70
0
 10
13.060717479636462
 20
4.990632480239286
 10
13.07738414630313
 20
4.990632480239286
  0
LWPOLYLINE
  5
223
330
17
100
AcDbEntity
  8
NUMBERS
100
AcDbPolyline
 90
7
 70
0
 10
13.099050812969796
 20
5.032299146905953
 10
13.10738414630313
 20
5.040632480239286
 10
13.124050812969797
 20
5.040632480239286
 10
13.13238414630313
 20
5.032299146905953
 10
13.13238414630313
 20
5.0239658135726195
 10
13.099050812969796
 20
4.990632480239286
 10
13.13238414630313
 20
4.990632480239286
  0
LWPOLYLINE
  5
224
330
17
100
AcDbEntity
  8
NUMBERS
100
AcDbPolyline
 90
6
 70
0
 10
16.434559003297412
 20
5.600504635933932
 10
16.474559003297415
 20
5.600504635933932
 10
16.47455900329741
 20
5.630504635933932
 10
16.434559003297412
 20
5.630504635933932
 10
16.434559003297412
 20
5.660504635933933
 10
16.474559003297415
 20
5.660504635933933
  0
LWPOLYLINE
  5
225
330
17
100
AcDbEntity
  8
NUMBERS
100
AcDbPolyline
 90
2
 70
0
 10
16.418559003297414
 20
5.600504635933932
 10
16.37855900329741
 20
5.600504635933932
  0
LWPOLYLINE
  5
226
330
17
100
AcDbEntity
  8
NUMBERS
100
AcDbPolyline
 90
2
 70
0
 10
16.398559003297414
 20
5.600504635933932
 10
16.398559003297414
 20
5.660504635933933
  0
LWPOLYLINE
  5
227
330
17
100
AcDbEntity
  8
NUMBERS
100
AcDbPolyline
 90
5
 70
0
 10
16.362559003297413
 20
5.660504635933933
 10
16.322559003297414
 20
5.660504635933933
 10
16.322559003297414
 20
5.600504635933932
 10
16.362559003297413
 20
5.600504635933932
 10
16.362559003297413
 20
5.660504635933933
  0
LWPOLYLINE
  5
228
330
17
100
AcDbEntity
  8
NUMBERS
100
AcDbPolyline
 90
2
 70
0
 10
16.362559003297413
 20
5.660504635933933
 10
16.322559003297414
 20
5.600504635933932
  0
LWPOLYLINE
  5
229
330
17
100
AcDbEntity
  8
NUMBERS
100
AcDbPolyline
 90
3
 70
0
 10
16.296559003297414
 20
5.610504635933933
 10
16.286559003297413
 20
5.600504635933932
 10
16.286559003297413
 20
5.660504635933933
  0
LWPOLYLINE
  5
22A
330
17
100
AcDbEntity
  8
NUMBERS
100
AcDbPolyline
 90
2
 70
0
 10
16.296559003297414
 20
5.660504635933933
 10
16.276559003297415
 20
5.660504635933933
  0
LWPOLYLINE
  5
22B
330
17
100
AcDbEntity
  8
NUMBERS
100
AcDbPolyline
 90
7
 70
0
 10
16.25055900329741
 20
5.600504635933932
 10
16.210559003297412
 20
5.600504635933932
 10
16.23055900329741
 20
5.6255046359339325
 10
16.210559003297412
 20
5.635504635933932
 10
16.210559003297412
 20
5.650504635933933
 10
16.220559003297414
 20
5.660504635933933
 10
16.25055900329741
 20
5.660504635933933
  0
LWPOLYLINE
  5
22C
330
17
100
AcDbEntity
  8
NUMBERS
100
AcDbPolyline
 90
6
 70
0
 10
12.71238414630313
 20
5.508745636369428
 10
12.679050812969797
 20
5.508745636369428
 10
12.679050812969797
 20
5.483745636369428
 10
12.71238414630313
 20
5.483745636369428
 10
12.71238414630313
 20
5.458745636369428
 10
12.679050812969797
 20
5.458745636369428
  0
LWPOLYLINE
  5
22D
330
17
100
AcDbEntity
  8
NUMBERS
100
AcDbPolyline
 90
2
 70
0
 10
12.725717479636463
 20
5.508745636369428
 10
12.759050812969797
 20
5.508745636369428
  0
LWPOLYLINE
  5
22E
330
17
100
AcDbEntity
  8
NUMBERS
100
AcDbPolyline
 90
2
 70
0
 10
12.742384146303129
 20
5.508745636369428
 10
12.742384146303129
 20
5.458745636369428
  0
LWPOLYLINE
  5
22F
330
17
100
AcDbEntity
  8
NUMBERS
100
AcDbPolyline
 90
5
 70
0
 10
12.77238414630313
 20
5.458745636369428
 10
12.805717479636463
 20
5.458745636369428
 10
12.805717479636463
 20
5.508745636369428
 10
12.77238414630313
 20
5.508745636369428
 10
12.77238414630313
 20
5.458745636369428
  0
LWPOLYLINE
  5
230
330
17
100
AcDbEntity
  8
NUMBERS
100
AcDbPolyline
 90
2
 70
0
 10
12.77238414630313
 20
5.458745636369428
 10
12.805717479636463
 20
5.508745636369428
  0
LWPOLYLINE
  5
231
330
17
100
AcDbEntity
  8
NUMBERS
100
AcDbPolyline
 90
3
 70
0
 10
12.82738414630313
 20
5.500412303036095
 10
12.835717479636463
 20
5.508745636369428
 10
12.835717479636463
 20
5.458745636369428
  0
LWPOLYLINE
  5
232
330
17
100
AcDbEntity
  8
NUMBERS
100
AcDbPolyline
 90
2
 70
0
 10
12.82738414630313
 20
5.458745636369428
 10
12.844050812969796
 20
5.458745636369428
  0
LWPOLYLINE
  5
233
330
17
100
AcDbEntity
  8
NUMBERS
100
AcDbPolyline
 90
7
 70
0
 10
12.865717479636464
 20
5.508745636369428
 10
12.899050812969797
 20
5.508745636369428
 10
12.88238414630313
 20
5.487912303036095
 10
12.899050812969797
 20
5.479578969702761
 10
12.899050812969797
 20
5.4670789697027615
 10
12.890717479636463
 20
5.458745636369428
 10
12.865717479636464
 20
5.458745636369428
  0
LWPOLYLINE
  5
234
330
17
100
AcDbEntity
  8
NUMBERS
100
AcDbPolyline
 90
7
 70
0
 10
12.992384146303129
 20
5.508745636369428
 10
12.96738414630313
 20
5.508745636369428
 10
12.959050812969796
 20
5.500412303036095
 10
12.959050812969796
 20
5.458745636369428
 10
12.992384146303129
 20
5.458745636369428
 10
12.992384146303129
 20
5.483745636369428
 10
12.959050812969796
 20
5.483745636369428
  0
LWPOLYLINE
  5
235
330
17
100
AcDbEntity
  8
NUMBERS
100
AcDbPolyline
 90
2
 70
0
 10
13.005717479636463
 20
5.458745636369428
 10
13.039050812969796
 20
5.508745636369428
  0
LWPOLYLINE
  5
236
330
17
100
AcDbEntity
  8
NUMBERS
100
AcDbPolyline
 90
3
 70
0
 10
13.060717479636462
 20
5.500412303036095
 10
13.069050812969797
 20
5.508745636369428
 10
13.069050812969797
 20
5.458745636369428
  0
LWPOLYLINE
  5
237
330
17
100
AcDbEntity
  8
NUMBERS
100
AcDbPolyline
 90
2
 70
0
 10
13.060717479636462
 20
5.458745636369428
 10
13.07738414630313
 20
5.458745636369428
  0
LWPOLYLINE
  5
238
330
17
100
AcDbEntity
  8
NUMBERS
100
AcDbPolyline
 90
7
 70
0
 10
13.099050812969796
 20
5.500412303036095
 10
13.10738414630313
 20
5.508745636369428
 10
13.124050812969797
 20
5.508745636369428
 10
13.13238414630313
 20
5.500412303036095
 10
13.13238414630313
 20
5.492078969702761
 10
13.099050812969796
 20
5.458745636369428
 10
13.13238414630313
 20
5.458745636369428
  0
LWPOLYLINE
  5
239
330
17
100
AcDbEntity
  8
NUMBERS
100
AcDbPolyline
 90
6
 70
0
 10
16.434559003297412
 20
6.068617792064074
 10
16.474559003297415
 20
6.068617792064074
 10
16.47455900329741
 20
6.098617792064074
 10
16.434559003297412
 20
6.098617792064074
 10
16.434559003297412
 20
6.128617792064074
 10
16.474559003297415
 20
6.128617792064074
  0
LWPOLYLINE
  5
23A
330
17
100
AcDbEntity
  8
NUMBERS
100
AcDbPolyline
 90
2
 70
0
 10
16.418559003297414
 20
6.068617792064074
 10
16.37855900329741
 20
6.068617792064074
  0
LWPOLYLINE
  5
23B
330
17
100
AcDbEntity
  8
NUMBERS
100
AcDbPolyline
 90
2
 70
0
 10
16.398559003297414
 20
6.068617792064074
 10
16.398559003297414
 20
6.128617792064074
  0
LWPOLYLINE
  5
23C
330
17
100
AcDbEntity
  8
NUMBERS
100
AcDbPolyline
 90
5
 70
0
 10
16.362559003297413
 20
6.128617792064074
 10
16.322559003297414
 20
6.128617792064074
 10
16.322559003297414
 20
6.068617792064074
 10
16.362559003297413
 20
6.068617792064074
 10
16.362559003297413
 20
6.128617792064074
  0
LWPOLYLINE
  5
23D
330
17
100
AcDbEntity
  8
NUMBERS
100
AcDbPolyline
 90
2
 70
0
 10
16.362559003297413
 20
6.128617792064074
 10
16.322559003297414
 20
6.068617792064074
  0
LWPOLYLINE
  5
23E
330
17
100
AcDbEntity
  8
NUMBERS
100
AcDbPolyline
 90
3
 70
0
 10
16.296559003297414
 20
6.078617792064074
 10
16.286559003297413
 20
6.068617792064074
 10
16.286559003297413
 20
6.128617792064074
  0
LWPOLYLINE
  5
23F
330
17
100
AcDbEntity
  8
NUMBERS
100
AcDbPolyline
 90
2
 70
0
 10
16.296559003297414
 20
6.128617792064074
 10
16.276559003297415
 20
6.128617792064074
  0
LWPOLYLINE
  5
240
330
17
100
AcDbEntity
  8
NUMBERS
100
AcDbPolyline
 90
7
 70
0
 10
16.25055900329741
 20
6.068617792064074
 10
16.210559003297412
 20
6.068617792064074
 10
16.23055900329741
 20
6.093617792064074
 10
16.210559003297412
 20
6.103617792064074
 10
16.210559003297412
 20
6.118617792064074
 10
16.220559003297414
 20
6.128617792064074
 10
16.25055900329741
 20
6.128617792064074
  0
LWPOLYLINE
  5
241
330
17
100
AcDbEntity
  8
NUMBERS
100
AcDbPolyline
 90
6
 70
0
 10
12.71238414630313
 20
5.976858792499569
 10
12.679050812969797
 20
5.976858792499569
 10
12.679050812969797
 20
5.95185879249957
 10
12.71238414630313
 20
5.95185879249957
 10
12.71238414630313
 20
5.926858792499569
 10
12.679050812969797
 20
5.926858792499569
  0
LWPOLYLINE
  5
242
330
17
100
AcDbEntity
  8
NUMBERS
100
AcDbPolyline
 90
2
 70
0
 10
12.725717479636463
 20
5.976858792499569
 10
12.759050812969797
 20
5.976858792499569
  0
LWPOLYLINE
  5
243
330
17
100
AcDbEntity
  8
NUMBERS
100
AcDbPolyline
 90
2
 70
0
 10
12.742384146303129
 20
5.976858792499569
 10
12.742384146303129
 20
5.926858792499569
  0
LWPOLYLINE
  5
244
330
17
100
AcDbEntity
  8
NUMBERS
100
AcDbPolyline
 90
5
 70
0
 10
12.77238414630313
 20
5.926858792499569
 10
12.805717479636463
 20
5.926858792499569
 10
12.805717479636463
 20
5.976858792499569
 10
12.77238414630313
 20
5.976858792499569
 10
12.77238414630313
 20
5.926858792499569
  0
LWPOLYLINE
  5
245
330
17
100
AcDbEntity
  8
NUMBERS
100
AcDbPolyline
 90
2
 70
0
 10
12.77238414630313
 20
5.926858792499569
 10
12.805717479636463
 20
5.976858792499569
  0
LWPOLYLINE
  5
246
330
17
100
AcDbEntity
  8
NUMBERS
100
AcDbPolyline
 90
3
 70
0
 10
12.82738414630313
 20
5.968525459166236
 10
12.835717479636463
 20
5.976858792499569
 10
12.835717479636463
 20
5.926858792499569
  0
LWPOLYLINE
  5
247
330
17
100
AcDbEntity
  8
NUMBERS
100
AcDbPolyline
 90
2
 70
0
 10
12.82738414630313
 20
5.926858792499569
 10
12.844050812969796
 20
5.926858792499569
  0
LWPOLYLINE
  5
248
330
17
100
AcDbEntity
  8
NUMBERS
100
AcDbPolyline
 90
7
 70
0
 10
12.865717479636464
 20
5.976858792499569
 10
12.899050812969797
 20
5.976858792499569
 10
12.88238414630313
 20
5.956025459166236
 10
12.899050812969797
 20
5.947692125832902
 10
12.899050812969797
 20
5.935192125832903
 10
12.890717479636463
 20
5.926858792499569
 10
12.865717479636464
 20
5.926858792499569
  0
LWPOLYLINE
  5
249
330
17
100
AcDbEntity
  8
NUMBERS
100
AcDbPolyline
 90
3
 70
0
 10
12.959050812969796
 20
5.976858792499569
 10
12.992384146303129
 20
5.976858792499569
 10
12.96738414630313
 20
5.926858792499569
  0
LWPOLYLINE
  5
24A
330
17
100
AcDbEntity
  8
NUMBERS
100
AcDbPolyline
 90
2
 70
0
 10
13.005717479636463
 20
5.926858792499569
 10
13.039050812969796
 20
5.976858792499569
  0
LWPOLYLINE
  5
24B
330
17
100
AcDbEntity
  8
NUMBERS
100
AcDbPolyline
 90
3
 70
0
 10
13.060717479636462
 20
5.968525459166236
 10
13.069050812969797
 20
5.976858792499569
 10
13.069050812969797
 20
5.926858792499569
  0
LWPOLYLINE
  5
24C
330
17
100
AcDbEntity
  8
NUMBERS
100
AcDbPolyline
 90
2
 70
0
 10
13.060717479636462
 20
5.926858792499569
 10
13.07738414630313
 20
5.926858792499569
  0
LWPOLYLINE
  5
24D
330
17
100
AcDbEntity
  8
NUMBERS
100
AcDbPolyline
 90
7
 70
0
 10
13.099050812969796
 20
5.968525459166236
 10
13.10738414630313
 20
5.976858792499569
 10
13.124050812969797
 20
5.976858792499569
 10
13.13238414630313
 20
5.968525459166236
 10
13.13238414630313
 20
5.9601921258329025
 10
13.099050812969796
 20
5.926858792499569
 10
13.13238414630313
 20
5.926858792499569
  0
LWPOLYLINE
  5
24E
330
17
100
AcDbEntity
  8
NUMBERS
100
AcDbPolyline
 90
6
 70
0
 10
16.434559003297412
 20
6.536730948194215
 10
16.474559003297415
 20
6.536730948194215
 10
16.47455900329741
 20
6.566730948194215
 10
16.434559003297412
 20
6.566730948194215
 10
16.434559003297412
 20
6.596730948194216
 10
16.474559003297415
 20
6.596730948194216
  0
LWPOLYLINE
  5
24F
330
17
100
AcDbEntity
  8
NUMBERS
100
AcDbPolyline
 90
2
 70
0
 10
16.418559003297414
 20
6.536730948194215
 10
16.37855900329741
 20
6.536730948194215
  0
LWPOLYLINE
  5
250
330
17
100
AcDbEntity
  8
NUMBERS
100
AcDbPolyline
 90
2
 70
0
 10
16.398559003297414
 20
6.536730948194215
 10
16.398559003297414
 20
6.596730948194216
  0
LWPOLYLINE
  5
251
330
17
100
AcDbEntity
  8
NUMBERS
100
AcDbPolyline
 90
5
 70
0
 10
16.362559003297413
 20
6.596730948194216
 10
16.322559003297414
 20
6.596730948194216
 10
16.322559003297414
 20
6.536730948194215
 10
16.362559003297413
 20
6.536730948194215
 10
16.362559003297413
 20
6.596730948194216
  0
LWPOLYLINE
  5
252
330
17
100
AcDbEntity
  8
NUMBERS
100
AcDbPolyline
 90
2
 70
0
 10
16.362559003297413
 20
6.596730948194216
 10
16.322559003297414
 20
6.536730948194215
  0
LWPOLYLINE
  5
253
330
17
100
AcDbEntity
  8
NUMBERS
100
AcDbPolyline
 90
3
 70
0
 10
16.296559003297414
 20
6.546730948194216
 10
16.286559003297413
 20
6.536730948194215
 10
16.286559003297413
 20
6.596730948194216
  0
LWPOLYLINE
  5
254
330
17
100
AcDbEntity
  8
NUMBERS
100
AcDbPolyline
 90
2
 70
0
 10
16.296559003297414
 20
6.596730948194216
 10
16.276559003297415
 20
6.596730948194216
  0
LWPOLYLINE
  5
255
330
17
100
AcDbEntity
  8
NUMBERS
100
AcDbPolyline
 90
7
 70
0
 10
16.25055900329741
 20
6.536730948194215
 10
16.210559003297412
 20
6.536730948194215
 10
16.23055900329741
 20
6.561730948194215
 10
16.210559003297412
 20
6.571730948194215
 10
16.210559003297412
 20
6.586730948194216
 10
16.220559003297414
 20
6.596730948194216
 10
16.25055900329741
 20
6.596730948194216
  0
LWPOLYLINE
  5
256
330
17
100
AcDbEntity
  8
NUMBERS
100
AcDbPolyline
 90
6
 70
0
 10
12.71238414630313
 20
6.444971948629711
 10
12.679050812969797
 20
6.444971948629711
 10
12.679050812969797
 20
6.419971948629711
 10
12.71238414630313
 20
6.419971948629711
 10
12.71238414630313
 20
6.394971948629711
 10
12.679050812969797
 20
6.394971948629711
  0
LWPOLYLINE
  5
257
330
17
100
AcDbEntity
  8
NUMBERS
100
AcDbPolyline
 90
2
 70
0
 10
12.725717479636463
 20
6.444971948629711
 10
12.759050812969797
 20
6.444971948629711
  0
LWPOLYLINE
  5
258
330
17
100
AcDbEntity
  8
NUMBERS
100
AcDbPolyline
 90
2
 70
0
 10
12.742384146303129
 20
6.444971948629711
 10
12.742384146303129
 20
6.394971948629711
  0
LWPOLYLINE
  5
259
330
17
100
AcDbEntity
  8
NUMBERS
100
AcDbPolyline
 90
5
 70
0
 10
12.77238414630313
 20
6.394971948629711
 10
12.805717479636463
 20
6.394971948629711
 10
12.805717479636463
 20
6.444971948629711
 10
12.77238414630313
 20
6.444971948629711
 10
12.77238414630313
 20
6.394971948629711
  0
LWPOLYLINE
  5
25A
330
17
100
AcDbEntity
  8
NUMBERS
100
AcDbPolyline
 90
2
 70
0
 10
12.77238414630313
 20
6.394971948629711
 10
12.805717479636463
 20
6.444971948629711
  0
LWPOLYLINE
  5
25B
330
17
100
AcDbEntity
  8
NUMBERS
100
AcDbPolyline
 90
3
 70
0
 10
12.82738414630313
 20
6.436638615296378
 10
12.835717479636463
 20
6.444971948629711
 10
12.835717479636463
 20
6.394971948629711
  0
LWPOLYLINE
  5
25C
330
17
100
AcDbEntity
  8
NUMBERS
100
AcDbPolyline
 90
2
 70
0
 10
12.82738414630313
 20
6.394971948629711
 10
12.844050812969796
 20
6.394971948629711
  0
LWPOLYLINE
  5
25D
330
17
100
AcDbEntity
  8
NUMBERS
100
AcDbPolyline
 90
7
 70
0
 10
12.865717479636464
 20
6.444971948629711
 10
12.899050812969797
 20
6.444971948629711
 10
12.88238414630313
 20
6.4241386152963775
 10
12.899050812969797
 20
6.415805281963044
 10
12.899050812969797
 20
6.4033052819630445
 10
12.890717479636463
 20
6.394971948629711
 10
12.865717479636464
 20
6.394971948629711
  0
LWPOLYLINE
  5
25E
330
17
100
AcDbEntity
  8
NUMBERS
100
AcDbPolyline
 90
5
 70
0
 10
12.959050812969796
 20
6.394971948629711
 10
12.992384146303129
 20
6.394971948629711
 10
12.992384146303129
 20
6.419971948629711
 10
12.959050812969796
 20
6.419971948629711
 10
12.959050812969796
 20
6.394971948629711
  0
LWPOLYLINE
  5
25F
330
17
100
AcDbEntity
  8
NUMBERS
100
AcDbPolyline
 90
4
 70
0
 10
12.963217479636462
 20
6.419971948629711
 10
12.963217479636462
 20
6.444971948629711
 10
12.988217479636463
 20
6.444971948629711
 10
12.988217479636463
 20
6.419971948629711
  0
LWPOLYLINE
  5
260
330
17
100
AcDbEntity
  8
NUMBERS
100
AcDbPolyline
 90
2
 70
0
 10
13.005717479636463
 20
6.394971948629711
 10
13.039050812969796
 20
6.444971948629711
  0
LWPOLYLINE
  5
261
330
17
100
AcDbEntity
  8
NUMBERS
100
AcDbPolyline
 90
3
 70
0
 10
13.060717479636462
 20
6.436638615296378
 10
13.069050812969797
 20
6.444971948629711
 10
13.069050812969797
 20
6.394971948629711
  0
LWPOLYLINE
  5
262
330
17
100
AcDbEntity
  8
NUMBERS
100
AcDbPolyline
 90
2
 70
0
 10
13.060717479636462
 20
6.394971948629711
 10
13.07738414630313
 20
6.394971948629711
  0
LWPOLYLINE
  5
263
330
17
100
AcDbEntity
  8
NUMBERS
100
AcDbPolyline
 90
7
 70
0
 10
13.099050812969796
 20
6.436638615296378
 10
13.10738414630313
 20
6.444971948629711
 10
13.124050812969797
 20
6.444971948629711
 10
13.13238414630313
 20
6.436638615296378
 10
13.13238414630313
 20
6.428305281963044
 10
13.099050812969796
 20
6.394971948629711
 10
13.13238414630313
 20
6.394971948629711
  0
LWPOLYLINE
  5
264
330
17
100
AcDbEntity
  8
NUMBERS
100
AcDbPolyline
 90
6
 70
0
 10
16.434559003297412
 20
7.004844104324357
 10
16.474559003297415
 20
7.004844104324357
 10
16.47455900329741
 20
7.034844104324357
 10
16.434559003297412
 20
7.034844104324357
 10
16.434559003297412
 20
7.064844104324357
 10
16.474559003297415
 20
7.064844104324357
  0
LWPOLYLINE
  5
265
330
17
100
AcDbEntity
  8
NUMBERS
100
AcDbPolyline
 90
2
 70
0
 10
16.418559003297414
 20
7.004844104324357
 10
16.37855900329741
 20
7.004844104324357
  0
LWPOLYLINE
  5
266
330
17
100
AcDbEntity
  8
NUMBERS
100
AcDbPolyline
 90
2
 70
0
 10
16.398559003297414
 20
7.004844104324357
 10
16.398559003297414
 20
7.064844104324357
  0
LWPOLYLINE
  5
267
330
17
100
AcDbEntity
  8
NUMBERS
100
AcDbPolyline
 90
5
 70
0
 10
16.362559003297413
 20
7.064844104324357
 10
16.322559003297414
 20
7.064844104324357
 10
16.322559003297414
 20
7.004844104324357
 10
16.362559003297413
 20
7.004844104324357
 10
16.362559003297413
 20
7.064844104324357
  0
LWPOLYLINE
  5
268
330
17
100
AcDbEntity
  8
NUMBERS
100
AcDbPolyline
 90
2
 70
0
 10
16.362559003297413
 20
7.064844104324357
 10
16.322559003297414
 20
7.004844104324357
  0
LWPOLYLINE
  5
269
330
17
100
AcDbEntity
  8
NUMBERS
100
AcDbPolyline
 90
3
 70
0
 10
16.296559003297414
 20
7.014844104324357
 10
16.286559003297413
 20
7.004844104324357
 10
16.286559003297413
 20
7.064844104324357
  0
LWPOLYLINE
  5
26A
330
17
100
AcDbEntity
  8
NUMBERS
100
AcDbPolyline
 90
2
 70
0
 10
16.296559003297414
 20
7.064844104324357
 10
16.276559003297415
 20
7.064844104324357
  0
LWPOLYLINE
  5
26B
330
17
100
AcDbEntity
  8
NUMBERS
100
AcDbPolyline
 90
7
 70
0
 10
16.25055900329741
 20
7.004844104324357
 10
16.210559003297412
 20
7.004844104324357
 10
16.23055900329741
 20
7.029844104324357
 10
16.210559003297412
 20
7.039844104324357
 10
16.210559003297412
 20
7.054844104324357
 10
16.220559003297414
 20
7.064844104324357
 10
16.25055900329741
 20
7.064844104324357
  0
LWPOLYLINE
  5
26C
330
17
100
AcDbEntity
  8
NUMBERS
100
AcDbPolyline
 90
6
 70
0
 10
12.71238414630313
 20
6.913085104759852
 10
12.679050812969797
 20
6.913085104759852
 10
12.679050812969797
 20
6.888085104759853
 10
12.71238414630313
 20
6.888085104759853
 10
12.71238414630313
 20
6.863085104759852
 10
12.679050812969797
 20
6.863085104759852
  0
LWPOLYLINE
  5
26D
330
17
100
AcDbEntity
  8
NUMBERS
100
AcDbPolyline
 90
2
 70
0
 10
12.725717479636463
 20
6.913085104759852
 10
12.759050812969797
 20
6.913085104759852
  0
LWPOLYLINE
  5
26E
330
17
100
AcDbEntity
  8
NUMBERS
100
AcDbPolyline
 90
2
 70
0
 10
12.742384146303129
 20
6.913085104759852
 10
12.742384146303129
 20
6.863085104759852
  0
LWPOLYLINE
  5
26F
330
17
100
AcDbEntity
  8
NUMBERS
100
AcDbPolyline
 90
5
 70
0
 10
12.77238414630313
 20
6.863085104759852
 10
12.805717479636463
 20
6.863085104759852
 10
12.805717479636463
 20
6.913085104759852
 10
12.77238414630313
 20
6.913085104759852
 10
12.77238414630313
 20
6.863085104759852
  0
LWPOLYLINE
  5
270
330
17
100
AcDbEntity
  8
NUMBERS
100
AcDbPolyline
 90
2
 70
0
 10
12.77238414630313
 20
6.863085104759852
 10
12.805717479636463
 20
6.913085104759852
  0
LWPOLYLINE
  5
271
330
17
100
AcDbEntity
  8
NUMBERS
100
AcDbPolyline
 90
3
 70
0
 10
12.82738414630313
 20
6.904751771426519
 10
12.835717479636463
 20
6.913085104759852
 10
12.835717479636463
 20
6.863085104759852
  0
LWPOLYLINE
  5
272
330
17
100
AcDbEntity
  8
NUMBERS
100
AcDbPolyline
 90
2
 70
0
 10
12.82738414630313
 20
6.863085104759852
 10
12.844050812969796
 20
6.863085104759852
  0
LWPOLYLINE
  5
273
330
17
100
AcDbEntity
  8
NUMBERS
100
AcDbPolyline
 90
7
 70
0
 10
12.865717479636464
 20
6.913085104759852
 10
12.899050812969797
 20
6.913085104759852
 10
12.88238414630313
 20
6.892251771426519
 10
12.899050812969797
 20
6.883918438093185
 10
12.899050812969797
 20
6.871418438093186
 10
12.890717479636463
 20
6.863085104759852
 10
12.865717479636464
 20
6.863085104759852
  0
LWPOLYLINE
  5
274
330
17
100
AcDbEntity
  8
NUMBERS
100
AcDbPolyline
 90
7
 70
0
 10
12.959050812969796
 20
6.863085104759852
 10
12.984050812969796
 20
6.863085104759852
 10
12.992384146303129
 20
6.871418438093186
 10
12.992384146303129
 20
6.913085104759852
 10
12.959050812969796
 20
6.913085104759852
 10
12.959050812969796
 20
6.888085104759853
 10
12.992384146303129
 20
6.888085104759853
  0
LWPOLYLINE
  5
275
330
17
100
AcDbEntity
  8
NUMBERS
100
AcDbPolyline
 90
2
 70
0
 10
13.005717479636463
 20
6.863085104759852
 10
13.039050812969796
 20
6.913085104759852
  0
LWPOLYLINE
  5
276
330
17
100
AcDbEntity
  8
NUMBERS
100
AcDbPolyline
 90
3
 70
0
 10
13.060717479636462
 20
6.904751771426519
 10
13.069050812969797
 20
6.913085104759852
 10
13.069050812969797
 20
6.863085104759852
  0
LWPOLYLINE
  5
277
330
17
100
AcDbEntity
  8
NUMBERS
100
AcDbPolyline
 90
2
 70
0
 10
13.060717479636462
 20
6.863085104759852
 10
13.07738414630313
 20
6.863085104759852
  0
LWPOLYLINE
  5
278
330
17
100
AcDbEntity
  8
NUMBERS
100
AcDbPolyline
 90
7
 70
0
 10
13.099050812969796
 20
6.904751771426519
 10
13.10738414630313
 20
6.913085104759852
 10
13.124050812969797
 20
6.913085104759852
 10
13.13238414630313
 20
6.904751771426519
 10
13.13238414630313
 20
6.896418438093185
 10
13.099050812969796
 20
6.863085104759852
 10
13.13238414630313
 20
6.863085104759852
  0
LWPOLYLINE
  5
279
330
17
100
AcDbEntity
  8
NUMBERS
100
AcDbPolyline
 90
6
 70
0
 10
25.850063762186355
 20
10.937256536495521
 10
25.850063762186355
 20
10.977256536495522
 10
25.820063762186354
 20
10.977256536495522
 10
25.820063762186354
 20
10.937256536495521
 10
25.790063762186357
 20
10.937256536495521
 10
25.790063762186357
 20
10.977256536495522
  0
LWPOLYLINE
  5
27A
330
17
100
AcDbEntity
  8
NUMBERS
100
AcDbPolyline
 90
2
 70
0
 10
25.850063762186355
 20
10.921256536495521
 10
25.850063762186355
 20
10.881256536495522
  0
LWPOLYLINE
  5
27B
330
17
100
AcDbEntity
  8
NUMBERS
100
AcDbPolyline
 90
2
 70
0
 10
25.850063762186355
 20
10.901256536495522
 10
25.790063762186357
 20
10.901256536495522
  0
LWPOLYLINE
  5
27C
330
17
100
AcDbEntity
  8
NUMBERS
100
AcDbPolyline
 90
5
 70
0
 10
25.790063762186357
 20
10.865256536495522
 10
25.790063762186357
 20
10.825256536495523
 10
25.850063762186355
 20
10.825256536495523
 10
25.850063762186355
 20
10.865256536495522
 10
25.790063762186357
 20
10.865256536495522
  0
LWPOLYLINE
  5
27D
330
17
100
AcDbEntity
  8
NUMBERS
100
AcDbPolyline
 90
2
 70
0
 10
25.790063762186357
 20
10.865256536495522
 10
25.850063762186355
 20
10.825256536495523
  0
LWPOLYLINE
  5
27E
330
17
100
AcDbEntity
  8
NUMBERS
100
AcDbPolyline
 90
3
 70
0
 10
25.840063762186354
 20
10.799256536495522
 10
25.850063762186355
 20
10.789256536495522
 10
25.790063762186357
 20
10.789256536495522
  0
LWPOLYLINE
  5
27F
330
17
100
AcDbEntity
  8
NUMBERS
100
AcDbPolyline
 90
2
 70
0
 10
25.790063762186357
 20
10.799256536495523
 10
25.790063762186357
 20
10.779256536495522
  0
LWPOLYLINE
  5
280
330
17
100
AcDbEntity
  8
NUMBERS
100
AcDbPolyline
 90
7
 70
0
 10
25.850063762186355
 20
10.753256536495522
 10
25.850063762186355
 20
10.713256536495521
 10
25.825063762186357
 20
10.73325653649552
 10
25.815063762186355
 20
10.713256536495521
 10
25.800063762186355
 20
10.713256536495521
 10
25.790063762186357
 20
10.723256536495523
 10
25.790063762186357
 20
10.753256536495522
  0
LWPOLYLINE
  5
281
330
17
100
AcDbEntity
  8
NUMBERS
100
AcDbPolyline
 90
6
 70
0
 10
25.94182276175086
 20
7.215081679501239
 10
25.94182276175086
 20
7.181748346167906
 10
25.966822761750862
 20
7.181748346167906
 10
25.966822761750862
 20
7.215081679501239
 10
25.99182276175086
 20
7.215081679501239
 10
25.99182276175086
 20
7.181748346167906
  0
LWPOLYLINE
  5
282
330
17
100
AcDbEntity
  8
NUMBERS
100
AcDbPolyline
 90
2
 70
0
 10
25.94182276175086
 20
7.2284150128345726
 10
25.94182276175086
 20
7.261748346167906
  0
LWPOLYLINE
  5
283
330
17
100
AcDbEntity
  8
NUMBERS
100
AcDbPolyline
 90
2
 70
0
 10
25.94182276175086
 20
7.245081679501239
 10
25.99182276175086
 20
7.245081679501239
  0
LWPOLYLINE
  5
284
330
17
100
AcDbEntity
  8
NUMBERS
100
AcDbPolyline
 90
5
 70
0
 10
25.99182276175086
 20
7.275081679501239
 10
25.99182276175086
 20
7.308415012834573
 10
25.94182276175086
 20
7.308415012834573
 10
25.94182276175086
 20
7.275081679501239
 10
25.99182276175086
 20
7.275081679501239
  0
LWPOLYLINE
  5
285
330
17
100
AcDbEntity
  8
NUMBERS
100
AcDbPolyline
 90
2
 70
0
 10
25.99182276175086
 20
7.275081679501239
 10
25.94182276175086
 20
7.308415012834573
  0
LWPOLYLINE
  5
286
330
17
100
AcDbEntity
  8
NUMBERS
100
AcDbPolyline
 90
3
 70
0
 10
25.950156095084193
 20
7.330081679501239
 10
25.94182276175086
 20
7.338415012834572
 10
25.99182276175086
 20
7.338415012834572
  0
LWPOLYLINE
  5
287
330
17
100
AcDbEntity
  8
NUMBERS
100
AcDbPolyline
 90
2
 70
0
 10
25.99182276175086
 20
7.330081679501239
 10
25.99182276175086
 20
7.346748346167906
  0
LWPOLYLINE
  5
288
330
17
100
AcDbEntity
  8
NUMBERS
100
AcDbPolyline
 90
7
 70
0
 10
25.94182276175086
 20
7.368415012834572
 10
25.94182276175086
 20
7.4017483461679054
 10
25.962656095084192
 20
7.385081679501239
 10
25.97098942841753
 20
7.4017483461679054
 10
25.983489428417528
 20
7.4017483461679054
 10
25.99182276175086
 20
7.393415012834573
 10
25.99182276175086
 20
7.368415012834572
  0
LWPOLYLINE
  5
289
330
17
100
AcDbEntity
  8
NUMBERS
100
AcDbPolyline
 90
3
 70
0
 10
25.950156095084193
 20
7.470081679501239
 10
25.94182276175086
 20
7.4784150128345726
 10
25.99182276175086
 20
7.4784150128345726
  0
LWPOLYLINE
  5
28A
330
17
100
AcDbEntity
  8
NUMBERS
100
AcDbPolyline
 90
2
 70
0
 10
25.99182276175086
 20
7.470081679501239
 10
25.99182276175086
 20
7.486748346167905
  0
LWPOLYLINE
  5
28B
330
17
100
AcDbEntity
  8
NUMBERS
100
AcDbPolyline
 90
5
 70
0
 10
25.99182276175086
 20
7.508415012834572
 10
25.99182276175086
 20
7.541748346167906
 10
25.94182276175086
 20
7.541748346167906
 10
25.94182276175086
 20
7.508415012834572
 10
25.99182276175086
 20
7.508415012834572
  0
LWPOLYLINE
  5
28C
330
17
100
AcDbEntity
  8
NUMBERS
100
AcDbPolyline
 90
2
 70
0
 10
25.99182276175086
 20
7.508415012834572
 10
25.94182276175086
 20
7.541748346167906
  0
LWPOLYLINE
  5
28D
330
17
100
AcDbEntity
  8
NUMBERS
100
AcDbPolyline
 90
2
 70
0
 10
25.99182276175086
 20
7.555081679501239
 10
25.94182276175086
 20
7.588415012834572
  0
LWPOLYLINE
  5
28E
330
17
100
AcDbEntity
  8
NUMBERS
100
AcDbPolyline
 90
3
 70
0
 10
25.950156095084193
 20
7.610081679501239
 10
25.94182276175086
 20
7.618415012834572
 10
25.99182276175086
 20
7.618415012834572
  0
LWPOLYLINE
  5
28F
330
17
100
AcDbEntity
  8
NUMBERS
100
AcDbPolyline
 90
2
 70
0
 10
25.99182276175086
 20
7.610081679501239
 10
25.99182276175086
 20
7.626748346167906
  0
LWPOLYLINE
  5
290
330
17
100
AcDbEntity
  8
NUMBERS
100
AcDbPolyline
 90
7
 70
0
 10
25.950156095084193
 20
7.6484150128345725
 10
25.94182276175086
 20
7.656748346167905
 10
25.94182276175086
 20
7.673415012834573
 10
25.950156095084193
 20
7.681748346167906
 10
25.958489428417526
 20
7.681748346167906
 10
25.99182276175086
 20
7.6484150128345725
 10
25.99182276175086
 20
7.681748346167906
  0
LWPOLYLINE
  5
291
330
17
100
AcDbEntity
  8
NUMBERS
100
AcDbPolyline
 90
6
 70
0
 10
26.318176918316496
 20
10.937256536495521
 10
26.318176918316496
 20
10.977256536495522
 10
26.288176918316495
 20
10.977256536495522
 10
26.288176918316495
 20
10.937256536495521
 10
26.258176918316497
 20
10.937256536495521
 10
26.258176918316497
 20
10.977256536495522
  0
LWPOLYLINE
  5
292
330
17
100
AcDbEntity
  8
NUMBERS
100
AcDbPolyline
 90
2
 70
0
 10
26.318176918316496
 20
10.921256536495521
 10
26.318176918316496
 20
10.881256536495522
  0
LWPOLYLINE
  5
293
330
17
100
AcDbEntity
  8
NUMBERS
100
AcDbPolyline
 90
2
 70
0
 10
26.318176918316496
 20
10.901256536495522
 10
26.258176918316497
 20
10.901256536495522
  0
LWPOLYLINE
  5
294
330
17
100
AcDbEntity
  8
NUMBERS
100
AcDbPolyline
 90
5
 70
0
 10
26.258176918316497
 20
10.865256536495522
 10
26.258176918316497
 20
10.825256536495523
 10
26.318176918316496
 20
10.825256536495523
 10
26.318176918316496
 20
10.865256536495522
 10
26.258176918316497
 20
10.865256536495522
  0
LWPOLYLINE
  5
295
330
17
100
AcDbEntity
  8
NUMBERS
100
AcDbPolyline
 90
2
 70
0
 10
26.258176918316497
 20
10.865256536495522
 10
26.318176918316496
 20
10.825256536495523
  0
LWPOLYLINE
  5
296
330
17
100
AcDbEntity
  8
NUMBERS
100
AcDbPolyline
 90
3
 70
0
 10
26.308176918316494
 20
10.799256536495522
 10
26.318176918316496
 20
10.789256536495522
 10
26.258176918316497
 20
10.789256536495522
  0
LWPOLYLINE
  5
297
330
17
100
AcDbEntity
  8
NUMBERS
100
AcDbPolyline
 90
2
 70
0
 10
26.258176918316497
 20
10.799256536495523
 10
26.258176918316497
 20
10.779256536495522
  0
LWPOLYLINE
  5
298
330
17
100
AcDbEntity
  8
NUMBERS
100
AcDbPolyline
 90
7
 70
0
 10
26.318176918316496
 20
10.753256536495522
 10
26.318176918316496
 20
10.713256536495521
 10
26.293176918316497
 20
10.73325653649552
 10
26.283176918316496
 20
10.713256536495521
 10
26.268176918316495
 20
10.713256536495521
 10
26.258176918316497
 20
10.723256536495523
 10
26.258176918316497
 20
10.753256536495522
  0
LWPOLYLINE
  5
299
330
17
100
AcDbEntity
  8
NUMBERS
100
AcDbPolyline
 90
6
 70
0
 10
26.409935917881
 20
7.215081679501239
 10
26.409935917881
 20
7.181748346167906
 10
26.434935917881
 20
7.181748346167906
 10
26.434935917881
 20
7.215081679501239
 10
26.459935917881
 20
7.215081679501239
 10
26.459935917881
 20
7.181748346167906
  0
LWPOLYLINE
  5
29A
330
17
100
AcDbEntity
  8
NUMBERS
100
AcDbPolyline
 90
2
 70
0
 10
26.409935917881
 20
7.2284150128345726
 10
26.409935917881
 20
7.261748346167906
  0
LWPOLYLINE
  5
29B
330
17
100
AcDbEntity
  8
NUMBERS
100
AcDbPolyline
 90
2
 70
0
 10
26.409935917881
 20
7.245081679501239
 10
26.459935917881
 20
7.245081679501239
  0
LWPOLYLINE
  5
29C
330
17
100
AcDbEntity
  8
NUMBERS
100
AcDbPolyline
 90
5
 70
0
 10
26.459935917881
 20
7.275081679501239
 10
26.459935917881
 20
7.308415012834573
 10
26.409935917881
 20
7.308415012834573
 10
26.409935917881
 20
7.275081679501239
 10
26.459935917881
 20
7.275081679501239
  0
LWPOLYLINE
  5
29D
330
17
100
AcDbEntity
  8
NUMBERS
100
AcDbPolyline
 90
2
 70
0
 10
26.459935917881
 20
7.275081679501239
 10
26.409935917881
 20
7.308415012834573
  0
LWPOLYLINE
  5
29E
330
17
100
AcDbEntity
  8
NUMBERS
100
AcDbPolyline
 90
3
 70
0
 10
26.418269251214333
 20
7.330081679501239
 10
26.409935917881
 20
7.338415012834572
 10
26.459935917881
 20
7.338415012834572
  0
LWPOLYLINE
  5
29F
330
17
100
AcDbEntity
  8
NUMBERS
100
AcDbPolyline
 90
2
 70
0
 10
26.459935917881
 20
7.330081679501239
 10
26.459935917881
 20
7.346748346167906
  0
LWPOLYLINE
  5
2A0
330
17
100
AcDbEntity
  8
NUMBERS
100
AcDbPolyline
 90
7
 70
0
 10
26.409935917881
 20
7.368415012834572
 10
26.409935917881
 20
7.4017483461679054
 10
26.430769251214333
 20
7.385081679501239
 10
26.43910258454767
 20
7.4017483461679054
 10
26.45160258454767
 20
7.4017483461679054
 10
26.459935917881
 20
7.393415012834573
 10
26.459935917881
 20
7.368415012834572
  0
LWPOLYLINE
  5
2A1
330
17
100
AcDbEntity
  8
NUMBERS
100
AcDbPolyline
 90
3
 70
0
 10
26.418269251214333
 20
7.470081679501239
 10
26.409935917881
 20
7.4784150128345726
 10
26.459935917881
 20
7.4784150128345726
  0
LWPOLYLINE
  5
2A2
330
17
100
AcDbEntity
  8
NUMBERS
100
AcDbPolyline
 90
2
 70
0
 10
26.459935917881
 20
7.470081679501239
 10
26.459935917881
 20
7.486748346167905
  0
LWPOLYLINE
  5
2A3
330
17
100
AcDbEntity
  8
NUMBERS
100
AcDbPolyline
 90
3
 70
0
 10
26.418269251214333
 20
7.516748346167906
 10
26.409935917881
 20
7.525081679501239
 10
26.459935917881
 20
7.525081679501239
  0
LWPOLYLINE
  5
2A4
330
17
100
AcDbEntity
  8
NUMBERS
100
AcDbPolyline
 90
2
 70
0
 10
26.459935917881
 20
7.516748346167906
 10
26.459935917881
 20
7.533415012834572
  0
LWPOLYLINE
  5
2A5
330
17
100
AcDbEntity
  8
NUMBERS
100
AcDbPolyline
 90
2
 70
0
 10
26.459935917881
 20
7.555081679501239
 10
26.409935917881
 20
7.588415012834572
  0
LWPOLYLINE
  5
2A6
330
17
100
AcDbEntity
  8
NUMBERS
100
AcDbPolyline
 90
3
 70
0
 10
26.418269251214333
 20
7.610081679501239
 10
26.409935917881
 20
7.618415012834572
 10
26.459935917881
 20
7.618415012834572
  0
LWPOLYLINE
  5
2A7
330
17
100
AcDbEntity
  8
NUMBERS
100
AcDbPolyline
 90
2
 70
0
 10
26.459935917881
 20
7.610081679501239
 10
26.459935917881
 20
7.626748346167906
  0
LWPOLYLINE
  5
2A8
330
17
100
AcDbEntity
  8
NUMBERS
100
AcDbPolyline
 90
7
 70
0
 10
26.418269251214333
 20
7.6484150128345725
 10
26.409935917881
 20
7.656748346167905
 10
26.409935917881
 20
7.673415012834573
 10
26.418269251214333
 20
7.681748346167906
 10
26.426602584547666
 20
7.681748346167906
 10
26.459935917881
 20
7.6484150128345725
 10
26.459935917881
 20
7.681748346167906
  0
LWPOLYLINE
  5
2A9
330
17
100
AcDbEntity
  8
NUMBERS
100
AcDbPolyline
 90
6
 70
0
 10
26.786290074446637
 20
10.937256536495521
 10
26.786290074446637
 20
10.977256536495522
 10
26.756290074446635
 20
10.977256536495522
 10
26.756290074446635
 20
10.937256536495521
 10
26.726290074446638
 20
10.937256536495521
 10
26.726290074446638
 20
10.977256536495522
  0
LWPOLYLINE
  5
2AA
330
17
100
AcDbEntity
  8
NUMBERS
100
AcDbPolyline
 90
2
 70
0
 10
26.786290074446637
 20
10.921256536495521
 10
26.786290074446637
 20
10.881256536495522
  0
LWPOLYLINE
  5
2AB
330
17
100
AcDbEntity
  8
NUMBERS
100
AcDbPolyline
 90
2
 70
0
 10
26.786290074446637
 20
10.901256536495522
 10
26.726290074446638
 20
10.901256536495522
  0
LWPOLYLINE
  5
2AC
330
17
100
AcDbEntity
  8
NUMBERS
100
AcDbPolyline
 90
5
 70
0
 10
26.726290074446638
 20
10.865256536495522
 10
26.726290074446638
 20
10.825256536495523
 10
26.786290074446637
 20
10.825256536495523
 10
26.786290074446637
 20
10.865256536495522
 10
26.726290074446638
 20
10.865256536495522
  0
LWPOLYLINE
  5
2AD
330
17
100
AcDbEntity
  8
NUMBERS
100
AcDbPolyline
 90
2
 70
0
 10
26.726290074446638
 20
10.865256536495522
 10
26.786290074446637
 20
10.825256536495523
  0
LWPOLYLINE
  5
2AE
330
17
100
AcDbEntity
  8
NUMBERS
100
AcDbPolyline
 90
3
 70
0
 10
26.776290074446635
 20
10.799256536495522
 10
26.786290074446637
 20
10.789256536495522
 10
26.726290074446638
 20
10.789256536495522
  0
LWPOLYLINE
  5
2AF
330
17
100
AcDbEntity
  8
NUMBERS
100
AcDbPolyline
 90
2
 70
0
 10
26.726290074446638
 20
10.799256536495523
 10
26.726290074446638
 20
10.779256536495522
  0
LWPOLYLINE
  5
2B0
330
17
100
AcDbEntity
  8
NUMBERS
100
AcDbPolyline
 90
7
 70
0
 10
26.786290074446637
 20
10.753256536495522
 10
26.786290074446637
 20
10.713256536495521
 10
26.761290074446638
 20
10.73325653649552
 10
26.751290074446636
 20
10.713256536495521
 10
26.736290074446636
 20
10.713256536495521
 10
26.726290074446638
 20
10.723256536495523
 10
26.726290074446638
 20
10.753256536495522
  0
LWPOLYLINE
  5
2B1
330
17
100
AcDbEntity
  8
NUMBERS
100
AcDbPolyline
 90
6
 70
0
 10
26.87804907401114
 20
7.215081679501239
 10
26.87804907401114
 20
7.181748346167906
 10
26.903049074011143
 20
7.181748346167906
 10
26.903049074011143
 20
7.215081679501239
 10
26.928049074011142
 20
7.215081679501239
 10
26.928049074011142
 20
7.181748346167906
  0
LWPOLYLINE
  5
2B2
330
17
100
AcDbEntity
  8
NUMBERS
100
AcDbPolyline
 90
2
 70
0
 10
26.87804907401114
 20
7.2284150128345726
 10
26.87804907401114
 20
7.261748346167906
  0
LWPOLYLINE
  5
2B3
330
17
100
AcDbEntity
  8
NUMBERS
100
AcDbPolyline
 90
2
 70
0
 10
26.87804907401114
 20
7.245081679501239
 10
26.928049074011142
 20
7.245081679501239
  0
LWPOLYLINE
  5
2B4
330
17
100
AcDbEntity
  8
NUMBERS
100
AcDbPolyline
 90
5
 70
0
 10
26.928049074011142
 20
7.275081679501239
 10
26.928049074011142
 20
7.308415012834573
 10
26.87804907401114
 20
7.308415012834573
 10
26.87804907401114
 20
7.275081679501239
 10
26.928049074011142
 20
7.275081679501239
  0
LWPOLYLINE
  5
2B5
330
17
100
AcDbEntity
  8
NUMBERS
100
AcDbPolyline
 90
2
 70
0
 10
26.928049074011142
 20
7.275081679501239
 10
26.87804907401114
 20
7.308415012834573
  0
LWPOLYLINE
  5
2B6
330
17
100
AcDbEntity
  8
NUMBERS
100
AcDbPolyline
 90
3
 70
0
 10
26.886382407344474
 20
7.330081679501239
 10
26.87804907401114
 20
7.338415012834572
 10
26.928049074011142
 20
7.338415012834572
  0
LWPOLYLINE
  5
2B7
330
17
100
AcDbEntity
  8
NUMBERS
100
AcDbPolyline
 90
2
 70
0
 10
26.928049074011142
 20
7.330081679501239
 10
26.928049074011142
 20
7.346748346167906
  0
LWPOLYLINE
  5
2B8
330
17
100
AcDbEntity
  8
NUMBERS
100
AcDbPolyline
 90
7
 70
0
 10
26.87804907401114
 20
7.368415012834572
 10
26.87804907401114
 20
7.4017483461679054
 10
26.898882407344473
 20
7.385081679501239
 10
26.90721574067781
 20
7.4017483461679054
 10
26.91971574067781
 20
7.4017483461679054
 10
26.928049074011142
 20
7.393415012834573
 10
26.928049074011142
 20
7.368415012834572
  0
LWPOLYLINE
  5
2B9
330
17
100
AcDbEntity
  8
NUMBERS
100
AcDbPolyline
 90
3
 70
0
 10
26.886382407344474
 20
7.470081679501239
 10
26.87804907401114
 20
7.4784150128345726
 10
26.928049074011142
 20
7.4784150128345726
  0
LWPOLYLINE
  5
2BA
330
17
100
AcDbEntity
  8
NUMBERS
100
AcDbPolyline
 90
2
 70
0
 10
26.928049074011142
 20
7.470081679501239
 10
26.928049074011142
 20
7.486748346167905
  0
LWPOLYLINE
  5
2BB
330
17
100
AcDbEntity
  8
NUMBERS
100
AcDbPolyline
 90
7
 70
0
 10
26.886382407344474
 20
7.508415012834572
 10
26.87804907401114
 20
7.516748346167906
 10
26.87804907401114
 20
7.533415012834572
 10
26.886382407344474
 20
7.541748346167906
 10
26.894715740677807
 20
7.541748346167906
 10
26.928049074011142
 20
7.508415012834572
 10
26.928049074011142
 20
7.541748346167906
  0
LWPOLYLINE
  5
2BC
330
17
100
AcDbEntity
  8
NUMBERS
100
AcDbPolyline
 90
2
 70
0
 10
26.928049074011142
 20
7.555081679501239
 10
26.87804907401114
 20
7.588415012834572
  0
LWPOLYLINE
  5
2BD
330
17
100
AcDbEntity
  8
NUMBERS
100
AcDbPolyline
 90
3
 70
0
 10
26.886382407344474
 20
7.610081679501239
 10
26.87804907401114
 20
7.618415012834572
 10
26.928049074011142
 20
7.618415012834572
  0
LWPOLYLINE
  5
2BE
330
17
100
AcDbEntity
  8
NUMBERS
100
AcDbPolyline
 90
2
 70
0
 10
26.928049074011142
 20
7.610081679501239
 10
26.928049074011142
 20
7.626748346167906
  0
LWPOLYLINE
  5
2BF
330
17
100
AcDbEntity
  8
NUMBERS
100
AcDbPolyline
 90
7
 70
0
 10
26.886382407344474
 20
7.6484150128345725
 10
26.87804907401114
 20
7.656748346167905
 10
26.87804907401114
 20
7.673415012834573
 10
26.886382407344474
 20
7.681748346167906
 10
26.894715740677807
 20
7.681748346167906
 10
26.928049074011142
 20
7.6484150128345725
 10
26.928049074011142
 20
7.681748346167906
  0
LWPOLYLINE
  5
2C0
330
17
100
AcDbEntity
  8
NUMBERS
100
AcDbPolyline
 90
6
 70
0
 10
27.15404907401114
 20
7.277748346167906
 10
27.11404907401114
 20
7.277748346167906
 10
27.11404907401114
 20
7.2477483461679055
 10
27.15404907401114
 20
7.2477483461679055
 10
27.15404907401114
 20
7.217748346167905
 10
27.11404907401114
 20
7.217748346167905
  0
LWPOLYLINE
  5
2C1
330
17
100
AcDbEntity
  8
NUMBERS
100
AcDbPolyline
 90
2
 70
0
 10
27.17004907401114
 20
7.277748346167906
 10
27.210049074011142
 20
7.277748346167906
  0
LWPOLYLINE
  5
2C2
330
17
100
AcDbEntity
  8
NUMBERS
100
AcDbPolyline
 90
2
 70
0
 10
27.190049074011142
 20
7.277748346167906
 10
27.190049074011142
 20
7.217748346167905
  0
LWPOLYLINE
  5
2C3
330
17
100
AcDbEntity
  8
NUMBERS
100
AcDbPolyline
 90
5
 70
0
 10
27.22604907401114
 20
7.217748346167905
 10
27.26604907401114
 20
7.217748346167905
 10
27.26604907401114
 20
7.277748346167906
 10
27.22604907401114
 20
7.277748346167906
 10
27.22604907401114
 20
7.217748346167905
  0
LWPOLYLINE
  5
2C4
330
17
100
AcDbEntity
  8
NUMBERS
100
AcDbPolyline
 90
2
 70
0
 10
27.22604907401114
 20
7.217748346167905
 10
27.26604907401114
 20
7.277748346167906
  0
LWPOLYLINE
  5
2C5
330
17
100
AcDbEntity
  8
NUMBERS
100
AcDbPolyline
 90
5
 70
0
 10
27.28204907401114
 20
7.217748346167905
 10
27.32204907401114
 20
7.217748346167905
 10
27.32204907401114
 20
7.277748346167906
 10
27.28204907401114
 20
7.277748346167906
 10
27.28204907401114
 20
7.217748346167905
  0
LWPOLYLINE
  5
2C6
330
17
100
AcDbEntity
  8
NUMBERS
100
AcDbPolyline
 90
2
 70
0
 10
27.28204907401114
 20
7.217748346167905
 10
27.32204907401114
 20
7.277748346167906
  0
LWPOLYLINE
  5
2C7
330
17
100
AcDbEntity
  8
NUMBERS
100
AcDbPolyline
 90
7
 70
0
 10
27.37804907401114
 20
7.277748346167906
 10
27.34804907401114
 20
7.277748346167906
 10
27.338049074011142
 20
7.267748346167906
 10
27.338049074011142
 20
7.217748346167905
 10
27.37804907401114
 20
7.217748346167905
 10
27.37804907401114
 20
7.2477483461679055
 10
27.338049074011142
 20
7.2477483461679055
  0
LWPOLYLINE
  5
2C8
330
17
100
AcDbEntity
  8
NUMBERS
100
AcDbPolyline
 90
6
 70
0
 10
28.24501692178017
 20
7.277748346167906
 10
28.20501692178017
 20
7.277748346167906
 10
28.20501692178017
 20
7.2477483461679055
 10
28.24501692178017
 20
7.2477483461679055
 10
28.24501692178017
 20
7.217748346167905
 10
28.20501692178017
 20
7.217748346167905
  0
LWPOLYLINE
  5
2C9
330
17
100
AcDbEntity
  8
NUMBERS
100
AcDbPolyline
 90
2
 70
0
 10
28.26101692178017
 20
7.277748346167906
 10
28.30101692178017
 20
7.277748346167906
  0
LWPOLYLINE
  5
2CA
330
17
100
AcDbEntity
  8
NUMBERS
100
AcDbPolyline
 90
2
 70
0
 10
28.28101692178017
 20
7.277748346167906
 10
28.28101692178017
 20
7.217748346167905
  0
LWPOLYLINE
  5
2CB
330
17
100
AcDbEntity
  8
NUMBERS
100
AcDbPolyline
 90
5
 70
0
 10
28.31701692178017
 20
7.217748346167905
 10
28.35701692178017
 20
7.217748346167905
 10
28.35701692178017
 20
7.277748346167906
 10
28.31701692178017
 20
7.277748346167906
 10
28.31701692178017
 20
7.217748346167905
  0
LWPOLYLINE
  5
2CC
330
17
100
AcDbEntity
  8
NUMBERS
100
AcDbPolyline
 90
2
 70
0
 10
28.31701692178017
 20
7.217748346167905
 10
28.35701692178017
 20
7.277748346167906
  0
LWPOLYLINE
  5
2CD
330
17
100
AcDbEntity
  8
NUMBERS
100
AcDbPolyline
 90
5
 70
0
 10
28.37301692178017
 20
7.217748346167905
 10
28.41301692178017
 20
7.217748346167905
 10
28.41301692178017
 20
7.277748346167906
 10
28.37301692178017
 20
7.277748346167906
 10
28.37301692178017
 20
7.217748346167905
  0
LWPOLYLINE
  5
2CE
330
17
100
AcDbEntity
  8
NUMBERS
100
AcDbPolyline
 90
2
 70
0
 10
28.37301692178017
 20
7.217748346167905
 10
28.41301692178017
 20
7.277748346167906
  0
LWPOLYLINE
  5
2CF
330
17
100
AcDbEntity
  8
NUMBERS
100
AcDbPolyline
 90
3
 70
0
 10
28.42901692178017
 20
7.277748346167906
 10
28.46901692178017
 20
7.277748346167906
 10
28.43901692178017
 20
7.217748346167905
  0
LWPOLYLINE
  5
2D0
330
17
100
AcDbEntity
  8
NUMBERS
100
AcDbPolyline
 90
6
 70
0
 10
12.755050812969797
 20
8.134406266139337
 10
12.715050812969796
 20
8.134406266139337
 10
12.715050812969796
 20
8.074406266139338
 10
12.755050812969797
 20
8.074406266139338
 10
12.755050812969797
 20
8.104406266139337
 10
12.735050812969796
 20
8.104406266139337
  0
LWPOLYLINE
  5
2D1
330
17
100
AcDbEntity
  8
NUMBERS
100
AcDbPolyline
 90
3
 70
0
 10
12.771050812969797
 20
8.134406266139337
 10
12.771050812969797
 20
8.074406266139338
 10
12.811050812969796
 20
8.074406266139338
  0
LWPOLYLINE
  5
2D2
330
17
100
AcDbEntity
  8
NUMBERS
100
AcDbPolyline
 90
5
 70
0
 10
12.827050812969796
 20
8.074406266139338
 10
12.867050812969797
 20
8.074406266139338
 10
12.867050812969797
 20
8.134406266139337
 10
12.827050812969796
 20
8.134406266139337
 10
12.827050812969796
 20
8.074406266139338
  0
LWPOLYLINE
  5
2D3
330
17
100
AcDbEntity
  8
NUMBERS
100
AcDbPolyline
 90
2
 70
0
 10
12.827050812969796
 20
8.074406266139338
 10
12.867050812969797
 20
8.134406266139337
  0
LWPOLYLINE
  5
2D4
330
17
100
AcDbEntity
  8
NUMBERS
100
AcDbPolyline
 90
5
 70
0
 10
12.883050812969797
 20
8.074406266139338
 10
12.923050812969796
 20
8.074406266139338
 10
12.923050812969796
 20
8.134406266139337
 10
12.883050812969797
 20
8.134406266139337
 10
12.883050812969797
 20
8.074406266139338
  0
LWPOLYLINE
  5
2D5
330
17
100
AcDbEntity
  8
NUMBERS
100
AcDbPolyline
 90
2
 70
0
 10
12.883050812969797
 20
8.074406266139338
 10
12.923050812969796
 20
8.134406266139337
  0
LWPOLYLINE
  5
2D6
330
17
100
AcDbEntity
  8
NUMBERS
100
AcDbPolyline
 90
7
 70
0
 10
12.939050812969796
 20
8.134406266139337
 10
12.979050812969797
 20
8.134406266139337
 10
12.959050812969796
 20
8.109406266139338
 10
12.979050812969797
 20
8.099406266139338
 10
12.979050812969797
 20
8.084406266139338
 10
12.969050812969796
 20
8.074406266139338
 10
12.939050812969796
 20
8.074406266139338
  0
LWPOLYLINE
  5
2D7
330
17
100
AcDbEntity
  8
NUMBERS
100
AcDbPolyline
 90
7
 70
0
 10
15.659273366846225
 20
9.413728631140373
 10
15.599273366846225
 20
9.413728631140373
 10
15.599273366846225
 20
9.438728631140373
 10
15.614273366846223
 20
9.453728631140374
 10
15.644273366846225
 20
9.453728631140374
 10
15.659273366846225
 20
9.438728631140373
 10
15.659273366846225
 20
9.413728631140373
  0
LWPOLYLINE
  5
2D8
330
17
100
AcDbEntity
  8
NUMBERS
100
AcDbPolyline
 90
4
 70
0
 10
15.599273366846225
 20
9.509728631140373
 10
15.599273366846225
 20
9.469728631140374
 10
15.659273366846225
 20
9.469728631140374
 10
15.659273366846225
 20
9.509728631140373
  0
LWPOLYLINE
  5
2D9
330
17
100
AcDbEntity
  8
NUMBERS
100
AcDbPolyline
 90
2
 70
0
 10
15.629273366846224
 20
9.469728631140374
 10
15.629273366846224
 20
9.499728631140373
  0
LWPOLYLINE
  5
2DA
330
17
100
AcDbEntity
  8
NUMBERS
100
AcDbPolyline
 90
5
 70
0
 10
15.659273366846225
 20
9.525728631140373
 10
15.659273366846225
 20
9.565728631140372
 10
15.599273366846225
 20
9.565728631140372
 10
15.599273366846225
 20
9.525728631140373
 10
15.659273366846225
 20
9.525728631140373
  0
LWPOLYLINE
  5
2DB
330
17
100
AcDbEntity
  8
NUMBERS
100
AcDbPolyline
 90
2
 70
0
 10
15.659273366846225
 20
9.525728631140373
 10
15.599273366846225
 20
9.565728631140372
  0
LWPOLYLINE
  5
2DC
330
17
100
AcDbEntity
  8
NUMBERS
100
AcDbPolyline
 90
5
 70
0
 10
15.659273366846225
 20
9.581728631140374
 10
15.659273366846225
 20
9.621728631140373
 10
15.599273366846225
 20
9.621728631140373
 10
15.599273366846225
 20
9.581728631140374
 10
15.659273366846225
 20
9.581728631140374
  0
LWPOLYLINE
  5
2DD
330
17
100
AcDbEntity
  8
NUMBERS
100
AcDbPolyline
 90
2
 70
0
 10
15.659273366846225
 20
9.581728631140374
 10
15.599273366846225
 20
9.621728631140373
  0
LWPOLYLINE
  5
2DE
330
17
100
AcDbEntity
  8
NUMBERS
100
AcDbPolyline
 90
3
 70
0
 10
15.609273366846224
 20
9.647728631140373
 10
15.599273366846225
 20
9.657728631140372
 10
15.659273366846225
 20
9.657728631140372
  0
LWPOLYLINE
  5
2DF
330
17
100
AcDbEntity
  8
NUMBERS
100
AcDbPolyline
 90
2
 70
0
 10
15.659273366846225
 20
9.647728631140373
 10
15.659273366846225
 20
9.667728631140372
  0
LWPOLYLINE
  5
2E0
330
17
100
AcDbEntity
  8
NUMBERS
100
AcDbPolyline
 90
6
 70
0
 10
16.62591700566979
 20
7.407198260889993
 10
16.62591700566979
 20
7.367198260889993
 10
16.65591700566979
 20
7.367198260889993
 10
16.65591700566979
 20
7.407198260889993
 10
16.68591700566979
 20
7.407198260889993
 10
16.68591700566979
 20
7.367198260889993
  0
LWPOLYLINE
  5
2E1
330
17
100
AcDbEntity
  8
NUMBERS
100
AcDbPolyline
 90
2
 70
0
 10
16.62591700566979
 20
7.423198260889993
 10
16.62591700566979
 20
7.463198260889993
  0
LWPOLYLINE
  5
2E2
330
17
100
AcDbEntity
  8
NUMBERS
100
AcDbPolyline
 90
2
 70
0
 10
16.62591700566979
 20
7.443198260889994
 10
16.68591700566979
 20
7.443198260889994
  0
LWPOLYLINE
  5
2E3
330
17
100
AcDbEntity
  8
NUMBERS
100
AcDbPolyline
 90
5
 70
0
 10
16.68591700566979
 20
7.479198260889993
 10
16.68591700566979
 20
7.519198260889993
 10
16.62591700566979
 20
7.519198260889993
 10
16.62591700566979
 20
7.479198260889993
 10
16.68591700566979
 20
7.479198260889993
  0
LWPOLYLINE
  5
2E4
330
17
100
AcDbEntity
  8
NUMBERS
100
AcDbPolyline
 90
2
 70
0
 10
16.68591700566979
 20
7.479198260889993
 10
16.62591700566979
 20
7.519198260889993
  0
LWPOLYLINE
  5
2E5
330
17
100
AcDbEntity
  8
NUMBERS
100
AcDbPolyline
 90
5
 70
0
 10
16.68591700566979
 20
7.5351982608899934
 10
16.68591700566979
 20
7.5751982608899935
 10
16.62591700566979
 20
7.5751982608899935
 10
16.62591700566979
 20
7.5351982608899934
 10
16.68591700566979
 20
7.5351982608899934
  0
LWPOLYLINE
  5
2E6
330
17
100
AcDbEntity
  8
NUMBERS
100
AcDbPolyline
 90
2
 70
0
 10
16.68591700566979
 20
7.5351982608899934
 10
16.62591700566979
 20
7.5751982608899935
  0
LWPOLYLINE
  5
2E7
330
17
100
AcDbEntity
  8
NUMBERS
100
AcDbPolyline
 90
4
 70
0
 10
16.68591700566979
 20
7.621198260889994
 10
16.62591700566979
 20
7.621198260889994
 10
16.66591700566979
 20
7.5911982608899935
 10
16.66591700566979
 20
7.6311982608899935
  0
LWPOLYLINE
  5
2E8
330
17
100
AcDbEntity
  8
NUMBERS
100
AcDbPolyline
 90
6
 70
0
 10
18.25777692539557
 20
7.722787893700789
 10
18.224443592062237
 20
7.722787893700789
 10
18.224443592062237
 20
7.672787893700789
 10
18.25777692539557
 20
7.672787893700789
 10
18.25777692539557
 20
7.69778789370079
 10
18.241110258728902
 20
7.69778789370079
  0
LWPOLYLINE
  5
2E9
330
17
100
AcDbEntity
  8
NUMBERS
100
AcDbPolyline
 90
3
 70
0
 10
18.271110258728903
 20
7.722787893700789
 10
18.271110258728903
 20
7.672787893700789
 10
18.304443592062235
 20
7.672787893700789
  0
LWPOLYLINE
  5
2EA
330
17
100
AcDbEntity
  8
NUMBERS
100
AcDbPolyline
 90
5
 70
0
 10
18.31777692539557
 20
7.672787893700789
 10
18.3511102587289
 20
7.672787893700789
 10
18.3511102587289
 20
7.722787893700789
 10
18.31777692539557
 20
7.722787893700789
 10
18.31777692539557
 20
7.672787893700789
  0
LWPOLYLINE
  5
2EB
330
17
100
AcDbEntity
  8
NUMBERS
100
AcDbPolyline
 90
2
 70
0
 10
18.31777692539557
 20
7.672787893700789
 10
18.3511102587289
 20
7.722787893700789
  0
LWPOLYLINE
  5
2EC
330
17
100
AcDbEntity
  8
NUMBERS
100
AcDbPolyline
 90
5
 70
0
 10
18.364443592062237
 20
7.672787893700789
 10
18.39777692539557
 20
7.672787893700789
 10
18.39777692539557
 20
7.722787893700789
 10
18.364443592062237
 20
7.722787893700789
 10
18.364443592062237
 20
7.672787893700789
  0
LWPOLYLINE
  5
2ED
330
17
100
AcDbEntity
  8
NUMBERS
100
AcDbPolyline
 90
2
 70
0
 10
18.364443592062237
 20
7.672787893700789
 10
18.39777692539557
 20
7.722787893700789
  0
LWPOLYLINE
  5
2EE
330
17
100
AcDbEntity
  8
NUMBERS
100
AcDbPolyline
 90
7
 70
0
 10
18.411110258728904
 20
7.714454560367456
 10
18.419443592062237
 20
7.722787893700789
 10
18.436110258728903
 20
7.722787893700789
 10
18.444443592062235
 20
7.714454560367456
 10
18.444443592062235
 20
7.706121227034123
 10
18.411110258728904
 20
7.672787893700789
 10
18.444443592062235
 20
7.672787893700789
  0
LWPOLYLINE
  5
2EF
330
17
100
AcDbEntity
  8
NUMBERS
100
AcDbPolyline
 90
6
 70
0
 10
22.536985958246287
 20
7.875564497415109
 10
22.536986496031275
 20
7.835564497418724
 10
22.566986496028566
 20
7.835564900757466
 10
22.566985958243578
 20
7.875564900753851
 10
22.596985958240865
 20
7.875565304092592
 10
22.596986496025853
 20
7.835565304096207
  0
LWPOLYLINE
  5
2F0
330
17
100
AcDbEntity
  8
NUMBERS
100
AcDbPolyline
 90
2
 70
0
 10
22.53698574313229
 20
7.891564497413663
 10
22.536985205347303
 20
7.931564497410047
  0
LWPOLYLINE
  5
2F1
330
17
100
AcDbEntity
  8
NUMBERS
100
AcDbPolyline
 90
2
 70
0
 10
22.536985474239795
 20
7.911564497411854
 10
22.596985474234373
 20
7.911565304089337
  0
LWPOLYLINE
  5
2F2
330
17
100
AcDbEntity
  8
NUMBERS
100
AcDbPolyline
 90
5
 70
0
 10
22.596984990227885
 20
7.947565304086084
 10
22.596984452442896
 20
7.9875653040824695
 10
22.536984452448316
 20
7.987564497404986
 10
22.536984990233307
 20
7.947564497408601
 10
22.596984990227885
 20
7.947565304086084
  0
LWPOLYLINE
  5
2F3
330
17
100
AcDbEntity
  8
NUMBERS
100
AcDbPolyline
 90
2
 70
0
 10
22.596984990227885
 20
7.947565304086084
 10
22.536984452448316
 20
7.987564497404986
  0
LWPOLYLINE
  5
2F4
330
17
100
AcDbEntity
  8
NUMBERS
100
AcDbPolyline
 90
3
 70
0
 10
22.546984102887173
 20
8.013564631848883
 10
22.536983968441827
 20
8.023564497401733
 10
22.596983968436405
 20
8.023565304079217
  0
LWPOLYLINE
  5
2F5
330
17
100
AcDbEntity
  8
NUMBERS
100
AcDbPolyline
 90
2
 70
0
 10
22.59698410288265
 20
8.01356530408012
 10
22.59698383399016
 20
8.033565304078312
  0
LWPOLYLINE
  5
2F6
330
17
100
AcDbEntity
  8
NUMBERS
100
AcDbPolyline
 90
5
 70
0
 10
22.596983484429913
 20
8.059565304075962
 10
22.596982946644925
 20
8.099565304072348
 10
22.566982946647638
 20
8.099564900733606
 10
22.566983484432626
 20
8.059564900737222
 10
22.596983484429913
 20
8.059565304075962
  0
LWPOLYLINE
  5
2F7
330
17
100
AcDbEntity
  8
NUMBERS
100
AcDbPolyline
 90
4
 70
0
 10
22.566983417209503
 20
8.06456490073677
 10
22.536983417212213
 20
8.064564497398027
 10
22.53698301387347
 20
8.094564497395316
 10
22.56698301387076
 20
8.094564900734058
  0
LWPOLYLINE
  5
2F8
330
17
100
AcDbEntity
  8
NUMBERS
100
AcDbPolyline
 90
6
 70
0
 10
14.476965392770245
 20
8.68175575600792
 10
14.476959937704894
 20
8.641755756379892
 10
14.506959937425915
 20
8.64175166508088
 10
14.506965392491265
 20
8.681751664708909
 10
14.536965392212286
 20
8.681747573409895
 10
14.536959937146937
 20
8.641747573781867
  0
LWPOLYLINE
  5
2F9
330
17
100
AcDbEntity
  8
NUMBERS
100
AcDbPolyline
 90
2
 70
0
 10
14.476967574796385
 20
8.697755755859133
 10
14.476973029861734
 20
8.73775575548716
  0
LWPOLYLINE
  5
2FA
330
17
100
AcDbEntity
  8
NUMBERS
100
AcDbPolyline
 90
2
 70
0
 10
14.47697030232906
 20
8.717755755673146
 10
14.536970301771102
 20
8.71774757307512
  0
LWPOLYLINE
  5
2FB
330
17
100
AcDbEntity
  8
NUMBERS
100
AcDbPolyline
 90
5
 70
0
 10
14.536975211329917
 20
8.753747572740346
 10
14.536980666395266
 20
8.793747572368375
 10
14.476980666953224
 20
8.7937557549664
 10
14.476975211887874
 20
8.753755755338371
 10
14.536975211329917
 20
8.753747572740346
  0
LWPOLYLINE
  5
2FC
330
17
100
AcDbEntity
  8
NUMBERS
100
AcDbPolyline
 90
2
 70
0
 10
14.536975211329917
 20
8.753747572740346
 10
14.476980666953224
 20
8.7937557549664
  0
LWPOLYLINE
  5
2FD
330
17
100
AcDbEntity
  8
NUMBERS
100
AcDbPolyline
 90
3
 70
0
 10
14.48698421265271
 20
8.81975439095828
 10
14.476985576512039
 20
8.829755754631625
 10
14.53698557595408
 20
8.8297475720336
  0
LWPOLYLINE
  5
2FE
330
17
100
AcDbEntity
  8
NUMBERS
100
AcDbPolyline
 90
2
 70
0
 10
14.536984212187743
 20
8.819747572126593
 10
14.53698693972042
 20
8.839747571940608
  0
LWPOLYLINE
  5
2FF
330
17
100
AcDbEntity
  8
NUMBERS
100
AcDbPolyline
 90
3
 70
0
 10
14.476990486070854
 20
8.86575575429685
 10
14.476995941136204
 20
8.905755753924879
 10
14.536991849279234
 20
8.875747571605833
  0
LWPOLYLINE
  5
300
330
17
100
AcDbEntity
  8
NUMBERS
100
AcDbPolyline
 90
6
 70
0
 10
12.71238414630313
 20
8.378908234643276
 10
12.679050812969797
 20
8.378908234643276
 10
12.679050812969797
 20
8.353908234643276
 10
12.71238414630313
 20
8.353908234643276
 10
12.71238414630313
 20
8.328908234643276
 10
12.679050812969797
 20
8.328908234643276
  0
LWPOLYLINE
  5
301
330
17
100
AcDbEntity
  8
NUMBERS
100
AcDbPolyline
 90
2
 70
0
 10
12.725717479636463
 20
8.378908234643276
 10
12.759050812969797
 20
8.378908234643276
  0
LWPOLYLINE
  5
302
330
17
100
AcDbEntity
  8
NUMBERS
100
AcDbPolyline
 90
2
 70
0
 10
12.742384146303129
 20
8.378908234643276
 10
12.742384146303129
 20
8.328908234643276
  0
LWPOLYLINE
  5
303
330
17
100
AcDbEntity
  8
NUMBERS
100
AcDbPolyline
 90
5
 70
0
 10
12.77238414630313
 20
8.328908234643276
 10
12.805717479636463
 20
8.328908234643276
 10
12.805717479636463
 20
8.378908234643276
 10
12.77238414630313
 20
8.378908234643276
 10
12.77238414630313
 20
8.328908234643276
  0
LWPOLYLINE
  5
304
330
17
100
AcDbEntity
  8
NUMBERS
100
AcDbPolyline
 90
2
 70
0
 10
12.77238414630313
 20
8.328908234643276
 10
12.805717479636463
 20
8.378908234643276
  0
LWPOLYLINE
  5
305
330
17
100
AcDbEntity
  8
NUMBERS
100
AcDbPolyline
 90
3
 70
0
 10
12.82738414630313
 20
8.370574901309942
 10
12.835717479636463
 20
8.378908234643276
 10
12.835717479636463
 20
8.328908234643276
  0
LWPOLYLINE
  5
306
330
17
100
AcDbEntity
  8
NUMBERS
100
AcDbPolyline
 90
2
 70
0
 10
12.82738414630313
 20
8.328908234643276
 10
12.844050812969796
 20
8.328908234643276
  0
LWPOLYLINE
  5
307
330
17
100
AcDbEntity
  8
NUMBERS
100
AcDbPolyline
 90
3
 70
0
 10
12.865717479636464
 20
8.378908234643276
 10
12.899050812969797
 20
8.378908234643276
 10
12.874050812969797
 20
8.328908234643276
  0
LWPOLYLINE
  5
308
330
17
100
AcDbEntity
  8
NUMBERS
100
AcDbPolyline
 90
3
 70
0
 10
12.96738414630313
 20
8.370574901309942
 10
12.975717479636463
 20
8.378908234643276
 10
12.975717479636463
 20
8.328908234643276
  0
LWPOLYLINE
  5
309
330
17
100
AcDbEntity
  8
NUMBERS
100
AcDbPolyline
 90
2
 70
0
 10
12.96738414630313
 20
8.328908234643276
 10
12.984050812969796
 20
8.328908234643276
  0
LWPOLYLINE
  5
30A
330
17
100
AcDbEntity
  8
NUMBERS
100
AcDbPolyline
 90
2
 70
0
 10
13.005717479636463
 20
8.328908234643276
 10
13.039050812969796
 20
8.378908234643276
  0
LWPOLYLINE
  5
30B
330
17
100
AcDbEntity
  8
NUMBERS
100
AcDbPolyline
 90
7
 70
0
 10
13.05238414630313
 20
8.370574901309942
 10
13.060717479636462
 20
8.378908234643276
 10
13.07738414630313
 20
8.378908234643276
 10
13.085717479636463
 20
8.370574901309942
 10
13.085717479636463
 20
8.362241567976609
 10
13.05238414630313
 20
8.328908234643276
 10
13.085717479636463
 20
8.328908234643276
  0
LWPOLYLINE
  5
30C
330
17
100
AcDbEntity
  8
NUMBERS
100
AcDbPolyline
 90
6
 70
0
 10
22.536941088401303
 20
8.856197245275183
 10
22.536935633335954
 20
8.816197245647155
 10
22.566935633056975
 20
8.816193154348143
 10
22.566941088122324
 20
8.856193153976172
 10
22.596941087843344
 20
8.856189062677158
 10
22.596935632777996
 20
8.81618906304913
  0
LWPOLYLINE
  5
30D
330
17
100
AcDbEntity
  8
NUMBERS
100
AcDbPolyline
 90
2
 70
0
 10
22.536943270427443
 20
8.872197245126396
 10
22.536948725492792
 20
8.912197244754424
  0
LWPOLYLINE
  5
30E
330
17
100
AcDbEntity
  8
NUMBERS
100
AcDbPolyline
 90
2
 70
0
 10
22.536945997960117
 20
8.892197244940409
 10
22.59694599740216
 20
8.892189062342384
  0
LWPOLYLINE
  5
30F
330
17
100
AcDbEntity
  8
NUMBERS
100
AcDbPolyline
 90
5
 70
0
 10
22.596950906960974
 20
8.92818906200761
 10
22.596956362026326
 20
8.968189061635638
 10
22.53695636258428
 20
8.968197244233663
 10
22.536950907518932
 20
8.928197244605634
 10
22.596950906960974
 20
8.92818906200761
  0
LWPOLYLINE
  5
310
330
17
100
AcDbEntity
  8
NUMBERS
100
AcDbPolyline
 90
2
 70
0
 10
22.596950906960974
 20
8.92818906200761
 10
22.53695636258428
 20
8.968197244233663
  0
LWPOLYLINE
  5
311
330
17
100
AcDbEntity
  8
NUMBERS
100
AcDbPolyline
 90
3
 70
0
 10
22.546959908283768
 20
8.994195880225544
 10
22.536961272143095
 20
9.004197243898888
 10
22.59696127158514
 20
9.004189061300863
  0
LWPOLYLINE
  5
312
330
17
100
AcDbEntity
  8
NUMBERS
100
AcDbPolyline
 90
2
 70
0
 10
22.596959907818803
 20
8.994189061393856
 10
22.596962635351478
 20
9.01418906120787
  0
LWPOLYLINE
  5
313
330
17
100
AcDbEntity
  8
NUMBERS
100
AcDbPolyline
 90
3
 70
0
 10
22.536966181701914
 20
9.040197243564114
 10
22.536971636767262
 20
9.080197243192142
 10
22.596967544910292
 20
9.050189060873096
  0
LWPOLYLINE
  5
314
330
17
100
AcDbEntity
  8
NUMBERS
100
AcDbPolyline
 90
6
 70
0
 10
20.77235984193419
 20
8.55334972391054
 10
20.739026508600855
 20
8.55334972391054
 10
20.739026508600855
 20
8.528349723910539
 10
20.77235984193419
 20
8.528349723910539
 10
20.77235984193419
 20
8.503349723910539
 10
20.739026508600855
 20
8.503349723910539
  0
LWPOLYLINE
  5
315
330
17
100
AcDbEntity
  8
NUMBERS
100
AcDbPolyline
 90
2
 70
0
 10
20.78569317526752
 20
8.55334972391054
 10
20.819026508600853
 20
8.55334972391054
  0
LWPOLYLINE
  5
316
330
17
100
AcDbEntity
  8
NUMBERS
100
AcDbPolyline
 90
2
 70
0
 10
20.802359841934187
 20
8.55334972391054
 10
20.802359841934187
 20
8.503349723910539
  0
LWPOLYLINE
  5
317
330
17
100
AcDbEntity
  8
NUMBERS
100
AcDbPolyline
 90
5
 70
0
 10
20.83235984193419
 20
8.503349723910539
 10
20.86569317526752
 20
8.503349723910539
 10
20.86569317526752
 20
8.55334972391054
 10
20.83235984193419
 20
8.55334972391054
 10
20.83235984193419
 20
8.503349723910539
  0
LWPOLYLINE
  5
318
330
17
100
AcDbEntity
  8
NUMBERS
100
AcDbPolyline
 90
2
 70
0
 10
20.83235984193419
 20
8.503349723910539
 10
20.86569317526752
 20
8.55334972391054
  0
LWPOLYLINE
  5
319
330
17
100
AcDbEntity
  8
NUMBERS
100
AcDbPolyline
 90
3
 70
0
 10
20.887359841934188
 20
8.545016390577205
 10
20.89569317526752
 20
8.55334972391054
 10
20.89569317526752
 20
8.503349723910539
  0
LWPOLYLINE
  5
31A
330
17
100
AcDbEntity
  8
NUMBERS
100
AcDbPolyline
 90
2
 70
0
 10
20.887359841934188
 20
8.503349723910539
 10
20.904026508600854
 20
8.503349723910539
  0
LWPOLYLINE
  5
31B
330
17
100
AcDbEntity
  8
NUMBERS
100
AcDbPolyline
 90
3
 70
0
 10
20.925693175267522
 20
8.55334972391054
 10
20.959026508600854
 20
8.55334972391054
 10
20.934026508600855
 20
8.503349723910539
  0
LWPOLYLINE
  5
31C
330
17
100
AcDbEntity
  8
NUMBERS
100
AcDbPolyline
 90
7
 70
0
 10
21.019026508600856
 20
8.545016390577205
 10
21.02735984193419
 20
8.55334972391054
 10
21.044026508600854
 20
8.55334972391054
 10
21.052359841934187
 20
8.545016390577205
 10
21.052359841934187
 20
8.536683057243872
 10
21.019026508600856
 20
8.503349723910539
 10
21.052359841934187
 20
8.503349723910539
  0
LWPOLYLINE
  5
31D
330
17
100
AcDbEntity
  8
NUMBERS
100
AcDbPolyline
 90
2
 70
0
 10
21.065693175267523
 20
8.503349723910539
 10
21.099026508600854
 20
8.55334972391054
  0
LWPOLYLINE
  5
31E
330
17
100
AcDbEntity
  8
NUMBERS
100
AcDbPolyline
 90
7
 70
0
 10
21.11235984193419
 20
8.545016390577205
 10
21.120693175267522
 20
8.55334972391054
 10
21.137359841934188
 20
8.55334972391054
 10
21.14569317526752
 20
8.545016390577205
 10
21.14569317526752
 20
8.536683057243872
 10
21.11235984193419
 20
8.503349723910539
 10
21.14569317526752
 20
8.503349723910539
  0
LWPOLYLINE
  5
31F
330
17
100
AcDbEntity
  8
NUMBERS
100
AcDbPolyline
 90
6
 70
0
 10
15.078673432017684
 20
9.049803448607381
 10
15.078673432017684
 20
9.009803448607382
 10
15.108673432017683
 20
9.009803448607382
 10
15.108673432017683
 20
9.049803448607381
 10
15.138673432017683
 20
9.049803448607381
 10
15.138673432017685
 20
9.009803448607382
  0
LWPOLYLINE
  5
320
330
17
100
AcDbEntity
  8
NUMBERS
100
AcDbPolyline
 90
2
 70
0
 10
15.078673432017682
 20
9.065803448607381
 10
15.078673432017684
 20
9.105803448607382
  0
LWPOLYLINE
  5
321
330
17
100
AcDbEntity
  8
NUMBERS
100
AcDbPolyline
 90
2
 70
0
 10
15.078673432017682
 20
9.08580344860738
 10
15.138673432017685
 20
9.08580344860738
  0
LWPOLYLINE
  5
322
330
17
100
AcDbEntity
  8
NUMBERS
100
AcDbPolyline
 90
5
 70
0
 10
15.138673432017685
 20
9.12180344860738
 10
15.138673432017685
 20
9.161803448607381
 10
15.078673432017684
 20
9.161803448607381
 10
15.078673432017682
 20
9.12180344860738
 10
15.138673432017685
 20
9.12180344860738
  0
LWPOLYLINE
  5
323
330
17
100
AcDbEntity
  8
NUMBERS
100
AcDbPolyline
 90
2
 70
0
 10
15.138673432017685
 20
9.12180344860738
 10
15.078673432017684
 20
9.161803448607381
  0
LWPOLYLINE
  5
324
330
17
100
AcDbEntity
  8
NUMBERS
100
AcDbPolyline
 90
3
 70
0
 10
15.088673432017684
 20
9.187803448607381
 10
15.078673432017684
 20
9.197803448607381
 10
15.138673432017685
 20
9.197803448607381
  0
LWPOLYLINE
  5
325
330
17
100
AcDbEntity
  8
NUMBERS
100
AcDbPolyline
 90
2
 70
0
 10
15.138673432017685
 20
9.187803448607381
 10
15.138673432017683
 20
9.20780344860738
  0
LWPOLYLINE
  5
326
330
17
100
AcDbEntity
  8
NUMBERS
100
AcDbPolyline
 90
4
 70
0
 10
15.138673432017685
 20
9.263803448607382
 10
15.078673432017684
 20
9.263803448607382
 10
15.118673432017685
 20
9.23380344860738
 10
15.118673432017685
 20
9.273803448607381
  0
LWPOLYLINE
  5
327
330
17
100
AcDbEntity
  8
NUMBERS
100
AcDbPolyline
 90
6
 70
0
 10
15.225444812177832
 20
8.362241567976609
 10
15.225444812177832
 20
8.328908234643276
 10
15.250444812177832
 20
8.328908234643276
 10
15.250444812177832
 20
8.362241567976609
 10
15.275444812177833
 20
8.362241567976609
 10
15.275444812177833
 20
8.328908234643276
  0
LWPOLYLINE
  5
328
330
17
100
AcDbEntity
  8
NUMBERS
100
AcDbPolyline
 90
2
 70
0
 10
15.225444812177832
 20
8.375574901309943
 10
15.225444812177832
 20
8.408908234643276
  0
LWPOLYLINE
  5
329
330
17
100
AcDbEntity
  8
NUMBERS
100
AcDbPolyline
 90
2
 70
0
 10
15.225444812177832
 20
8.392241567976608
 10
15.275444812177833
 20
8.392241567976608
  0
LWPOLYLINE
  5
32A
330
17
100
AcDbEntity
  8
NUMBERS
100
AcDbPolyline
 90
5
 70
0
 10
15.275444812177833
 20
8.42224156797661
 10
15.275444812177833
 20
8.455574901309943
 10
15.225444812177832
 20
8.455574901309943
 10
15.225444812177832
 20
8.42224156797661
 10
15.275444812177833
 20
8.42224156797661
  0
LWPOLYLINE
  5
32B
330
17
100
AcDbEntity
  8
NUMBERS
100
AcDbPolyline
 90
2
 70
0
 10
15.275444812177833
 20
8.42224156797661
 10
15.225444812177832
 20
8.455574901309943
  0
LWPOLYLINE
  5
32C
330
17
100
AcDbEntity
  8
NUMBERS
100
AcDbPolyline
 90
3
 70
0
 10
15.233778145511167
 20
8.477241567976609
 10
15.225444812177832
 20
8.485574901309942
 10
15.275444812177833
 20
8.485574901309942
  0
LWPOLYLINE
  5
32D
330
17
100
AcDbEntity
  8
NUMBERS
100
AcDbPolyline
 90
2
 70
0
 10
15.275444812177833
 20
8.477241567976609
 10
15.275444812177833
 20
8.493908234643275
  0
LWPOLYLINE
  5
32E
330
17
100
AcDbEntity
  8
NUMBERS
100
AcDbPolyline
 90
4
 70
0
 10
15.275444812177833
 20
8.540574901309942
 10
15.225444812177832
 20
8.540574901309942
 10
15.258778145511167
 20
8.515574901309943
 10
15.258778145511167
 20
8.548908234643276
  0
LWPOLYLINE
  5
32F
330
17
100
AcDbEntity
  8
NUMBERS
100
AcDbPolyline
 90
3
 70
0
 10
15.233778145511167
 20
8.61724156797661
 10
15.225444812177832
 20
8.625574901309943
 10
15.275444812177833
 20
8.625574901309943
  0
LWPOLYLINE
  5
330
330
17
100
AcDbEntity
  8
NUMBERS
100
AcDbPolyline
 90
2
 70
0
 10
15.275444812177833
 20
8.61724156797661
 10
15.275444812177833
 20
8.633908234643275
  0
LWPOLYLINE
  5
331
330
17
100
AcDbEntity
  8
NUMBERS
100
AcDbPolyline
 90
2
 70
0
 10
15.275444812177833
 20
8.655574901309942
 10
15.225444812177832
 20
8.688908234643275
  0
LWPOLYLINE
  5
332
330
17
100
AcDbEntity
  8
NUMBERS
100
AcDbPolyline
 90
3
 70
0
 10
15.233778145511167
 20
8.710574901309942
 10
15.225444812177832
 20
8.718908234643276
 10
15.275444812177833
 20
8.718908234643276
  0
LWPOLYLINE
  5
333
330
17
100
AcDbEntity
  8
NUMBERS
100
AcDbPolyline
 90
2
 70
0
 10
15.275444812177833
 20
8.710574901309942
 10
15.275444812177833
 20
8.727241567976609
  0
LWPOLYLINE
  5
334
330
17
100
AcDbEntity
  8
NUMBERS
100
AcDbPolyline
 90
7
 70
0
 10
15.233778145511167
 20
8.748908234643276
 10
15.225444812177832
 20
8.757241567976608
 10
15.225444812177832
 20
8.773908234643276
 10
15.233778145511167
 20
8.782241567976609
 10
15.2421114788445
 20
8.782241567976609
 10
15.275444812177833
 20
8.748908234643276
 10
15.275444812177833
 20
8.782241567976609
  0
LWPOLYLINE
  5
335
330
17
100
AcDbEntity
  8
NUMBERS
100
AcDbPolyline
 90
6
 70
0
 10
17.05731261276706
 20
9.384467848775266
 10
17.05731261276706
 20
9.344467848775267
 10
17.08731261276706
 20
9.344467848775267
 10
17.08731261276706
 20
9.384467848775266
 10
17.117312612767062
 20
9.384467848775266
 10
17.117312612767062
 20
9.344467848775267
  0
LWPOLYLINE
  5
336
330
17
100
AcDbEntity
  8
NUMBERS
100
AcDbPolyline
 90
2
 70
0
 10
17.05731261276706
 20
9.400467848775266
 10
17.05731261276706
 20
9.440467848775267
  0
LWPOLYLINE
  5
337
330
17
100
AcDbEntity
  8
NUMBERS
100
AcDbPolyline
 90
2
 70
0
 10
17.05731261276706
 20
9.420467848775266
 10
17.117312612767062
 20
9.420467848775266
  0
LWPOLYLINE
  5
338
330
17
100
AcDbEntity
  8
NUMBERS
100
AcDbPolyline
 90
5
 70
0
 10
17.117312612767062
 20
9.456467848775265
 10
17.117312612767062
 20
9.496467848775266
 10
17.05731261276706
 20
9.496467848775266
 10
17.05731261276706
 20
9.456467848775265
 10
17.117312612767062
 20
9.456467848775265
  0
LWPOLYLINE
  5
339
330
17
100
AcDbEntity
  8
NUMBERS
100
AcDbPolyline
 90
2
 70
0
 10
17.117312612767062
 20
9.456467848775265
 10
17.05731261276706
 20
9.496467848775266
  0
LWPOLYLINE
  5
33A
330
17
100
AcDbEntity
  8
NUMBERS
100
AcDbPolyline
 90
3
 70
0
 10
17.06731261276706
 20
9.522467848775266
 10
17.05731261276706
 20
9.532467848775266
 10
17.117312612767062
 20
9.532467848775266
  0
LWPOLYLINE
  5
33B
330
17
100
AcDbEntity
  8
NUMBERS
100
AcDbPolyline
 90
2
 70
0
 10
17.117312612767062
 20
9.522467848775266
 10
17.117312612767062
 20
9.542467848775265
  0
LWPOLYLINE
  5
33C
330
17
100
AcDbEntity
  8
NUMBERS
100
AcDbPolyline
 90
4
 70
0
 10
17.117312612767062
 20
9.598467848775266
 10
17.05731261276706
 20
9.598467848775266
 10
17.097312612767062
 20
9.568467848775265
 10
17.097312612767062
 20
9.608467848775266
  0
LWPOLYLINE
  5
33D
330
17
100
AcDbEntity
  8
NUMBERS
100
AcDbPolyline
 90
6
 70
0
 10
17.20408399292721
 20
8.696905968144494
 10
17.20408399292721
 20
8.66357263481116
 10
17.22908399292721
 20
8.66357263481116
 10
17.22908399292721
 20
8.696905968144494
 10
17.25408399292721
 20
8.696905968144494
 10
17.25408399292721
 20
8.66357263481116
  0
LWPOLYLINE
  5
33E
330
17
100
AcDbEntity
  8
NUMBERS
100
AcDbPolyline
 90
2
 70
0
 10
17.20408399292721
 20
8.710239301477827
 10
17.20408399292721
 20
8.74357263481116
  0
LWPOLYLINE
  5
33F
330
17
100
AcDbEntity
  8
NUMBERS
100
AcDbPolyline
 90
2
 70
0
 10
17.20408399292721
 20
8.726905968144493
 10
17.25408399292721
 20
8.726905968144493
  0
LWPOLYLINE
  5
340
330
17
100
AcDbEntity
  8
NUMBERS
100
AcDbPolyline
 90
5
 70
0
 10
17.25408399292721
 20
8.756905968144494
 10
17.25408399292721
 20
8.790239301477827
 10
17.20408399292721
 20
8.790239301477827
 10
17.20408399292721
 20
8.756905968144494
 10
17.25408399292721
 20
8.756905968144494
  0
LWPOLYLINE
  5
341
330
17
100
AcDbEntity
  8
NUMBERS
100
AcDbPolyline
 90
2
 70
0
 10
17.25408399292721
 20
8.756905968144494
 10
17.20408399292721
 20
8.790239301477827
  0
LWPOLYLINE
  5
342
330
17
100
AcDbEntity
  8
NUMBERS
100
AcDbPolyline
 90
3
 70
0
 10
17.212417326260542
 20
8.811905968144494
 10
17.20408399292721
 20
8.820239301477827
 10
17.25408399292721
 20
8.820239301477827
  0
LWPOLYLINE
  5
343
330
17
100
AcDbEntity
  8
NUMBERS
100
AcDbPolyline
 90
2
 70
0
 10
17.25408399292721
 20
8.811905968144494
 10
17.25408399292721
 20
8.82857263481116
  0
LWPOLYLINE
  5
344
330
17
100
AcDbEntity
  8
NUMBERS
100
AcDbPolyline
 90
4
 70
0
 10
17.25408399292721
 20
8.875239301477826
 10
17.20408399292721
 20
8.875239301477826
 10
17.237417326260545
 20
8.850239301477828
 10
17.237417326260545
 20
8.883572634811161
  0
LWPOLYLINE
  5
345
330
17
100
AcDbEntity
  8
NUMBERS
100
AcDbPolyline
 90
7
 70
0
 10
17.212417326260542
 20
8.94357263481116
 10
17.20408399292721
 20
8.951905968144494
 10
17.20408399292721
 20
8.96857263481116
 10
17.212417326260542
 20
8.976905968144493
 10
17.220750659593875
 20
8.976905968144493
 10
17.25408399292721
 20
8.94357263481116
 10
17.25408399292721
 20
8.976905968144493
  0
LWPOLYLINE
  5
346
330
17
100
AcDbEntity
  8
NUMBERS
100
AcDbPolyline
 90
2
 70
0
 10
17.25408399292721
 20
8.990239301477827
 10
17.20408399292721
 20
9.02357263481116
  0
LWPOLYLINE
  5
347
330
17
100
AcDbEntity
  8
NUMBERS
100
AcDbPolyline
 90
3
 70
0
 10
17.212417326260542
 20
9.045239301477826
 10
17.20408399292721
 20
9.053572634811161
 10
17.25408399292721
 20
9.053572634811161
  0
LWPOLYLINE
  5
348
330
17
100
AcDbEntity
  8
NUMBERS
100
AcDbPolyline
 90
2
 70
0
 10
17.25408399292721
 20
9.045239301477826
 10
17.25408399292721
 20
9.061905968144494
  0
LWPOLYLINE
  5
349
330
17
100
AcDbEntity
  8
NUMBERS
100
AcDbPolyline
 90
7
 70
0
 10
17.212417326260542
 20
9.08357263481116
 10
17.20408399292721
 20
9.091905968144493
 10
17.20408399292721
 20
9.10857263481116
 10
17.212417326260542
 20
9.116905968144493
 10
17.220750659593875
 20
9.116905968144493
 10
17.25408399292721
 20
9.08357263481116
 10
17.25408399292721
 20
9.116905968144493
  0
LWPOLYLINE
  5
34A
330
17
100
AcDbEntity
  8
NUMBERS
100
AcDbPolyline
 90
6
 70
0
 10
17.49947960002448
 20
9.384467848775266
 10
17.49947960002448
 20
9.344467848775267
 10
17.52947960002448
 20
9.344467848775267
 10
17.52947960002448
 20
9.384467848775266
 10
17.55947960002448
 20
9.384467848775266
 10
17.55947960002448
 20
9.344467848775267
  0
LWPOLYLINE
  5
34B
330
17
100
AcDbEntity
  8
NUMBERS
100
AcDbPolyline
 90
2
 70
0
 10
17.49947960002448
 20
9.400467848775266
 10
17.49947960002448
 20
9.440467848775267
  0
LWPOLYLINE
  5
34C
330
17
100
AcDbEntity
  8
NUMBERS
100
AcDbPolyline
 90
2
 70
0
 10
17.49947960002448
 20
9.420467848775266
 10
17.55947960002448
 20
9.420467848775266
  0
LWPOLYLINE
  5
34D
330
17
100
AcDbEntity
  8
NUMBERS
100
AcDbPolyline
 90
5
 70
0
 10
17.55947960002448
 20
9.456467848775265
 10
17.55947960002448
 20
9.496467848775266
 10
17.49947960002448
 20
9.496467848775266
 10
17.49947960002448
 20
9.456467848775265
 10
17.55947960002448
 20
9.456467848775265
  0
LWPOLYLINE
  5
34E
330
17
100
AcDbEntity
  8
NUMBERS
100
AcDbPolyline
 90
2
 70
0
 10
17.55947960002448
 20
9.456467848775265
 10
17.49947960002448
 20
9.496467848775266
  0
LWPOLYLINE
  5
34F
330
17
100
AcDbEntity
  8
NUMBERS
100
AcDbPolyline
 90
3
 70
0
 10
17.50947960002448
 20
9.522467848775266
 10
17.49947960002448
 20
9.532467848775266
 10
17.55947960002448
 20
9.532467848775266
  0
LWPOLYLINE
  5
350
330
17
100
AcDbEntity
  8
NUMBERS
100
AcDbPolyline
 90
2
 70
0
 10
17.55947960002448
 20
9.522467848775266
 10
17.55947960002448
 20
9.542467848775265
  0
LWPOLYLINE
  5
351
330
17
100
AcDbEntity
  8
NUMBERS
100
AcDbPolyline
 90
4
 70
0
 10
17.55947960002448
 20
9.598467848775266
 10
17.49947960002448
 20
9.598467848775266
 10
17.53947960002448
 20
9.568467848775265
 10
17.53947960002448
 20
9.608467848775266
  0
LWPOLYLINE
  5
352
330
17
100
AcDbEntity
  8
NUMBERS
100
AcDbPolyline
 90
6
 70
0
 10
17.64625098018463
 20
8.696905968144494
 10
17.64625098018463
 20
8.66357263481116
 10
17.67125098018463
 20
8.66357263481116
 10
17.67125098018463
 20
8.696905968144494
 10
17.69625098018463
 20
8.696905968144494
 10
17.69625098018463
 20
8.66357263481116
  0
LWPOLYLINE
  5
353
330
17
100
AcDbEntity
  8
NUMBERS
100
AcDbPolyline
 90
2
 70
0
 10
17.64625098018463
 20
8.710239301477827
 10
17.64625098018463
 20
8.74357263481116
  0
LWPOLYLINE
  5
354
330
17
100
AcDbEntity
  8
NUMBERS
100
AcDbPolyline
 90
2
 70
0
 10
17.64625098018463
 20
8.726905968144493
 10
17.69625098018463
 20
8.726905968144493
  0
LWPOLYLINE
  5
355
330
17
100
AcDbEntity
  8
NUMBERS
100
AcDbPolyline
 90
5
 70
0
 10
17.69625098018463
 20
8.756905968144494
 10
17.69625098018463
 20
8.790239301477827
 10
17.64625098018463
 20
8.790239301477827
 10
17.64625098018463
 20
8.756905968144494
 10
17.69625098018463
 20
8.756905968144494
  0
LWPOLYLINE
  5
356
330
17
100
AcDbEntity
  8
NUMBERS
100
AcDbPolyline
 90
2
 70
0
 10
17.69625098018463
 20
8.756905968144494
 10
17.64625098018463
 20
8.790239301477827
  0
LWPOLYLINE
  5
357
330
17
100
AcDbEntity
  8
NUMBERS
100
AcDbPolyline
 90
3
 70
0
 10
17.65458431351796
 20
8.811905968144494
 10
17.64625098018463
 20
8.820239301477827
 10
17.69625098018463
 20
8.820239301477827
  0
LWPOLYLINE
  5
358
330
17
100
AcDbEntity
  8
NUMBERS
100
AcDbPolyline
 90
2
 70
0
 10
17.69625098018463
 20
8.811905968144494
 10
17.69625098018463
 20
8.82857263481116
  0
LWPOLYLINE
  5
359
330
17
100
AcDbEntity
  8
NUMBERS
100
AcDbPolyline
 90
4
 70
0
 10
17.69625098018463
 20
8.875239301477826
 10
17.64625098018463
 20
8.875239301477826
 10
17.679584313517964
 20
8.850239301477828
 10
17.679584313517964
 20
8.883572634811161
  0
LWPOLYLINE
  5
35A
330
17
100
AcDbEntity
  8
NUMBERS
100
AcDbPolyline
 90
7
 70
0
 10
17.64625098018463
 20
8.94357263481116
 10
17.64625098018463
 20
8.976905968144493
 10
17.667084313517964
 20
8.960239301477827
 10
17.675417646851297
 20
8.976905968144493
 10
17.687917646851297
 20
8.976905968144493
 10
17.69625098018463
 20
8.96857263481116
 10
17.69625098018463
 20
8.94357263481116
  0
LWPOLYLINE
  5
35B
330
17
100
AcDbEntity
  8
NUMBERS
100
AcDbPolyline
 90
2
 70
0
 10
17.69625098018463
 20
8.990239301477827
 10
17.64625098018463
 20
9.02357263481116
  0
LWPOLYLINE
  5
35C
330
17
100
AcDbEntity
  8
NUMBERS
100
AcDbPolyline
 90
3
 70
0
 10
17.65458431351796
 20
9.045239301477826
 10
17.64625098018463
 20
9.053572634811161
 10
17.69625098018463
 20
9.053572634811161
  0
LWPOLYLINE
  5
35D
330
17
100
AcDbEntity
  8
NUMBERS
100
AcDbPolyline
 90
2
 70
0
 10
17.69625098018463
 20
9.045239301477826
 10
17.69625098018463
 20
9.061905968144494
  0
LWPOLYLINE
  5
35E
330
17
100
AcDbEntity
  8
NUMBERS
100
AcDbPolyline
 90
7
 70
0
 10
17.65458431351796
 20
9.08357263481116
 10
17.64625098018463
 20
9.091905968144493
 10
17.64625098018463
 20
9.10857263481116
 10
17.65458431351796
 20
9.116905968144493
 10
17.662917646851298
 20
9.116905968144493
 10
17.69625098018463
 20
9.08357263481116
 10
17.69625098018463
 20
9.116905968144493
  0
LWPOLYLINE
  5
35F
330
17
100
AcDbEntity
  8
NUMBERS
100
AcDbPolyline
 90
6
 70
0
 10
18.567146194148734
 20
8.86726924761422
 10
18.527146194148735
 20
8.86726924761422
 10
18.527146194148735
 20
8.83726924761422
 10
18.567146194148734
 20
8.83726924761422
 10
18.567146194148734
 20
8.80726924761422
 10
18.527146194148735
 20
8.807269247614219
  0
LWPOLYLINE
  5
360
330
17
100
AcDbEntity
  8
NUMBERS
100
AcDbPolyline
 90
2
 70
0
 10
18.583146194148735
 20
8.867269247614221
 10
18.623146194148735
 20
8.86726924761422
  0
LWPOLYLINE
  5
361
330
17
100
AcDbEntity
  8
NUMBERS
100
AcDbPolyline
 90
2
 70
0
 10
18.603146194148735
 20
8.867269247614221
 10
18.603146194148735
 20
8.807269247614219
  0
LWPOLYLINE
  5
362
330
17
100
AcDbEntity
  8
NUMBERS
100
AcDbPolyline
 90
5
 70
0
 10
18.639146194148733
 20
8.807269247614219
 10
18.679146194148732
 20
8.807269247614219
 10
18.679146194148736
 20
8.86726924761422
 10
18.639146194148733
 20
8.867269247614221
 10
18.639146194148733
 20
8.807269247614219
  0
LWPOLYLINE
  5
363
330
17
100
AcDbEntity
  8
NUMBERS
100
AcDbPolyline
 90
2
 70
0
 10
18.639146194148733
 20
8.807269247614219
 10
18.679146194148736
 20
8.86726924761422
  0
LWPOLYLINE
  5
364
330
17
100
AcDbEntity
  8
NUMBERS
100
AcDbPolyline
 90
3
 70
0
 10
18.705146194148735
 20
8.85726924761422
 10
18.715146194148733
 20
8.86726924761422
 10
18.715146194148733
 20
8.807269247614219
  0
LWPOLYLINE
  5
365
330
17
100
AcDbEntity
  8
NUMBERS
100
AcDbPolyline
 90
2
 70
0
 10
18.705146194148732
 20
8.807269247614219
 10
18.725146194148735
 20
8.80726924761422
  0
LWPOLYLINE
  5
366
330
17
100
AcDbEntity
  8
NUMBERS
100
AcDbPolyline
 90
4
 70
0
 10
18.781146194148732
 20
8.807269247614219
 10
18.781146194148732
 20
8.86726924761422
 10
18.751146194148735
 20
8.827269247614218
 10
18.791146194148734
 20
8.827269247614218
  0
LWPOLYLINE
  5
367
330
17
100
AcDbEntity
  8
NUMBERS
100
AcDbPolyline
 90
6
 70
0
 10
17.879584313517963
 20
8.720497867454071
 10
17.846250980184628
 20
8.720497867454071
 10
17.846250980184628
 20
8.69549786745407
 10
17.879584313517963
 20
8.69549786745407
 10
17.879584313517963
 20
8.67049786745407
 10
17.846250980184628
 20
8.67049786745407
  0
LWPOLYLINE
  5
368
330
17
100
AcDbEntity
  8
NUMBERS
100
AcDbPolyline
 90
2
 70
0
 10
17.892917646851295
 20
8.720497867454071
 10
17.926250980184626
 20
8.720497867454071
  0
LWPOLYLINE
  5
369
330
17
100
AcDbEntity
  8
NUMBERS
100
AcDbPolyline
 90
2
 70
0
 10
17.90958431351796
 20
8.720497867454071
 10
17.90958431351796
 20
8.67049786745407
  0
LWPOLYLINE
  5
36A
330
17
100
AcDbEntity
  8
NUMBERS
100
AcDbPolyline
 90
5
 70
0
 10
17.939584313517962
 20
8.67049786745407
 10
17.972917646851293
 20
8.67049786745407
 10
17.972917646851293
 20
8.720497867454071
 10
17.939584313517962
 20
8.720497867454071
 10
17.939584313517962
 20
8.67049786745407
  0
LWPOLYLINE
  5
36B
330
17
100
AcDbEntity
  8
NUMBERS
100
AcDbPolyline
 90
2
 70
0
 10
17.939584313517962
 20
8.67049786745407
 10
17.972917646851293
 20
8.720497867454071
  0
LWPOLYLINE
  5
36C
330
17
100
AcDbEntity
  8
NUMBERS
100
AcDbPolyline
 90
3
 70
0
 10
17.99458431351796
 20
8.712164534120737
 10
18.002917646851294
 20
8.720497867454071
 10
18.002917646851294
 20
8.67049786745407
  0
LWPOLYLINE
  5
36D
330
17
100
AcDbEntity
  8
NUMBERS
100
AcDbPolyline
 90
2
 70
0
 10
17.99458431351796
 20
8.67049786745407
 10
18.011250980184627
 20
8.67049786745407
  0
LWPOLYLINE
  5
36E
330
17
100
AcDbEntity
  8
NUMBERS
100
AcDbPolyline
 90
4
 70
0
 10
18.057917646851294
 20
8.67049786745407
 10
18.057917646851294
 20
8.720497867454071
 10
18.032917646851296
 20
8.687164534120738
 10
18.066250980184627
 20
8.687164534120738
  0
LWPOLYLINE
  5
36F
330
17
100
AcDbEntity
  8
NUMBERS
100
AcDbPolyline
 90
4
 70
0
 10
18.151250980184628
 20
8.67049786745407
 10
18.151250980184628
 20
8.720497867454071
 10
18.12625098018463
 20
8.687164534120738
 10
18.15958431351796
 20
8.687164534120738
  0
LWPOLYLINE
  5
370
330
17
100
AcDbEntity
  8
NUMBERS
100
AcDbPolyline
 90
2
 70
0
 10
18.172917646851296
 20
8.67049786745407
 10
18.206250980184628
 20
8.720497867454071
  0
LWPOLYLINE
  5
371
330
17
100
AcDbEntity
  8
NUMBERS
100
AcDbPolyline
 90
3
 70
0
 10
18.227917646851296
 20
8.712164534120737
 10
18.23625098018463
 20
8.720497867454071
 10
18.23625098018463
 20
8.67049786745407
  0
LWPOLYLINE
  5
372
330
17
100
AcDbEntity
  8
NUMBERS
100
AcDbPolyline
 90
2
 70
0
 10
18.227917646851296
 20
8.67049786745407
 10
18.24458431351796
 20
8.67049786745407
  0
LWPOLYLINE
  5
373
330
17
100
AcDbEntity
  8
NUMBERS
100
AcDbPolyline
 90
7
 70
0
 10
18.26625098018463
 20
8.712164534120737
 10
18.274584313517963
 20
8.720497867454071
 10
18.29125098018463
 20
8.720497867454071
 10
18.29958431351796
 20
8.712164534120737
 10
18.29958431351796
 20
8.703831200787404
 10
18.26625098018463
 20
8.67049786745407
 10
18.29958431351796
 20
8.67049786745407
  0
LWPOLYLINE
  5
374
330
17
100
AcDbEntity
  8
NUMBERS
100
AcDbPolyline
 90
6
 70
0
 10
19.907737829090312
 20
9.391393081418176
 10
19.907737829090312
 20
9.351393081418177
 10
19.937737829090313
 20
9.351393081418177
 10
19.937737829090313
 20
9.391393081418176
 10
19.967737829090314
 20
9.391393081418176
 10
19.967737829090314
 20
9.351393081418177
  0
LWPOLYLINE
  5
375
330
17
100
AcDbEntity
  8
NUMBERS
100
AcDbPolyline
 90
2
 70
0
 10
19.907737829090312
 20
9.407393081418176
 10
19.907737829090312
 20
9.447393081418177
  0
LWPOLYLINE
  5
376
330
17
100
AcDbEntity
  8
NUMBERS
100
AcDbPolyline
 90
2
 70
0
 10
19.907737829090312
 20
9.427393081418176
 10
19.967737829090314
 20
9.427393081418176
  0
LWPOLYLINE
  5
377
330
17
100
AcDbEntity
  8
NUMBERS
100
AcDbPolyline
 90
5
 70
0
 10
19.967737829090314
 20
9.463393081418175
 10
19.967737829090314
 20
9.503393081418176
 10
19.907737829090312
 20
9.503393081418176
 10
19.907737829090312
 20
9.463393081418175
 10
19.967737829090314
 20
9.463393081418175
  0
LWPOLYLINE
  5
378
330
17
100
AcDbEntity
  8
NUMBERS
100
AcDbPolyline
 90
2
 70
0
 10
19.967737829090314
 20
9.463393081418175
 10
19.907737829090312
 20
9.503393081418176
  0
LWPOLYLINE
  5
379
330
17
100
AcDbEntity
  8
NUMBERS
100
AcDbPolyline
 90
3
 70
0
 10
19.917737829090314
 20
9.529393081418176
 10
19.907737829090312
 20
9.539393081418176
 10
19.967737829090314
 20
9.539393081418176
  0
LWPOLYLINE
  5
37A
330
17
100
AcDbEntity
  8
NUMBERS
100
AcDbPolyline
 90
2
 70
0
 10
19.967737829090314
 20
9.529393081418176
 10
19.967737829090314
 20
9.549393081418176
  0
LWPOLYLINE
  5
37B
330
17
100
AcDbEntity
  8
NUMBERS
100
AcDbPolyline
 90
4
 70
0
 10
19.967737829090314
 20
9.605393081418176
 10
19.907737829090312
 20
9.605393081418176
 10
19.947737829090315
 20
9.575393081418175
 10
19.947737829090315
 20
9.615393081418176
  0
LWPOLYLINE
  5
37C
330
17
100
AcDbEntity
  8
NUMBERS
100
AcDbPolyline
 90
6
 70
0
 10
20.05450920925046
 20
8.703831200787404
 10
20.05450920925046
 20
8.67049786745407
 10
20.079509209250464
 20
8.67049786745407
 10
20.079509209250464
 20
8.703831200787404
 10
20.104509209250462
 20
8.703831200787404
 10
20.104509209250462
 20
8.67049786745407
  0
LWPOLYLINE
  5
37D
330
17
100
AcDbEntity
  8
NUMBERS
100
AcDbPolyline
 90
2
 70
0
 10
20.05450920925046
 20
8.717164534120737
 10
20.05450920925046
 20
8.75049786745407
  0
LWPOLYLINE
  5
37E
330
17
100
AcDbEntity
  8
NUMBERS
100
AcDbPolyline
 90
2
 70
0
 10
20.05450920925046
 20
8.733831200787403
 10
20.104509209250462
 20
8.733831200787403
  0
LWPOLYLINE
  5
37F
330
17
100
AcDbEntity
  8
NUMBERS
100
AcDbPolyline
 90
5
 70
0
 10
20.104509209250462
 20
8.763831200787404
 10
20.104509209250462
 20
8.797164534120737
 10
20.05450920925046
 20
8.797164534120737
 10
20.05450920925046
 20
8.763831200787404
 10
20.104509209250462
 20
8.763831200787404
  0
LWPOLYLINE
  5
380
330
17
100
AcDbEntity
  8
NUMBERS
100
AcDbPolyline
 90
2
 70
0
 10
20.104509209250462
 20
8.763831200787404
 10
20.05450920925046
 20
8.797164534120737
  0
LWPOLYLINE
  5
381
330
17
100
AcDbEntity
  8
NUMBERS
100
AcDbPolyline
 90
3
 70
0
 10
20.062842542583795
 20
8.818831200787404
 10
20.05450920925046
 20
8.827164534120737
 10
20.104509209250462
 20
8.827164534120737
  0
LWPOLYLINE
  5
382
330
17
100
AcDbEntity
  8
NUMBERS
100
AcDbPolyline
 90
2
 70
0
 10
20.104509209250462
 20
8.818831200787404
 10
20.104509209250462
 20
8.83549786745407
  0
LWPOLYLINE
  5
383
330
17
100
AcDbEntity
  8
NUMBERS
100
AcDbPolyline
 90
4
 70
0
 10
20.104509209250462
 20
8.882164534120736
 10
20.05450920925046
 20
8.882164534120736
 10
20.087842542583797
 20
8.857164534120738
 10
20.087842542583797
 20
8.890497867454071
  0
LWPOLYLINE
  5
384
330
17
100
AcDbEntity
  8
NUMBERS
100
AcDbPolyline
 90
8
 70
0
 10
20.05450920925046
 20
8.983831200787403
 10
20.05450920925046
 20
8.95049786745407
 10
20.075342542583797
 20
8.95049786745407
 10
20.075342542583797
 20
8.97549786745407
 10
20.08367587591713
 20
8.983831200787403
 10
20.09617587591713
 20
8.983831200787403
 10
20.104509209250462
 20
8.97549786745407
 10
20.104509209250462
 20
8.95049786745407
  0
LWPOLYLINE
  5
385
330
17
100
AcDbEntity
  8
NUMBERS
100
AcDbPolyline
 90
2
 70
0
 10
20.104509209250462
 20
8.997164534120737
 10
20.05450920925046
 20
9.03049786745407
  0
LWPOLYLINE
  5
386
330
17
100
AcDbEntity
  8
NUMBERS
100
AcDbPolyline
 90
3
 70
0
 10
20.062842542583795
 20
9.052164534120736
 10
20.05450920925046
 20
9.060497867454071
 10
20.104509209250462
 20
9.060497867454071
  0
LWPOLYLINE
  5
387
330
17
100
AcDbEntity
  8
NUMBERS
100
AcDbPolyline
 90
2
 70
0
 10
20.104509209250462
 20
9.052164534120736
 10
20.104509209250462
 20
9.068831200787404
  0
LWPOLYLINE
  5
388
330
17
100
AcDbEntity
  8
NUMBERS
100
AcDbPolyline
 90
7
 70
0
 10
20.062842542583795
 20
9.09049786745407
 10
20.05450920925046
 20
9.098831200787403
 10
20.05450920925046
 20
9.11549786745407
 10
20.062842542583795
 20
9.123831200787404
 10
20.071175875917127
 20
9.123831200787404
 10
20.104509209250462
 20
9.09049786745407
 10
20.104509209250462
 20
9.123831200787404
  0
LWPOLYLINE
  5
389
330
17
100
AcDbEntity
  8
NUMBERS
100
AcDbPolyline
 90
6
 70
0
 10
20.34990481634773
 20
9.391393081418176
 10
20.34990481634773
 20
9.351393081418177
 10
20.379904816347732
 20
9.351393081418177
 10
20.379904816347732
 20
9.391393081418176
 10
20.409904816347733
 20
9.391393081418176
 10
20.409904816347733
 20
9.351393081418177
  0
LWPOLYLINE
  5
38A
330
17
100
AcDbEntity
  8
NUMBERS
100
AcDbPolyline
 90
2
 70
0
 10
20.34990481634773
 20
9.407393081418176
 10
20.34990481634773
 20
9.447393081418177
  0
LWPOLYLINE
  5
38B
330
17
100
AcDbEntity
  8
NUMBERS
100
AcDbPolyline
 90
2
 70
0
 10
20.34990481634773
 20
9.427393081418176
 10
20.409904816347733
 20
9.427393081418176
  0
LWPOLYLINE
  5
38C
330
17
100
AcDbEntity
  8
NUMBERS
100
AcDbPolyline
 90
5
 70
0
 10
20.409904816347733
 20
9.463393081418175
 10
20.409904816347733
 20
9.503393081418176
 10
20.34990481634773
 20
9.503393081418176
 10
20.34990481634773
 20
9.463393081418175
 10
20.409904816347733
 20
9.463393081418175
  0
LWPOLYLINE
  5
38D
330
17
100
AcDbEntity
  8
NUMBERS
100
AcDbPolyline
 90
2
 70
0
 10
20.409904816347733
 20
9.463393081418175
 10
20.34990481634773
 20
9.503393081418176
  0
LWPOLYLINE
  5
38E
330
17
100
AcDbEntity
  8
NUMBERS
100
AcDbPolyline
 90
3
 70
0
 10
20.359904816347733
 20
9.529393081418176
 10
20.34990481634773
 20
9.539393081418176
 10
20.409904816347733
 20
9.539393081418176
  0
LWPOLYLINE
  5
38F
330
17
100
AcDbEntity
  8
NUMBERS
100
AcDbPolyline
 90
2
 70
0
 10
20.409904816347733
 20
9.529393081418176
 10
20.409904816347733
 20
9.549393081418176
  0
LWPOLYLINE
  5
390
330
17
100
AcDbEntity
  8
NUMBERS
100
AcDbPolyline
 90
4
 70
0
 10
20.409904816347733
 20
9.605393081418176
 10
20.34990481634773
 20
9.605393081418176
 10
20.389904816347734
 20
9.575393081418175
 10
20.389904816347734
 20
9.615393081418176
  0
LWPOLYLINE
  5
391
330
17
100
AcDbEntity
  8
NUMBERS
100
AcDbPolyline
 90
6
 70
0
 10
20.49667619650788
 20
8.703831200787404
 10
20.49667619650788
 20
8.67049786745407
 10
20.521676196507883
 20
8.67049786745407
 10
20.521676196507883
 20
8.703831200787404
 10
20.54667619650788
 20
8.703831200787404
 10
20.54667619650788
 20
8.67049786745407
  0
LWPOLYLINE
  5
392
330
17
100
AcDbEntity
  8
NUMBERS
100
AcDbPolyline
 90
2
 70
0
 10
20.49667619650788
 20
8.717164534120737
 10
20.49667619650788
 20
8.75049786745407
  0
LWPOLYLINE
  5
393
330
17
100
AcDbEntity
  8
NUMBERS
100
AcDbPolyline
 90
2
 70
0
 10
20.49667619650788
 20
8.733831200787403
 10
20.54667619650788
 20
8.733831200787403
  0
LWPOLYLINE
  5
394
330
17
100
AcDbEntity
  8
NUMBERS
100
AcDbPolyline
 90
5
 70
0
 10
20.54667619650788
 20
8.763831200787404
 10
20.54667619650788
 20
8.797164534120737
 10
20.49667619650788
 20
8.797164534120737
 10
20.49667619650788
 20
8.763831200787404
 10
20.54667619650788
 20
8.763831200787404
  0
LWPOLYLINE
  5
395
330
17
100
AcDbEntity
  8
NUMBERS
100
AcDbPolyline
 90
2
 70
0
 10
20.54667619650788
 20
8.763831200787404
 10
20.49667619650788
 20
8.797164534120737
  0
LWPOLYLINE
  5
396
330
17
100
AcDbEntity
  8
NUMBERS
100
AcDbPolyline
 90
3
 70
0
 10
20.505009529841214
 20
8.818831200787404
 10
20.49667619650788
 20
8.827164534120737
 10
20.54667619650788
 20
8.827164534120737
  0
LWPOLYLINE
  5
397
330
17
100
AcDbEntity
  8
NUMBERS
100
AcDbPolyline
 90
2
 70
0
 10
20.54667619650788
 20
8.818831200787404
 10
20.54667619650788
 20
8.83549786745407
  0
LWPOLYLINE
  5
398
330
17
100
AcDbEntity
  8
NUMBERS
100
AcDbPolyline
 90
4
 70
0
 10
20.54667619650788
 20
8.882164534120736
 10
20.49667619650788
 20
8.882164534120736
 10
20.530009529841216
 20
8.857164534120738
 10
20.530009529841216
 20
8.890497867454071
  0
LWPOLYLINE
  5
399
330
17
100
AcDbEntity
  8
NUMBERS
100
AcDbPolyline
 90
7
 70
0
 10
20.49667619650788
 20
8.983831200787403
 10
20.49667619650788
 20
8.958831200787404
 10
20.505009529841214
 20
8.95049786745407
 10
20.54667619650788
 20
8.95049786745407
 10
20.54667619650788
 20
8.983831200787403
 10
20.521676196507883
 20
8.983831200787403
 10
20.521676196507883
 20
8.95049786745407
  0
LWPOLYLINE
  5
39A
330
17
100
AcDbEntity
  8
NUMBERS
100
AcDbPolyline
 90
2
 70
0
 10
20.54667619650788
 20
8.997164534120737
 10
20.49667619650788
 20
9.03049786745407
  0
LWPOLYLINE
  5
39B
330
17
100
AcDbEntity
  8
NUMBERS
100
AcDbPolyline
 90
3
 70
0
 10
20.505009529841214
 20
9.052164534120736
 10
20.49667619650788
 20
9.060497867454071
 10
20.54667619650788
 20
9.060497867454071
  0
LWPOLYLINE
  5
39C
330
17
100
AcDbEntity
  8
NUMBERS
100
AcDbPolyline
 90
2
 70
0
 10
20.54667619650788
 20
9.052164534120736
 10
20.54667619650788
 20
9.068831200787404
  0
LWPOLYLINE
  5
39D
330
17
100
AcDbEntity
  8
NUMBERS
100
AcDbPolyline
 90
7
 70
0
 10
20.505009529841214
 20
9.09049786745407
 10
20.49667619650788
 20
9.098831200787403
 10
20.49667619650788
 20
9.11549786745407
 10
20.505009529841214
 20
9.123831200787404
 10
20.51334286317455
 20
9.123831200787404
 10
20.54667619650788
 20
9.09049786745407
 10
20.54667619650788
 20
9.123831200787404
  0
LWPOLYLINE
  5
39E
330
17
100
AcDbEntity
  8
NUMBERS
100
AcDbPolyline
 90
6
 70
0
 10
18.567146194148734
 20
9.30943623487164
 10
18.527146194148735
 20
9.30943623487164
 10
18.527146194148735
 20
9.27943623487164
 10
18.567146194148734
 20
9.27943623487164
 10
18.567146194148734
 20
9.249436234871641
 10
18.527146194148735
 20
9.24943623487164
  0
LWPOLYLINE
  5
39F
330
17
100
AcDbEntity
  8
NUMBERS
100
AcDbPolyline
 90
2
 70
0
 10
18.583146194148735
 20
9.309436234871642
 10
18.623146194148735
 20
9.30943623487164
  0
LWPOLYLINE
  5
3A0
330
17
100
AcDbEntity
  8
NUMBERS
100
AcDbPolyline
 90
2
 70
0
 10
18.603146194148735
 20
9.309436234871642
 10
18.603146194148735
 20
9.24943623487164
  0
LWPOLYLINE
  5
3A1
330
17
100
AcDbEntity
  8
NUMBERS
100
AcDbPolyline
 90
5
 70
0
 10
18.639146194148733
 20
9.24943623487164
 10
18.679146194148732
 20
9.24943623487164
 10
18.679146194148736
 20
9.30943623487164
 10
18.639146194148733
 20
9.309436234871642
 10
18.639146194148733
 20
9.24943623487164
  0
LWPOLYLINE
  5
3A2
330
17
100
AcDbEntity
  8
NUMBERS
100
AcDbPolyline
 90
2
 70
0
 10
18.639146194148733
 20
9.24943623487164
 10
18.679146194148736
 20
9.30943623487164
  0
LWPOLYLINE
  5
3A3
330
17
100
AcDbEntity
  8
NUMBERS
100
AcDbPolyline
 90
3
 70
0
 10
18.705146194148735
 20
9.29943623487164
 10
18.715146194148733
 20
9.30943623487164
 10
18.715146194148733
 20
9.24943623487164
  0
LWPOLYLINE
  5
3A4
330
17
100
AcDbEntity
  8
NUMBERS
100
AcDbPolyline
 90
2
 70
0
 10
18.705146194148732
 20
9.24943623487164
 10
18.725146194148735
 20
9.249436234871641
  0
LWPOLYLINE
  5
3A5
330
17
100
AcDbEntity
  8
NUMBERS
100
AcDbPolyline
 90
4
 70
0
 10
18.781146194148732
 20
9.24943623487164
 10
18.781146194148732
 20
9.30943623487164
 10
18.751146194148735
 20
9.26943623487164
 10
18.791146194148734
 20
9.26943623487164
  0
LWPOLYLINE
  5
3A6
330
17
100
AcDbEntity
  8
NUMBERS
100
AcDbPolyline
 90
6
 70
0
 10
17.879584313517963
 20
9.162664854711492
 10
17.846250980184628
 20
9.162664854711492
 10
17.846250980184628
 20
9.137664854711492
 10
17.879584313517963
 20
9.137664854711492
 10
17.879584313517963
 20
9.112664854711491
 10
17.846250980184628
 20
9.112664854711491
  0
LWPOLYLINE
  5
3A7
330
17
100
AcDbEntity
  8
NUMBERS
100
AcDbPolyline
 90
2
 70
0
 10
17.892917646851295
 20
9.162664854711492
 10
17.926250980184626
 20
9.162664854711492
  0
LWPOLYLINE
  5
3A8
330
17
100
AcDbEntity
  8
NUMBERS
100
AcDbPolyline
 90
2
 70
0
 10
17.90958431351796
 20
9.162664854711492
 10
17.90958431351796
 20
9.112664854711491
  0
LWPOLYLINE
  5
3A9
330
17
100
AcDbEntity
  8
NUMBERS
100
AcDbPolyline
 90
5
 70
0
 10
17.939584313517962
 20
9.112664854711491
 10
17.972917646851293
 20
9.112664854711491
 10
17.972917646851293
 20
9.162664854711492
 10
17.939584313517962
 20
9.162664854711492
 10
17.939584313517962
 20
9.112664854711491
  0
LWPOLYLINE
  5
3AA
330
17
100
AcDbEntity
  8
NUMBERS
100
AcDbPolyline
 90
2
 70
0
 10
17.939584313517962
 20
9.112664854711491
 10
17.972917646851293
 20
9.162664854711492
  0
LWPOLYLINE
  5
3AB
330
17
100
AcDbEntity
  8
NUMBERS
100
AcDbPolyline
 90
3
 70
0
 10
17.99458431351796
 20
9.154331521378158
 10
18.002917646851294
 20
9.162664854711492
 10
18.002917646851294
 20
9.112664854711491
  0
LWPOLYLINE
  5
3AC
330
17
100
AcDbEntity
  8
NUMBERS
100
AcDbPolyline
 90
2
 70
0
 10
17.99458431351796
 20
9.112664854711491
 10
18.011250980184627
 20
9.112664854711491
  0
LWPOLYLINE
  5
3AD
330
17
100
AcDbEntity
  8
NUMBERS
100
AcDbPolyline
 90
4
 70
0
 10
18.057917646851294
 20
9.112664854711491
 10
18.057917646851294
 20
9.162664854711492
 10
18.032917646851296
 20
9.129331521378159
 10
18.066250980184627
 20
9.129331521378159
  0
LWPOLYLINE
  5
3AE
330
17
100
AcDbEntity
  8
NUMBERS
100
AcDbPolyline
 90
3
 70
0
 10
18.12625098018463
 20
9.162664854711492
 10
18.15958431351796
 20
9.162664854711492
 10
18.134584313517962
 20
9.112664854711491
  0
LWPOLYLINE
  5
3AF
330
17
100
AcDbEntity
  8
NUMBERS
100
AcDbPolyline
 90
2
 70
0
 10
18.172917646851296
 20
9.112664854711491
 10
18.206250980184628
 20
9.162664854711492
  0
LWPOLYLINE
  5
3B0
330
17
100
AcDbEntity
  8
NUMBERS
100
AcDbPolyline
 90
3
 70
0
 10
18.227917646851296
 20
9.154331521378158
 10
18.23625098018463
 20
9.162664854711492
 10
18.23625098018463
 20
9.112664854711491
  0
LWPOLYLINE
  5
3B1
330
17
100
AcDbEntity
  8
NUMBERS
100
AcDbPolyline
 90
2
 70
0
 10
18.227917646851296
 20
9.112664854711491
 10
18.24458431351796
 20
9.112664854711491
  0
LWPOLYLINE
  5
3B2
330
17
100
AcDbEntity
  8
NUMBERS
100
AcDbPolyline
 90
7
 70
0
 10
18.26625098018463
 20
9.154331521378158
 10
18.274584313517963
 20
9.162664854711492
 10
18.29125098018463
 20
9.162664854711492
 10
18.29958431351796
 20
9.154331521378158
 10
18.29958431351796
 20
9.145998188044825
 10
18.26625098018463
 20
9.112664854711491
 10
18.29958431351796
 20
9.112664854711491
  0
LWPOLYLINE
  5
3B3
330
17
100
AcDbEntity
  8
NUMBERS
100
AcDbPolyline
 90
6
 70
0
 10
13.399946026933902
 20
9.355931706460133
 10
13.359946026933901
 20
9.355931706460133
 10
13.359946026933901
 20
9.325931706460134
 10
13.399946026933902
 20
9.325931706460134
 10
13.399946026933902
 20
9.295931706460134
 10
13.359946026933901
 20
9.295931706460133
  0
LWPOLYLINE
  5
3B4
330
17
100
AcDbEntity
  8
NUMBERS
100
AcDbPolyline
 90
2
 70
0
 10
13.415946026933902
 20
9.355931706460135
 10
13.455946026933903
 20
9.355931706460133
  0
LWPOLYLINE
  5
3B5
330
17
100
AcDbEntity
  8
NUMBERS
100
AcDbPolyline
 90
2
 70
0
 10
13.435946026933902
 20
9.355931706460135
 10
13.435946026933902
 20
9.295931706460133
  0
LWPOLYLINE
  5
3B6
330
17
100
AcDbEntity
  8
NUMBERS
100
AcDbPolyline
 90
5
 70
0
 10
13.471946026933901
 20
9.295931706460133
 10
13.511946026933902
 20
9.295931706460133
 10
13.511946026933902
 20
9.355931706460133
 10
13.471946026933903
 20
9.355931706460135
 10
13.471946026933901
 20
9.295931706460133
  0
LWPOLYLINE
  5
3B7
330
17
100
AcDbEntity
  8
NUMBERS
100
AcDbPolyline
 90
2
 70
0
 10
13.471946026933901
 20
9.295931706460133
 10
13.511946026933902
 20
9.355931706460133
  0
LWPOLYLINE
  5
3B8
330
17
100
AcDbEntity
  8
NUMBERS
100
AcDbPolyline
 90
3
 70
0
 10
13.537946026933902
 20
9.345931706460133
 10
13.547946026933902
 20
9.355931706460133
 10
13.547946026933902
 20
9.295931706460133
  0
LWPOLYLINE
  5
3B9
330
17
100
AcDbEntity
  8
NUMBERS
100
AcDbPolyline
 90
2
 70
0
 10
13.537946026933902
 20
9.295931706460133
 10
13.557946026933902
 20
9.295931706460134
  0
LWPOLYLINE
  5
3BA
330
17
100
AcDbEntity
  8
NUMBERS
100
AcDbPolyline
 90
4
 70
0
 10
13.613946026933903
 20
9.295931706460133
 10
13.613946026933903
 20
9.355931706460133
 10
13.583946026933901
 20
9.315931706460132
 10
13.623946026933902
 20
9.315931706460132
  0
LWPOLYLINE
  5
3BB
330
17
100
AcDbEntity
  8
NUMBERS
100
AcDbPolyline
 90
6
 70
0
 10
12.71238414630313
 20
9.209160326299985
 10
12.679050812969797
 20
9.209160326299985
 10
12.679050812969797
 20
9.184160326299985
 10
12.71238414630313
 20
9.184160326299985
 10
12.71238414630313
 20
9.159160326299984
 10
12.679050812969797
 20
9.159160326299984
  0
LWPOLYLINE
  5
3BC
330
17
100
AcDbEntity
  8
NUMBERS
100
AcDbPolyline
 90
2
 70
0
 10
12.725717479636463
 20
9.209160326299985
 10
12.759050812969797
 20
9.209160326299985
  0
LWPOLYLINE
  5
3BD
330
17
100
AcDbEntity
  8
NUMBERS
100
AcDbPolyline
 90
2
 70
0
 10
12.742384146303129
 20
9.209160326299985
 10
12.742384146303129
 20
9.159160326299984
  0
LWPOLYLINE
  5
3BE
330
17
100
AcDbEntity
  8
NUMBERS
100
AcDbPolyline
 90
5
 70
0
 10
12.77238414630313
 20
9.159160326299984
 10
12.805717479636463
 20
9.159160326299984
 10
12.805717479636463
 20
9.209160326299985
 10
12.77238414630313
 20
9.209160326299985
 10
12.77238414630313
 20
9.159160326299984
  0
LWPOLYLINE
  5
3BF
330
17
100
AcDbEntity
  8
NUMBERS
100
AcDbPolyline
 90
2
 70
0
 10
12.77238414630313
 20
9.159160326299984
 10
12.805717479636463
 20
9.209160326299985
  0
LWPOLYLINE
  5
3C0
330
17
100
AcDbEntity
  8
NUMBERS
100
AcDbPolyline
 90
3
 70
0
 10
12.82738414630313
 20
9.20082699296665
 10
12.835717479636463
 20
9.209160326299985
 10
12.835717479636463
 20
9.159160326299984
  0
LWPOLYLINE
  5
3C1
330
17
100
AcDbEntity
  8
NUMBERS
100
AcDbPolyline
 90
2
 70
0
 10
12.82738414630313
 20
9.159160326299984
 10
12.844050812969796
 20
9.159160326299984
  0
LWPOLYLINE
  5
3C2
330
17
100
AcDbEntity
  8
NUMBERS
100
AcDbPolyline
 90
4
 70
0
 10
12.890717479636463
 20
9.159160326299984
 10
12.890717479636463
 20
9.209160326299985
 10
12.865717479636464
 20
9.175826992966652
 10
12.899050812969797
 20
9.175826992966652
  0
LWPOLYLINE
  5
3C3
330
17
100
AcDbEntity
  8
NUMBERS
100
AcDbPolyline
 90
5
 70
0
 10
12.959050812969796
 20
9.159160326299984
 10
12.992384146303129
 20
9.159160326299984
 10
12.992384146303129
 20
9.184160326299985
 10
12.959050812969796
 20
9.184160326299985
 10
12.959050812969796
 20
9.159160326299984
  0
LWPOLYLINE
  5
3C4
330
17
100
AcDbEntity
  8
NUMBERS
100
AcDbPolyline
 90
4
 70
0
 10
12.963217479636462
 20
9.184160326299985
 10
12.963217479636462
 20
9.209160326299985
 10
12.988217479636463
 20
9.209160326299985
 10
12.988217479636463
 20
9.184160326299985
  0
LWPOLYLINE
  5
3C5
330
17
100
AcDbEntity
  8
NUMBERS
100
AcDbPolyline
 90
2
 70
0
 10
13.005717479636463
 20
9.159160326299984
 10
13.039050812969796
 20
9.209160326299985
  0
LWPOLYLINE
  5
3C6
330
17
100
AcDbEntity
  8
NUMBERS
100
AcDbPolyline
 90
3
 70
0
 10
13.060717479636462
 20
9.20082699296665
 10
13.069050812969797
 20
9.209160326299985
 10
13.069050812969797
 20
9.159160326299984
  0
LWPOLYLINE
  5
3C7
330
17
100
AcDbEntity
  8
NUMBERS
100
AcDbPolyline
 90
2
 70
0
 10
13.060717479636462
 20
9.159160326299984
 10
13.07738414630313
 20
9.159160326299984
  0
LWPOLYLINE
  5
3C8
330
17
100
AcDbEntity
  8
NUMBERS
100
AcDbPolyline
 90
7
 70
0
 10
13.099050812969796
 20
9.20082699296665
 10
13.10738414630313
 20
9.209160326299985
 10
13.124050812969797
 20
9.209160326299985
 10
13.13238414630313
 20
9.20082699296665
 10
13.13238414630313
 20
9.192493659633318
 10
13.099050812969796
 20
9.159160326299984
 10
13.13238414630313
 20
9.159160326299984
  0
LWPOLYLINE
  5
3C9
330
17
100
AcDbEntity
  8
NUMBERS
100
AcDbPolyline
 90
6
 70
0
 10
21.417571410471986
 20
9.530373195727398
 10
21.377571410471987
 20
9.530373195727398
 10
21.377571410471987
 20
9.500373195727398
 10
21.417571410471986
 20
9.500373195727398
 10
21.417571410471986
 20
9.470373195727399
 10
21.377571410471987
 20
9.470373195727397
  0
LWPOLYLINE
  5
3CA
330
17
100
AcDbEntity
  8
NUMBERS
100
AcDbPolyline
 90
2
 70
0
 10
21.433571410471988
 20
9.5303731957274
 10
21.473571410471987
 20
9.530373195727398
  0
LWPOLYLINE
  5
3CB
330
17
100
AcDbEntity
  8
NUMBERS
100
AcDbPolyline
 90
2
 70
0
 10
21.453571410471987
 20
9.5303731957274
 10
21.453571410471987
 20
9.470373195727397
  0
LWPOLYLINE
  5
3CC
330
17
100
AcDbEntity
  8
NUMBERS
100
AcDbPolyline
 90
5
 70
0
 10
21.489571410471985
 20
9.470373195727397
 10
21.529571410471984
 20
9.470373195727397
 10
21.529571410471988
 20
9.530373195727398
 10
21.489571410471985
 20
9.5303731957274
 10
21.489571410471985
 20
9.470373195727397
  0
LWPOLYLINE
  5
3CD
330
17
100
AcDbEntity
  8
NUMBERS
100
AcDbPolyline
 90
2
 70
0
 10
21.489571410471985
 20
9.470373195727397
 10
21.529571410471988
 20
9.530373195727398
  0
LWPOLYLINE
  5
3CE
330
17
100
AcDbEntity
  8
NUMBERS
100
AcDbPolyline
 90
3
 70
0
 10
21.555571410471988
 20
9.520373195727398
 10
21.565571410471986
 20
9.530373195727398
 10
21.565571410471986
 20
9.470373195727397
  0
LWPOLYLINE
  5
3CF
330
17
100
AcDbEntity
  8
NUMBERS
100
AcDbPolyline
 90
2
 70
0
 10
21.555571410471984
 20
9.470373195727397
 10
21.575571410471987
 20
9.470373195727399
  0
LWPOLYLINE
  5
3D0
330
17
100
AcDbEntity
  8
NUMBERS
100
AcDbPolyline
 90
4
 70
0
 10
21.631571410471985
 20
9.470373195727397
 10
21.631571410471985
 20
9.530373195727398
 10
21.601571410471987
 20
9.490373195727397
 10
21.641571410471986
 20
9.490373195727397
  0
LWPOLYLINE
  5
3D1
330
17
100
AcDbEntity
  8
NUMBERS
100
AcDbPolyline
 90
6
 70
0
 10
20.730009529841215
 20
9.38360181556725
 10
20.69667619650788
 20
9.38360181556725
 10
20.69667619650788
 20
9.35860181556725
 10
20.730009529841215
 20
9.35860181556725
 10
20.730009529841215
 20
9.333601815567249
 10
20.69667619650788
 20
9.333601815567249
  0
LWPOLYLINE
  5
3D2
330
17
100
AcDbEntity
  8
NUMBERS
100
AcDbPolyline
 90
2
 70
0
 10
20.743342863174547
 20
9.38360181556725
 10
20.77667619650788
 20
9.38360181556725
  0
LWPOLYLINE
  5
3D3
330
17
100
AcDbEntity
  8
NUMBERS
100
AcDbPolyline
 90
2
 70
0
 10
20.760009529841213
 20
9.38360181556725
 10
20.760009529841213
 20
9.333601815567249
  0
LWPOLYLINE
  5
3D4
330
17
100
AcDbEntity
  8
NUMBERS
100
AcDbPolyline
 90
5
 70
0
 10
20.790009529841214
 20
9.333601815567249
 10
20.823342863174545
 20
9.333601815567249
 10
20.823342863174545
 20
9.38360181556725
 10
20.790009529841214
 20
9.38360181556725
 10
20.790009529841214
 20
9.333601815567249
  0
LWPOLYLINE
  5
3D5
330
17
100
AcDbEntity
  8
NUMBERS
100
AcDbPolyline
 90
2
 70
0
 10
20.790009529841214
 20
9.333601815567249
 10
20.823342863174545
 20
9.38360181556725
  0
LWPOLYLINE
  5
3D6
330
17
100
AcDbEntity
  8
NUMBERS
100
AcDbPolyline
 90
3
 70
0
 10
20.845009529841214
 20
9.375268482233915
 10
20.853342863174547
 20
9.38360181556725
 10
20.853342863174547
 20
9.333601815567249
  0
LWPOLYLINE
  5
3D7
330
17
100
AcDbEntity
  8
NUMBERS
100
AcDbPolyline
 90
2
 70
0
 10
20.845009529841214
 20
9.333601815567249
 10
20.86167619650788
 20
9.333601815567249
  0
LWPOLYLINE
  5
3D8
330
17
100
AcDbEntity
  8
NUMBERS
100
AcDbPolyline
 90
4
 70
0
 10
20.908342863174546
 20
9.333601815567249
 10
20.908342863174546
 20
9.38360181556725
 10
20.883342863174548
 20
9.350268482233917
 10
20.91667619650788
 20
9.350268482233917
  0
LWPOLYLINE
  5
3D9
330
17
100
AcDbEntity
  8
NUMBERS
100
AcDbPolyline
 90
7
 70
0
 10
20.97667619650788
 20
9.333601815567249
 10
21.00167619650788
 20
9.333601815567249
 10
21.010009529841213
 20
9.341935148900582
 10
21.010009529841213
 20
9.38360181556725
 10
20.97667619650788
 20
9.38360181556725
 10
20.97667619650788
 20
9.35860181556725
 10
21.010009529841213
 20
9.35860181556725
  0
LWPOLYLINE
  5
3DA
330
17
100
AcDbEntity
  8
NUMBERS
100
AcDbPolyline
 90
2
 70
0
 10
21.02334286317455
 20
9.333601815567249
 10
21.05667619650788
 20
9.38360181556725
  0
LWPOLYLINE
  5
3DB
330
17
100
AcDbEntity
  8
NUMBERS
100
AcDbPolyline
 90
3
 70
0
 10
21.078342863174548
 20
9.375268482233915
 10
21.08667619650788
 20
9.38360181556725
 10
21.08667619650788
 20
9.333601815567249
  0
LWPOLYLINE
  5
3DC
330
17
100
AcDbEntity
  8
NUMBERS
100
AcDbPolyline
 90
2
 70
0
 10
21.078342863174548
 20
9.333601815567249
 10
21.095009529841214
 20
9.333601815567249
  0
LWPOLYLINE
  5
3DD
330
17
100
AcDbEntity
  8
NUMBERS
100
AcDbPolyline
 90
7
 70
0
 10
21.116676196507882
 20
9.375268482233915
 10
21.125009529841215
 20
9.38360181556725
 10
21.14167619650788
 20
9.38360181556725
 10
21.150009529841213
 20
9.375268482233915
 10
21.150009529841213
 20
9.366935148900582
 10
21.116676196507882
 20
9.333601815567249
 10
21.150009529841213
 20
9.333601815567249
  0
LWPOLYLINE
  5
3DE
330
17
100
AcDbEntity
  8
NUMBERS
100
AcDbPolyline
 90
6
 70
0
 10
22.758163045413564
 20
10.054497029531355
 10
22.758163045413564
 20
10.014497029531356
 10
22.788163045413565
 20
10.014497029531356
 10
22.788163045413565
 20
10.054497029531355
 10
22.818163045413566
 20
10.054497029531355
 10
22.818163045413566
 20
10.014497029531356
  0
LWPOLYLINE
  5
3DF
330
17
100
AcDbEntity
  8
NUMBERS
100
AcDbPolyline
 90
2
 70
0
 10
22.758163045413564
 20
10.070497029531355
 10
22.758163045413564
 20
10.110497029531356
  0
LWPOLYLINE
  5
3E0
330
17
100
AcDbEntity
  8
NUMBERS
100
AcDbPolyline
 90
2
 70
0
 10
22.758163045413564
 20
10.090497029531354
 10
22.818163045413566
 20
10.090497029531354
  0
LWPOLYLINE
  5
3E1
330
17
100
AcDbEntity
  8
NUMBERS
100
AcDbPolyline
 90
5
 70
0
 10
22.818163045413566
 20
10.126497029531354
 10
22.818163045413566
 20
10.166497029531355
 10
22.758163045413564
 20
10.166497029531355
 10
22.758163045413564
 20
10.126497029531354
 10
22.818163045413566
 20
10.126497029531354
  0
LWPOLYLINE
  5
3E2
330
17
100
AcDbEntity
  8
NUMBERS
100
AcDbPolyline
 90
2
 70
0
 10
22.818163045413566
 20
10.126497029531354
 10
22.758163045413564
 20
10.166497029531355
  0
LWPOLYLINE
  5
3E3
330
17
100
AcDbEntity
  8
NUMBERS
100
AcDbPolyline
 90
3
 70
0
 10
22.768163045413566
 20
10.192497029531355
 10
22.758163045413564
 20
10.202497029531354
 10
22.818163045413566
 20
10.202497029531354
  0
LWPOLYLINE
  5
3E4
330
17
100
AcDbEntity
  8
NUMBERS
100
AcDbPolyline
 90
2
 70
0
 10
22.818163045413566
 20
10.192497029531355
 10
22.818163045413566
 20
10.212497029531354
  0
LWPOLYLINE
  5
3E5
330
17
100
AcDbEntity
  8
NUMBERS
100
AcDbPolyline
 90
4
 70
0
 10
22.818163045413566
 20
10.268497029531355
 10
22.758163045413564
 20
10.268497029531355
 10
22.798163045413567
 20
10.238497029531354
 10
22.798163045413567
 20
10.278497029531355
  0
LWPOLYLINE
  5
3E6
330
17
100
AcDbEntity
  8
NUMBERS
100
AcDbPolyline
 90
6
 70
0
 10
22.904934425573714
 20
9.366935148900582
 10
22.904934425573714
 20
9.333601815567249
 10
22.929934425573716
 20
9.333601815567249
 10
22.929934425573716
 20
9.366935148900582
 10
22.954934425573715
 20
9.366935148900582
 10
22.954934425573715
 20
9.333601815567249
  0
LWPOLYLINE
  5
3E7
330
17
100
AcDbEntity
  8
NUMBERS
100
AcDbPolyline
 90
2
 70
0
 10
22.904934425573714
 20
9.380268482233916
 10
22.904934425573714
 20
9.41360181556725
  0
LWPOLYLINE
  5
3E8
330
17
100
AcDbEntity
  8
NUMBERS
100
AcDbPolyline
 90
2
 70
0
 10
22.904934425573714
 20
9.396935148900582
 10
22.954934425573715
 20
9.396935148900582
  0
LWPOLYLINE
  5
3E9
330
17
100
AcDbEntity
  8
NUMBERS
100
AcDbPolyline
 90
5
 70
0
 10
22.954934425573715
 20
9.426935148900583
 10
22.954934425573715
 20
9.460268482233916
 10
22.904934425573714
 20
9.460268482233916
 10
22.904934425573714
 20
9.426935148900583
 10
22.954934425573715
 20
9.426935148900583
  0
LWPOLYLINE
  5
3EA
330
17
100
AcDbEntity
  8
NUMBERS
100
AcDbPolyline
 90
2
 70
0
 10
22.954934425573715
 20
9.426935148900583
 10
22.904934425573714
 20
9.460268482233916
  0
LWPOLYLINE
  5
3EB
330
17
100
AcDbEntity
  8
NUMBERS
100
AcDbPolyline
 90
3
 70
0
 10
22.913267758907047
 20
9.481935148900583
 10
22.904934425573714
 20
9.490268482233915
 10
22.954934425573715
 20
9.490268482233915
  0
LWPOLYLINE
  5
3EC
330
17
100
AcDbEntity
  8
NUMBERS
100
AcDbPolyline
 90
2
 70
0
 10
22.954934425573715
 20
9.481935148900583
 10
22.954934425573715
 20
9.498601815567248
  0
LWPOLYLINE
  5
3ED
330
17
100
AcDbEntity
  8
NUMBERS
100
AcDbPolyline
 90
4
 70
0
 10
22.954934425573715
 20
9.545268482233915
 10
22.904934425573714
 20
9.545268482233915
 10
22.93826775890705
 20
9.520268482233917
 10
22.93826775890705
 20
9.55360181556725
  0
LWPOLYLINE
  5
3EE
330
17
100
AcDbEntity
  8
NUMBERS
100
AcDbPolyline
 90
3
 70
0
 10
22.913267758907047
 20
9.621935148900583
 10
22.904934425573714
 20
9.630268482233916
 10
22.954934425573715
 20
9.630268482233916
  0
LWPOLYLINE
  5
3EF
330
17
100
AcDbEntity
  8
NUMBERS
100
AcDbPolyline
 90
2
 70
0
 10
22.954934425573715
 20
9.621935148900583
 10
22.954934425573715
 20
9.638601815567249
  0
LWPOLYLINE
  5
3F0
330
17
100
AcDbEntity
  8
NUMBERS
100
AcDbPolyline
 90
5
 70
0
 10
22.954934425573715
 20
9.660268482233915
 10
22.954934425573715
 20
9.693601815567249
 10
22.904934425573714
 20
9.693601815567249
 10
22.904934425573714
 20
9.660268482233915
 10
22.954934425573715
 20
9.660268482233915
  0
LWPOLYLINE
  5
3F1
330
17
100
AcDbEntity
  8
NUMBERS
100
AcDbPolyline
 90
2
 70
0
 10
22.954934425573715
 20
9.660268482233915
 10
22.904934425573714
 20
9.693601815567249
  0
LWPOLYLINE
  5
3F2
330
17
100
AcDbEntity
  8
NUMBERS
100
AcDbPolyline
 90
2
 70
0
 10
22.954934425573715
 20
9.706935148900582
 10
22.904934425573714
 20
9.740268482233915
  0
LWPOLYLINE
  5
3F3
330
17
100
AcDbEntity
  8
NUMBERS
100
AcDbPolyline
 90
3
 70
0
 10
22.913267758907047
 20
9.761935148900582
 10
22.904934425573714
 20
9.770268482233917
 10
22.954934425573715
 20
9.770268482233917
  0
LWPOLYLINE
  5
3F4
330
17
100
AcDbEntity
  8
NUMBERS
100
AcDbPolyline
 90
2
 70
0
 10
22.954934425573715
 20
9.761935148900582
 10
22.954934425573715
 20
9.77860181556725
  0
LWPOLYLINE
  5
3F5
330
17
100
AcDbEntity
  8
NUMBERS
100
AcDbPolyline
 90
7
 70
0
 10
22.913267758907047
 20
9.800268482233916
 10
22.904934425573714
 20
9.808601815567249
 10
22.904934425573714
 20
9.825268482233916
 10
22.913267758907047
 20
9.833601815567249
 10
22.92160109224038
 20
9.833601815567249
 10
22.954934425573715
 20
9.800268482233916
 10
22.954934425573715
 20
9.833601815567249
  0
LWPOLYLINE
  5
3F6
330
17
100
AcDbEntity
  8
NUMBERS
100
AcDbPolyline
 90
6
 70
0
 10
18.567146194148734
 20
9.751603222129061
 10
18.527146194148735
 20
9.751603222129061
 10
18.527146194148735
 20
9.721603222129062
 10
18.567146194148734
 20
9.721603222129062
 10
18.567146194148734
 20
9.691603222129062
 10
18.527146194148735
 20
9.69160322212906
  0
LWPOLYLINE
  5
3F7
330
17
100
AcDbEntity
  8
NUMBERS
100
AcDbPolyline
 90
2
 70
0
 10
18.583146194148735
 20
9.751603222129063
 10
18.623146194148735
 20
9.751603222129061
  0
LWPOLYLINE
  5
3F8
330
17
100
AcDbEntity
  8
NUMBERS
100
AcDbPolyline
 90
2
 70
0
 10
18.603146194148735
 20
9.751603222129063
 10
18.603146194148735
 20
9.69160322212906
  0
LWPOLYLINE
  5
3F9
330
17
100
AcDbEntity
  8
NUMBERS
100
AcDbPolyline
 90
5
 70
0
 10
18.639146194148733
 20
9.69160322212906
 10
18.679146194148732
 20
9.69160322212906
 10
18.679146194148736
 20
9.751603222129061
 10
18.639146194148733
 20
9.751603222129063
 10
18.639146194148733
 20
9.69160322212906
  0
LWPOLYLINE
  5
3FA
330
17
100
AcDbEntity
  8
NUMBERS
100
AcDbPolyline
 90
2
 70
0
 10
18.639146194148733
 20
9.69160322212906
 10
18.679146194148736
 20
9.751603222129061
  0
LWPOLYLINE
  5
3FB
330
17
100
AcDbEntity
  8
NUMBERS
100
AcDbPolyline
 90
3
 70
0
 10
18.705146194148735
 20
9.741603222129061
 10
18.715146194148733
 20
9.751603222129061
 10
18.715146194148733
 20
9.69160322212906
  0
LWPOLYLINE
  5
3FC
330
17
100
AcDbEntity
  8
NUMBERS
100
AcDbPolyline
 90
2
 70
0
 10
18.705146194148732
 20
9.69160322212906
 10
18.725146194148735
 20
9.691603222129062
  0
LWPOLYLINE
  5
3FD
330
17
100
AcDbEntity
  8
NUMBERS
100
AcDbPolyline
 90
4
 70
0
 10
18.781146194148732
 20
9.69160322212906
 10
18.781146194148732
 20
9.751603222129061
 10
18.751146194148735
 20
9.71160322212906
 10
18.791146194148734
 20
9.71160322212906
  0
LWPOLYLINE
  5
3FE
330
17
100
AcDbEntity
  8
NUMBERS
100
AcDbPolyline
 90
6
 70
0
 10
17.879584313517963
 20
9.604831841968913
 10
17.846250980184628
 20
9.604831841968913
 10
17.846250980184628
 20
9.579831841968913
 10
17.879584313517963
 20
9.579831841968913
 10
17.879584313517963
 20
9.554831841968912
 10
17.846250980184628
 20
9.554831841968912
  0
LWPOLYLINE
  5
3FF
330
17
100
AcDbEntity
  8
NUMBERS
100
AcDbPolyline
 90
2
 70
0
 10
17.892917646851295
 20
9.604831841968913
 10
17.926250980184626
 20
9.604831841968913
  0
LWPOLYLINE
  5
400
330
17
100
AcDbEntity
  8
NUMBERS
100
AcDbPolyline
 90
2
 70
0
 10
17.90958431351796
 20
9.604831841968913
 10
17.90958431351796
 20
9.554831841968912
  0
LWPOLYLINE
  5
401
330
17
100
AcDbEntity
  8
NUMBERS
100
AcDbPolyline
 90
5
 70
0
 10
17.939584313517962
 20
9.554831841968912
 10
17.972917646851293
 20
9.554831841968912
 10
17.972917646851293
 20
9.604831841968913
 10
17.939584313517962
 20
9.604831841968913
 10
17.939584313517962
 20
9.554831841968912
  0
LWPOLYLINE
  5
402
330
17
100
AcDbEntity
  8
NUMBERS
100
AcDbPolyline
 90
2
 70
0
 10
17.939584313517962
 20
9.554831841968912
 10
17.972917646851293
 20
9.604831841968913
  0
LWPOLYLINE
  5
403
330
17
100
AcDbEntity
  8
NUMBERS
100
AcDbPolyline
 90
3
 70
0
 10
17.99458431351796
 20
9.596498508635579
 10
18.002917646851294
 20
9.604831841968913
 10
18.002917646851294
 20
9.554831841968912
  0
LWPOLYLINE
  5
404
330
17
100
AcDbEntity
  8
NUMBERS
100
AcDbPolyline
 90
2
 70
0
 10
17.99458431351796
 20
9.554831841968912
 10
18.011250980184627
 20
9.554831841968912
  0
LWPOLYLINE
  5
405
330
17
100
AcDbEntity
  8
NUMBERS
100
AcDbPolyline
 90
4
 70
0
 10
18.057917646851294
 20
9.554831841968912
 10
18.057917646851294
 20
9.604831841968913
 10
18.032917646851296
 20
9.57149850863558
 10
18.066250980184627
 20
9.57149850863558
  0
LWPOLYLINE
  5
406
330
17
100
AcDbEntity
  8
NUMBERS
100
AcDbPolyline
 90
3
 70
0
 10
18.134584313517962
 20
9.596498508635579
 10
18.142917646851295
 20
9.604831841968913
 10
18.142917646851295
 20
9.554831841968912
  0
LWPOLYLINE
  5
407
330
17
100
AcDbEntity
  8
NUMBERS
100
AcDbPolyline
 90
2
 70
0
 10
18.134584313517962
 20
9.554831841968912
 10
18.151250980184628
 20
9.554831841968912
  0
LWPOLYLINE
  5
408
330
17
100
AcDbEntity
  8
NUMBERS
100
AcDbPolyline
 90
3
 70
0
 10
18.18125098018463
 20
9.596498508635579
 10
18.189584313517962
 20
9.604831841968913
 10
18.189584313517962
 20
9.554831841968912
  0
LWPOLYLINE
  5
409
330
17
100
AcDbEntity
  8
NUMBERS
100
AcDbPolyline
 90
2
 70
0
 10
18.18125098018463
 20
9.554831841968912
 10
18.197917646851295
 20
9.554831841968912
  0
LWPOLYLINE
  5
40A
330
17
100
AcDbEntity
  8
NUMBERS
100
AcDbPolyline
 90
2
 70
0
 10
18.219584313517963
 20
9.554831841968912
 10
18.252917646851294
 20
9.604831841968913
  0
LWPOLYLINE
  5
40B
330
17
100
AcDbEntity
  8
NUMBERS
100
AcDbPolyline
 90
3
 70
0
 10
18.274584313517963
 20
9.596498508635579
 10
18.282917646851296
 20
9.604831841968913
 10
18.282917646851296
 20
9.554831841968912
  0
LWPOLYLINE
  5
40C
330
17
100
AcDbEntity
  8
NUMBERS
100
AcDbPolyline
 90
2
 70
0
 10
18.274584313517963
 20
9.554831841968912
 10
18.29125098018463
 20
9.554831841968912
  0
LWPOLYLINE
  5
40D
330
17
100
AcDbEntity
  8
NUMBERS
100
AcDbPolyline
 90
7
 70
0
 10
18.312917646851293
 20
9.596498508635579
 10
18.32125098018463
 20
9.604831841968913
 10
18.337917646851295
 20
9.604831841968913
 10
18.346250980184628
 20
9.596498508635579
 10
18.346250980184628
 20
9.588165175302246
 10
18.312917646851293
 20
9.554831841968912
 10
18.346250980184628
 20
9.554831841968912
  0
LWPOLYLINE
  5
40E
330
17
100
AcDbEntity
  8
NUMBERS
100
AcDbPolyline
 90
6
 70
0
 10
13.399946026933902
 20
9.798098693717554
 10
13.359946026933901
 20
9.798098693717554
 10
13.359946026933901
 20
9.768098693717555
 10
13.399946026933902
 20
9.768098693717555
 10
13.399946026933902
 20
9.738098693717555
 10
13.359946026933901
 20
9.738098693717554
  0
LWPOLYLINE
  5
40F
330
17
100
AcDbEntity
  8
NUMBERS
100
AcDbPolyline
 90
2
 70
0
 10
13.415946026933902
 20
9.798098693717556
 10
13.455946026933903
 20
9.798098693717554
  0
LWPOLYLINE
  5
410
330
17
100
AcDbEntity
  8
NUMBERS
100
AcDbPolyline
 90
2
 70
0
 10
13.435946026933902
 20
9.798098693717556
 10
13.435946026933902
 20
9.738098693717554
  0
LWPOLYLINE
  5
411
330
17
100
AcDbEntity
  8
NUMBERS
100
AcDbPolyline
 90
5
 70
0
 10
13.471946026933901
 20
9.738098693717554
 10
13.511946026933902
 20
9.738098693717554
 10
13.511946026933902
 20
9.798098693717554
 10
13.471946026933903
 20
9.798098693717556
 10
13.471946026933901
 20
9.738098693717554
  0
LWPOLYLINE
  5
412
330
17
100
AcDbEntity
  8
NUMBERS
100
AcDbPolyline
 90
2
 70
0
 10
13.471946026933901
 20
9.738098693717554
 10
13.511946026933902
 20
9.798098693717554
  0
LWPOLYLINE
  5
413
330
17
100
AcDbEntity
  8
NUMBERS
100
AcDbPolyline
 90
3
 70
0
 10
13.537946026933902
 20
9.788098693717554
 10
13.547946026933902
 20
9.798098693717554
 10
13.547946026933902
 20
9.738098693717554
  0
LWPOLYLINE
  5
414
330
17
100
AcDbEntity
  8
NUMBERS
100
AcDbPolyline
 90
2
 70
0
 10
13.537946026933902
 20
9.738098693717554
 10
13.557946026933902
 20
9.738098693717555
  0
LWPOLYLINE
  5
415
330
17
100
AcDbEntity
  8
NUMBERS
100
AcDbPolyline
 90
4
 70
0
 10
13.613946026933903
 20
9.738098693717554
 10
13.613946026933903
 20
9.798098693717554
 10
13.583946026933901
 20
9.758098693717553
 10
13.623946026933902
 20
9.758098693717553
  0
LWPOLYLINE
  5
416
330
17
100
AcDbEntity
  8
NUMBERS
100
AcDbPolyline
 90
6
 70
0
 10
12.71238414630313
 20
9.651327313557406
 10
12.679050812969797
 20
9.651327313557406
 10
12.679050812969797
 20
9.626327313557406
 10
12.71238414630313
 20
9.626327313557406
 10
12.71238414630313
 20
9.601327313557405
 10
12.679050812969797
 20
9.601327313557405
  0
LWPOLYLINE
  5
417
330
17
100
AcDbEntity
  8
NUMBERS
100
AcDbPolyline
 90
2
 70
0
 10
12.725717479636463
 20
9.651327313557406
 10
12.759050812969797
 20
9.651327313557406
  0
LWPOLYLINE
  5
418
330
17
100
AcDbEntity
  8
NUMBERS
100
AcDbPolyline
 90
2
 70
0
 10
12.742384146303129
 20
9.651327313557406
 10
12.742384146303129
 20
9.601327313557405
  0
LWPOLYLINE
  5
419
330
17
100
AcDbEntity
  8
NUMBERS
100
AcDbPolyline
 90
5
 70
0
 10
12.77238414630313
 20
9.601327313557405
 10
12.805717479636463
 20
9.601327313557405
 10
12.805717479636463
 20
9.651327313557406
 10
12.77238414630313
 20
9.651327313557406
 10
12.77238414630313
 20
9.601327313557405
  0
LWPOLYLINE
  5
41A
330
17
100
AcDbEntity
  8
NUMBERS
100
AcDbPolyline
 90
2
 70
0
 10
12.77238414630313
 20
9.601327313557405
 10
12.805717479636463
 20
9.651327313557406
  0
LWPOLYLINE
  5
41B
330
17
100
AcDbEntity
  8
NUMBERS
100
AcDbPolyline
 90
3
 70
0
 10
12.82738414630313
 20
9.642993980224071
 10
12.835717479636463
 20
9.651327313557406
 10
12.835717479636463
 20
9.601327313557405
  0
LWPOLYLINE
  5
41C
330
17
100
AcDbEntity
  8
NUMBERS
100
AcDbPolyline
 90
2
 70
0
 10
12.82738414630313
 20
9.601327313557405
 10
12.844050812969796
 20
9.601327313557405
  0
LWPOLYLINE
  5
41D
330
17
100
AcDbEntity
  8
NUMBERS
100
AcDbPolyline
 90
4
 70
0
 10
12.890717479636463
 20
9.601327313557405
 10
12.890717479636463
 20
9.651327313557406
 10
12.865717479636464
 20
9.617993980224073
 10
12.899050812969797
 20
9.617993980224073
  0
LWPOLYLINE
  5
41E
330
17
100
AcDbEntity
  8
NUMBERS
100
AcDbPolyline
 90
3
 70
0
 10
12.96738414630313
 20
9.642993980224071
 10
12.975717479636463
 20
9.651327313557406
 10
12.975717479636463
 20
9.601327313557405
  0
LWPOLYLINE
  5
41F
330
17
100
AcDbEntity
  8
NUMBERS
100
AcDbPolyline
 90
2
 70
0
 10
12.96738414630313
 20
9.601327313557405
 10
12.984050812969796
 20
9.601327313557405
  0
LWPOLYLINE
  5
420
330
17
100
AcDbEntity
  8
NUMBERS
100
AcDbPolyline
 90
7
 70
0
 10
13.005717479636463
 20
9.642993980224071
 10
13.014050812969796
 20
9.651327313557406
 10
13.030717479636463
 20
9.651327313557406
 10
13.039050812969796
 20
9.642993980224071
 10
13.039050812969796
 20
9.634660646890739
 10
13.005717479636463
 20
9.601327313557405
 10
13.039050812969796
 20
9.601327313557405
  0
LWPOLYLINE
  5
421
330
17
100
AcDbEntity
  8
NUMBERS
100
AcDbPolyline
 90
2
 70
0
 10
13.05238414630313
 20
9.601327313557405
 10
13.085717479636463
 20
9.651327313557406
  0
LWPOLYLINE
  5
422
330
17
100
AcDbEntity
  8
NUMBERS
100
AcDbPolyline
 90
3
 70
0
 10
13.10738414630313
 20
9.642993980224071
 10
13.115717479636464
 20
9.651327313557406
 10
13.115717479636464
 20
9.601327313557405
  0
LWPOLYLINE
  5
423
330
17
100
AcDbEntity
  8
NUMBERS
100
AcDbPolyline
 90
2
 70
0
 10
13.10738414630313
 20
9.601327313557405
 10
13.124050812969797
 20
9.601327313557405
  0
LWPOLYLINE
  5
424
330
17
100
AcDbEntity
  8
NUMBERS
100
AcDbPolyline
 90
7
 70
0
 10
13.145717479636463
 20
9.642993980224071
 10
13.154050812969796
 20
9.651327313557406
 10
13.170717479636464
 20
9.651327313557406
 10
13.179050812969797
 20
9.642993980224071
 10
13.179050812969797
 20
9.634660646890739
 10
13.145717479636463
 20
9.601327313557405
 10
13.179050812969797
 20
9.601327313557405
  0
LWPOLYLINE
  5
425
330
17
100
AcDbEntity
  8
NUMBERS
100
AcDbPolyline
 90
6
 70
0
 10
22.222739627810473
 20
9.978601940131126
 10
22.222740022011962
 20
9.938601940133069
 10
22.252740022010503
 20
9.938602235784185
 10
22.252739627809017
 20
9.978602235782242
 10
22.282739627807562
 20
9.978602531433356
 10
22.282740022009047
 20
9.938602531435299
  0
LWPOLYLINE
  5
426
330
17
100
AcDbEntity
  8
NUMBERS
100
AcDbPolyline
 90
2
 70
0
 10
22.22273947012988
 20
9.99460194013035
 10
22.22273907592839
 20
10.034601940128407
  0
LWPOLYLINE
  5
427
330
17
100
AcDbEntity
  8
NUMBERS
100
AcDbPolyline
 90
2
 70
0
 10
22.222739273029134
 20
10.014601940129378
 10
22.282739273026223
 20
10.014602531431608
  0
LWPOLYLINE
  5
428
330
17
100
AcDbEntity
  8
NUMBERS
100
AcDbPolyline
 90
5
 70
0
 10
22.28273891824488
 20
10.05060253142986
 10
22.282738524043396
 20
10.090602531427917
 10
22.22273852404631
 20
10.090601940125687
 10
22.222738918247796
 20
10.05060194012763
 10
22.28273891824488
 20
10.05060253142986
  0
LWPOLYLINE
  5
429
330
17
100
AcDbEntity
  8
NUMBERS
100
AcDbPolyline
 90
2
 70
0
 10
22.28273891824488
 20
10.05060253142986
 10
22.22273852404631
 20
10.090601940125687
  0
LWPOLYLINE
  5
42A
330
17
100
AcDbEntity
  8
NUMBERS
100
AcDbPolyline
 90
3
 70
0
 10
22.232738267814856
 20
10.116602038674797
 10
22.22273816926497
 20
10.126601940123939
 10
22.282738169262057
 20
10.12660253142617
  0
LWPOLYLINE
  5
42B
330
17
100
AcDbEntity
  8
NUMBERS
100
AcDbPolyline
 90
2
 70
0
 10
22.28273826781243
 20
10.116602531426656
 10
22.282738070711684
 20
10.136602531425684
  0
LWPOLYLINE
  5
42C
330
17
100
AcDbEntity
  8
NUMBERS
100
AcDbPolyline
 90
7
 70
0
 10
22.28273781448072
 20
10.16260253142442
 10
22.282737518829602
 20
10.192602531422965
 10
22.272737420279718
 20
10.202602432872107
 10
22.222737420282144
 20
10.202601940120248
 10
22.222737814483633
 20
10.16260194012219
 10
22.252737814482174
 20
10.162602235773306
 10
22.25273742028069
 20
10.202602235771364
  0
LWPOLYLINE
  5
42D
330
17
100
AcDbEntity
  8
NUMBERS
100
AcDbPolyline
 90
6
 70
0
 10
16.442002720773406
 20
11.114635922337472
 10
16.482002720759247
 20
11.114636986663974
 10
16.48200192251437
 20
11.144636986653355
 10
16.44200192252853
 20
11.14463592232685
 10
16.442001124283653
 20
11.17463592231623
 10
16.48200112426949
 20
11.174636986642735
  0
LWPOLYLINE
  5
42E
330
17
100
AcDbEntity
  8
NUMBERS
100
AcDbPolyline
 90
2
 70
0
 10
16.42600272077907
 20
11.11463549660687
 10
16.38600272079323
 20
11.114634432280367
  0
LWPOLYLINE
  5
42F
330
17
100
AcDbEntity
  8
NUMBERS
100
AcDbPolyline
 90
2
 70
0
 10
16.40600272078615
 20
11.114634964443619
 10
16.406001124296395
 20
11.174634964422378
  0
LWPOLYLINE
  5
430
330
17
100
AcDbEntity
  8
NUMBERS
100
AcDbPolyline
 90
5
 70
0
 10
16.37000112430914
 20
11.174634006528526
 10
16.3300011243233
 20
11.174632942202022
 10
16.330002720813056
 20
11.114632942223263
 10
16.370002720798894
 20
11.114634006549766
 10
16.37000112430914
 20
11.174634006528526
  0
LWPOLYLINE
  5
431
330
17
100
AcDbEntity
  8
NUMBERS
100
AcDbPolyline
 90
2
 70
0
 10
16.37000112430914
 20
11.174634006528526
 10
16.330002720813056
 20
11.114632942223263
  0
LWPOLYLINE
  5
432
330
17
100
AcDbEntity
  8
NUMBERS
100
AcDbPolyline
 90
3
 70
0
 10
16.304002454740633
 20
11.124632250407496
 10
16.294002720825798
 20
11.11463198432941
 10
16.294001124336045
 20
11.17463198430817
  0
LWPOLYLINE
  5
433
330
17
100
AcDbEntity
  8
NUMBERS
100
AcDbPolyline
 90
2
 70
0
 10
16.304001124332505
 20
11.174632250389795
 10
16.284001124339586
 20
11.174631718226545
  0
LWPOLYLINE
  5
434
330
17
100
AcDbEntity
  8
NUMBERS
100
AcDbPolyline
 90
8
 70
0
 10
16.218002720852702
 20
11.114629962109055
 10
16.258002720838544
 20
11.114631026435557
 10
16.258002055634478
 20
11.139631026426708
 10
16.2280020556451
 20
11.13963022818183
 10
16.218001789567012
 20
11.149629962096665
 10
16.218001390444574
 20
11.164629962091354
 10
16.22800112435941
 20
11.17463022816944
 10
16.258001124348787
 20
11.174631026414318
  0
LWPOLYLINE
  5
435
330
17
100
AcDbEntity
  8
NUMBERS
100
AcDbPolyline
 90
6
 70
0
 10
16.594779484237954
 20
9.897241567976607
 10
16.594779484237954
 20
9.863908234643274
 10
16.619779484237956
 20
9.863908234643274
 10
16.619779484237956
 20
9.897241567976607
 10
16.644779484237954
 20
9.897241567976607
 10
16.644779484237954
 20
9.863908234643274
  0
LWPOLYLINE
  5
436
330
17
100
AcDbEntity
  8
NUMBERS
100
AcDbPolyline
 90
2
 70
0
 10
16.594779484237954
 20
9.910574901309941
 10
16.594779484237954
 20
9.943908234643274
  0
LWPOLYLINE
  5
437
330
17
100
AcDbEntity
  8
NUMBERS
100
AcDbPolyline
 90
2
 70
0
 10
16.594779484237954
 20
9.927241567976607
 10
16.644779484237954
 20
9.927241567976607
  0
LWPOLYLINE
  5
438
330
17
100
AcDbEntity
  8
NUMBERS
100
AcDbPolyline
 90
5
 70
0
 10
16.644779484237954
 20
9.957241567976608
 10
16.644779484237954
 20
9.990574901309941
 10
16.594779484237954
 20
9.990574901309941
 10
16.594779484237954
 20
9.957241567976608
 10
16.644779484237954
 20
9.957241567976608
  0
LWPOLYLINE
  5
439
330
17
100
AcDbEntity
  8
NUMBERS
100
AcDbPolyline
 90
2
 70
0
 10
16.644779484237954
 20
9.957241567976608
 10
16.594779484237954
 20
9.990574901309941
  0
LWPOLYLINE
  5
43A
330
17
100
AcDbEntity
  8
NUMBERS
100
AcDbPolyline
 90
3
 70
0
 10
16.603112817571287
 20
10.012241567976607
 10
16.594779484237954
 20
10.02057490130994
 10
16.644779484237954
 20
10.02057490130994
  0
LWPOLYLINE
  5
43B
330
17
100
AcDbEntity
  8
NUMBERS
100
AcDbPolyline
 90
2
 70
0
 10
16.644779484237954
 20
10.012241567976607
 10
16.644779484237954
 20
10.028908234643273
  0
LWPOLYLINE
  5
43C
330
17
100
AcDbEntity
  8
NUMBERS
100
AcDbPolyline
 90
8
 70
0
 10
16.594779484237954
 20
10.083908234643275
 10
16.594779484237954
 20
10.050574901309941
 10
16.61561281757129
 20
10.050574901309941
 10
16.61561281757129
 20
10.07557490130994
 10
16.623946150904622
 20
10.083908234643275
 10
16.63644615090462
 20
10.083908234643275
 10
16.644779484237954
 20
10.07557490130994
 10
16.644779484237954
 20
10.050574901309941
  0
LWPOLYLINE
  5
43D
330
17
100
AcDbEntity
  8
NUMBERS
100
AcDbPolyline
 90
3
 70
0
 10
16.603112817571287
 20
10.152241567976608
 10
16.594779484237954
 20
10.160574901309941
 10
16.644779484237954
 20
10.160574901309941
  0
LWPOLYLINE
  5
43E
330
17
100
AcDbEntity
  8
NUMBERS
100
AcDbPolyline
 90
2
 70
0
 10
16.644779484237954
 20
10.152241567976608
 10
16.644779484237954
 20
10.168908234643274
  0
LWPOLYLINE
  5
43F
330
17
100
AcDbEntity
  8
NUMBERS
100
AcDbPolyline
 90
2
 70
0
 10
16.644779484237954
 20
10.19057490130994
 10
16.594779484237954
 20
10.223908234643273
  0
LWPOLYLINE
  5
440
330
17
100
AcDbEntity
  8
NUMBERS
100
AcDbPolyline
 90
7
 70
0
 10
16.603112817571287
 20
10.237241567976607
 10
16.594779484237954
 20
10.24557490130994
 10
16.594779484237954
 20
10.262241567976607
 10
16.603112817571287
 20
10.27057490130994
 10
16.611446150904623
 20
10.27057490130994
 10
16.644779484237954
 20
10.237241567976607
 10
16.644779484237954
 20
10.27057490130994
  0
LWPOLYLINE
  5
441
330
17
100
AcDbEntity
  8
NUMBERS
100
AcDbPolyline
 90
6
 70
0
 10
19.096978667878826
 20
10.199775592690882
 10
19.096979732205327
 20
10.159775592705042
 10
19.12697973219471
 20
10.159776390949919
 10
19.126978667868205
 20
10.199776390935758
 10
19.156978667857587
 20
10.199777189180637
 10
19.156979732184087
 20
10.159777189194797
  0
LWPOLYLINE
  5
442
330
17
100
AcDbEntity
  8
NUMBERS
100
AcDbPolyline
 90
2
 70
0
 10
19.096978242148225
 20
10.215775592685217
 10
19.09697717782172
 20
10.255775592671059
  0
LWPOLYLINE
  5
443
330
17
100
AcDbEntity
  8
NUMBERS
100
AcDbPolyline
 90
2
 70
0
 10
19.096977709984973
 20
10.235775592678138
 10
19.156977709963734
 20
10.235777189167893
  0
LWPOLYLINE
  5
444
330
17
100
AcDbEntity
  8
NUMBERS
100
AcDbPolyline
 90
5
 70
0
 10
19.15697675206988
 20
10.271777189155149
 10
19.156975687743376
 20
10.311777189140988
 10
19.096975687764616
 20
10.311775592651234
 10
19.09697675209112
 20
10.271775592665394
 10
19.15697675206988
 20
10.271777189155149
  0
LWPOLYLINE
  5
445
330
17
100
AcDbEntity
  8
NUMBERS
100
AcDbPolyline
 90
2
 70
0
 10
19.15697675206988
 20
10.271777189155149
 10
19.096975687764616
 20
10.311775592651234
  0
LWPOLYLINE
  5
446
330
17
100
AcDbEntity
  8
NUMBERS
100
AcDbPolyline
 90
3
 70
0
 10
19.10697499594885
 20
10.337775858723656
 10
19.096974729870766
 20
10.34777559263849
 10
19.156974729849523
 20
10.347777189128244
  0
LWPOLYLINE
  5
447
330
17
100
AcDbEntity
  8
NUMBERS
100
AcDbPolyline
 90
2
 70
0
 10
19.15697499593115
 20
10.337777189131785
 10
19.1569744637679
 20
10.357777189124704
  0
LWPOLYLINE
  5
448
330
17
100
AcDbEntity
  8
NUMBERS
100
AcDbPolyline
 90
8
 70
0
 10
19.09697270765041
 20
10.423775592611586
 10
19.096973771976913
 20
10.383775592625746
 10
19.12197377196806
 20
10.38377625782981
 10
19.121972973723185
 20
10.41377625781919
 10
19.131972707638017
 20
10.423776523897276
 10
19.14697270763271
 20
10.423776923019716
 10
19.156972973710793
 20
10.41377718910488
 10
19.15697377195567
 20
10.3837771891155
  0
LWPOLYLINE
  5
449
330
17
100
AcDbEntity
  8
NUMBERS
100
AcDbPolyline
 90
6
 70
0
 10
17.879584313517963
 20
10.046998829226334
 10
17.846250980184628
 20
10.046998829226334
 10
17.846250980184628
 20
10.021998829226334
 10
17.879584313517963
 20
10.021998829226334
 10
17.879584313517963
 20
9.996998829226333
 10
17.846250980184628
 20
9.996998829226333
  0
LWPOLYLINE
  5
44A
330
17
100
AcDbEntity
  8
NUMBERS
100
AcDbPolyline
 90
2
 70
0
 10
17.892917646851295
 20
10.046998829226334
 10
17.926250980184626
 20
10.046998829226334
  0
LWPOLYLINE
  5
44B
330
17
100
AcDbEntity
  8
NUMBERS
100
AcDbPolyline
 90
2
 70
0
 10
17.90958431351796
 20
10.046998829226334
 10
17.90958431351796
 20
9.996998829226333
  0
LWPOLYLINE
  5
44C
330
17
100
AcDbEntity
  8
NUMBERS
100
AcDbPolyline
 90
5
 70
0
 10
17.939584313517962
 20
9.996998829226333
 10
17.972917646851293
 20
9.996998829226333
 10
17.972917646851293
 20
10.046998829226334
 10
17.939584313517962
 20
10.046998829226334
 10
17.939584313517962
 20
9.996998829226333
  0
LWPOLYLINE
  5
44D
330
17
100
AcDbEntity
  8
NUMBERS
100
AcDbPolyline
 90
2
 70
0
 10
17.939584313517962
 20
9.996998829226333
 10
17.972917646851293
 20
10.046998829226334
  0
LWPOLYLINE
  5
44E
330
17
100
AcDbEntity
  8
NUMBERS
100
AcDbPolyline
 90
3
 70
0
 10
17.99458431351796
 20
10.038665495893
 10
18.002917646851294
 20
10.046998829226334
 10
18.002917646851294
 20
9.996998829226333
  0
LWPOLYLINE
  5
44F
330
17
100
AcDbEntity
  8
NUMBERS
100
AcDbPolyline
 90
2
 70
0
 10
17.99458431351796
 20
9.996998829226333
 10
18.011250980184627
 20
9.996998829226333
  0
LWPOLYLINE
  5
450
330
17
100
AcDbEntity
  8
NUMBERS
100
AcDbPolyline
 90
8
 70
0
 10
18.066250980184627
 20
10.046998829226334
 10
18.032917646851296
 20
10.046998829226334
 10
18.032917646851296
 20
10.026165495893
 10
18.057917646851294
 20
10.026165495893
 10
18.066250980184627
 20
10.017832162559667
 10
18.066250980184627
 20
10.005332162559666
 10
18.057917646851294
 20
9.996998829226333
 10
18.032917646851296
 20
9.996998829226333
  0
LWPOLYLINE
  5
451
330
17
100
AcDbEntity
  8
NUMBERS
100
AcDbPolyline
 90
7
 70
0
 10
18.12625098018463
 20
10.038665495893
 10
18.134584313517962
 20
10.046998829226334
 10
18.151250980184628
 20
10.046998829226334
 10
18.15958431351796
 20
10.038665495893
 10
18.15958431351796
 20
10.030332162559667
 10
18.12625098018463
 20
9.996998829226333
 10
18.15958431351796
 20
9.996998829226333
  0
LWPOLYLINE
  5
452
330
17
100
AcDbEntity
  8
NUMBERS
100
AcDbPolyline
 90
2
 70
0
 10
18.172917646851296
 20
9.996998829226333
 10
18.206250980184628
 20
10.046998829226334
  0
LWPOLYLINE
  5
453
330
17
100
AcDbEntity
  8
NUMBERS
100
AcDbPolyline
 90
7
 70
0
 10
18.219584313517963
 20
10.038665495893
 10
18.227917646851296
 20
10.046998829226334
 10
18.24458431351796
 20
10.046998829226334
 10
18.252917646851294
 20
10.038665495893
 10
18.252917646851294
 20
10.030332162559667
 10
18.219584313517963
 20
9.996998829226333
 10
18.252917646851294
 20
9.996998829226333
  0
LWPOLYLINE
  5
454
330
17
100
AcDbEntity
  8
NUMBERS
100
AcDbPolyline
 90
6
 70
0
 10
13.929720226010586
 20
10.322845978626965
 10
13.92971513413525
 20
10.282845978951055
 10
13.959715133892184
 20
10.282842160044554
 10
13.959720225767517
 20
10.322842159720464
 10
13.98972022552445
 20
10.322838340813965
 10
13.989715133649115
 20
10.282838341138053
  0
LWPOLYLINE
  5
455
330
17
100
AcDbEntity
  8
NUMBERS
100
AcDbPolyline
 90
2
 70
0
 10
13.92972226276072
 20
10.338845978497329
 10
13.929727354636054
 20
10.37884597817324
  0
LWPOLYLINE
  5
456
330
17
100
AcDbEntity
  8
NUMBERS
100
AcDbPolyline
 90
2
 70
0
 10
13.929724808698387
 20
10.358845978335284
 10
13.989724808212252
 20
10.358838340522283
  0
LWPOLYLINE
  5
457
330
17
100
AcDbEntity
  8
NUMBERS
100
AcDbPolyline
 90
5
 70
0
 10
13.989729390900052
 20
10.394838340230601
 10
13.989734482775386
 20
10.434838339906513
 10
13.929734483261521
 20
10.434845977719513
 10
13.929729391386187
 20
10.394845978043604
 10
13.989729390900052
 20
10.394838340230601
  0
LWPOLYLINE
  5
458
330
17
100
AcDbEntity
  8
NUMBERS
100
AcDbPolyline
 90
2
 70
0
 10
13.989729390900052
 20
10.394838340230601
 10
13.929734483261521
 20
10.434845977719513
  0
LWPOLYLINE
  5
459
330
17
100
AcDbEntity
  8
NUMBERS
100
AcDbPolyline
 90
3
 70
0
 10
13.939737792899466
 20
10.46084470454002
 10
13.929739065949322
 20
10.470845977427832
 10
13.989739065463187
 20
10.470838339614831
  0
LWPOLYLINE
  5
45A
330
17
100
AcDbEntity
  8
NUMBERS
100
AcDbPolyline
 90
2
 70
0
 10
13.989737792494354
 20
10.460838339695853
 10
13.989740338432021
 20
10.480838339533808
  0
LWPOLYLINE
  5
45B
330
17
100
AcDbEntity
  8
NUMBERS
100
AcDbPolyline
 90
7
 70
0
 10
13.929748740512458
 20
10.546845976812062
 10
13.929744921605957
 20
10.516845977055128
 10
13.939743648556101
 20
10.50684470416732
 10
13.989743648150988
 20
10.506838339323151
 10
13.989748740026323
 20
10.546838338999061
 10
13.95974874026939
 20
10.54684215790556
 10
13.959743648394056
 20
10.50684215822965
  0
LWPOLYLINE
  5
45C
330
17
100
AcDbEntity
  8
NUMBERS
100
AcDbPolyline
 90
6
 70
0
 10
27.15404907401114
 20
10.438762125695465
 10
27.11404907401114
 20
10.438762125695465
 10
27.11404907401114
 20
10.408762125695466
 10
27.15404907401114
 20
10.408762125695466
 10
27.15404907401114
 20
10.378762125695465
 10
27.11404907401114
 20
10.378762125695465
  0
LWPOLYLINE
  5
45D
330
17
100
AcDbEntity
  8
NUMBERS
100
AcDbPolyline
 90
2
 70
0
 10
27.17004907401114
 20
10.438762125695465
 10
27.210049074011142
 20
10.438762125695465
  0
LWPOLYLINE
  5
45E
330
17
100
AcDbEntity
  8
NUMBERS
100
AcDbPolyline
 90
2
 70
0
 10
27.19004907401114
 20
10.438762125695465
 10
27.19004907401114
 20
10.378762125695465
  0
LWPOLYLINE
  5
45F
330
17
100
AcDbEntity
  8
NUMBERS
100
AcDbPolyline
 90
5
 70
0
 10
27.22604907401114
 20
10.378762125695465
 10
27.26604907401114
 20
10.378762125695465
 10
27.26604907401114
 20
10.438762125695465
 10
27.22604907401114
 20
10.438762125695465
 10
27.22604907401114
 20
10.378762125695465
  0
LWPOLYLINE
  5
460
330
17
100
AcDbEntity
  8
NUMBERS
100
AcDbPolyline
 90
2
 70
0
 10
27.22604907401114
 20
10.378762125695465
 10
27.26604907401114
 20
10.438762125695465
  0
LWPOLYLINE
  5
461
330
17
100
AcDbEntity
  8
NUMBERS
100
AcDbPolyline
 90
5
 70
0
 10
27.28204907401114
 20
10.378762125695465
 10
27.32204907401114
 20
10.378762125695465
 10
27.32204907401114
 20
10.438762125695465
 10
27.28204907401114
 20
10.438762125695465
 10
27.28204907401114
 20
10.378762125695465
  0
LWPOLYLINE
  5
462
330
17
100
AcDbEntity
  8
NUMBERS
100
AcDbPolyline
 90
2
 70
0
 10
27.28204907401114
 20
10.378762125695465
 10
27.32204907401114
 20
10.438762125695465
  0
LWPOLYLINE
  5
463
330
17
100
AcDbEntity
  8
NUMBERS
100
AcDbPolyline
 90
5
 70
0
 10
27.338049074011142
 20
10.378762125695465
 10
27.37804907401114
 20
10.378762125695465
 10
27.37804907401114
 20
10.408762125695466
 10
27.338049074011142
 20
10.408762125695466
 10
27.338049074011142
 20
10.378762125695465
  0
LWPOLYLINE
  5
464
330
17
100
AcDbEntity
  8
NUMBERS
100
AcDbPolyline
 90
4
 70
0
 10
27.34304907401114
 20
10.408762125695466
 10
27.34304907401114
 20
10.438762125695465
 10
27.373049074011142
 20
10.438762125695465
 10
27.373049074011142
 20
10.408762125695466
  0
LWPOLYLINE
  5
465
330
17
100
AcDbEntity
  8
NUMBERS
100
AcDbPolyline
 90
6
 70
0
 10
14.433861572697333
 20
10.48099947645169
 10
14.393861572697332
 20
10.48099947645169
 10
14.393861572697332
 20
10.45099947645169
 10
14.433861572697333
 20
10.45099947645169
 10
14.433861572697333
 20
10.420999476451689
 10
14.393861572697332
 20
10.420999476451689
  0
LWPOLYLINE
  5
466
330
17
100
AcDbEntity
  8
NUMBERS
100
AcDbPolyline
 90
2
 70
0
 10
14.449861572697333
 20
10.48099947645169
 10
14.489861572697333
 20
10.48099947645169
  0
LWPOLYLINE
  5
467
330
17
100
AcDbEntity
  8
NUMBERS
100
AcDbPolyline
 90
2
 70
0
 10
14.469861572697333
 20
10.48099947645169
 10
14.469861572697333
 20
10.420999476451689
  0
LWPOLYLINE
  5
468
330
17
100
AcDbEntity
  8
NUMBERS
100
AcDbPolyline
 90
5
 70
0
 10
14.505861572697333
 20
10.420999476451689
 10
14.545861572697333
 20
10.420999476451689
 10
14.545861572697333
 20
10.48099947645169
 10
14.505861572697333
 20
10.48099947645169
 10
14.505861572697333
 20
10.420999476451689
  0
LWPOLYLINE
  5
469
330
17
100
AcDbEntity
  8
NUMBERS
100
AcDbPolyline
 90
2
 70
0
 10
14.505861572697333
 20
10.420999476451689
 10
14.545861572697333
 20
10.48099947645169
  0
LWPOLYLINE
  5
46A
330
17
100
AcDbEntity
  8
NUMBERS
100
AcDbPolyline
 90
5
 70
0
 10
14.561861572697334
 20
10.420999476451689
 10
14.601861572697333
 20
10.420999476451689
 10
14.601861572697333
 20
10.48099947645169
 10
14.561861572697334
 20
10.48099947645169
 10
14.561861572697334
 20
10.420999476451689
  0
LWPOLYLINE
  5
46B
330
17
100
AcDbEntity
  8
NUMBERS
100
AcDbPolyline
 90
2
 70
0
 10
14.561861572697334
 20
10.420999476451689
 10
14.601861572697333
 20
10.48099947645169
  0
LWPOLYLINE
  5
46C
330
17
100
AcDbEntity
  8
NUMBERS
100
AcDbPolyline
 90
7
 70
0
 10
14.617861572697333
 20
10.47099947645169
 10
14.627861572697332
 20
10.48099947645169
 10
14.647861572697332
 20
10.48099947645169
 10
14.657861572697334
 20
10.47099947645169
 10
14.657861572697334
 20
10.46099947645169
 10
14.617861572697333
 20
10.420999476451689
 10
14.657861572697334
 20
10.420999476451689
  0
LWPOLYLINE
  5
46D
330
17
100
AcDbEntity
  8
NUMBERS
100
AcDbPolyline
 90
6
 70
0
 10
20.77267619650788
 20
10.792330633038222
 10
20.73267619650788
 20
10.792330633038222
 10
20.73267619650788
 20
10.762330633038223
 10
20.77267619650788
 20
10.762330633038223
 10
20.77267619650788
 20
10.732330633038222
 10
20.73267619650788
 20
10.732330633038222
  0
LWPOLYLINE
  5
46E
330
17
100
AcDbEntity
  8
NUMBERS
100
AcDbPolyline
 90
2
 70
0
 10
20.78867619650788
 20
10.792330633038222
 10
20.82867619650788
 20
10.792330633038222
  0
LWPOLYLINE
  5
46F
330
17
100
AcDbEntity
  8
NUMBERS
100
AcDbPolyline
 90
2
 70
0
 10
20.80867619650788
 20
10.792330633038222
 10
20.80867619650788
 20
10.732330633038222
  0
LWPOLYLINE
  5
470
330
17
100
AcDbEntity
  8
NUMBERS
100
AcDbPolyline
 90
5
 70
0
 10
20.84467619650788
 20
10.732330633038222
 10
20.88467619650788
 20
10.732330633038222
 10
20.88467619650788
 20
10.792330633038222
 10
20.84467619650788
 20
10.792330633038222
 10
20.84467619650788
 20
10.732330633038222
  0
LWPOLYLINE
  5
471
330
17
100
AcDbEntity
  8
NUMBERS
100
AcDbPolyline
 90
2
 70
0
 10
20.84467619650788
 20
10.732330633038222
 10
20.88467619650788
 20
10.792330633038222
  0
LWPOLYLINE
  5
472
330
17
100
AcDbEntity
  8
NUMBERS
100
AcDbPolyline
 90
5
 70
0
 10
20.90067619650788
 20
10.732330633038222
 10
20.94067619650788
 20
10.732330633038222
 10
20.94067619650788
 20
10.792330633038222
 10
20.90067619650788
 20
10.792330633038222
 10
20.90067619650788
 20
10.732330633038222
  0
LWPOLYLINE
  5
473
330
17
100
AcDbEntity
  8
NUMBERS
100
AcDbPolyline
 90
2
 70
0
 10
20.90067619650788
 20
10.732330633038222
 10
20.94067619650788
 20
10.792330633038222
  0
LWPOLYLINE
  5
474
330
17
100
AcDbEntity
  8
NUMBERS
100
AcDbPolyline
 90
7
 70
0
 10
20.956676196507882
 20
10.792330633038222
 10
20.99667619650788
 20
10.792330633038222
 10
20.97667619650788
 20
10.767330633038222
 10
20.99667619650788
 20
10.757330633038222
 10
20.99667619650788
 20
10.742330633038222
 10
20.98667619650788
 20
10.732330633038222
 10
20.956676196507882
 20
10.732330633038222
  0
LWPOLYLINE
  5
475
330
17
100
AcDbEntity
  8
NUMBERS
100
AcDbPolyline
 90
7
 70
0
 10
29.25303168556068
 20
10.32071305867212
 10
29.193031685560676
 20
10.32071305867212
 10
29.193031685560676
 20
10.345713058672118
 10
29.208031685560677
 20
10.360713058672118
 10
29.238031685560678
 20
10.360713058672118
 10
29.25303168556068
 20
10.345713058672118
 10
29.25303168556068
 20
10.32071305867212
  0
LWPOLYLINE
  5
476
330
17
100
AcDbEntity
  8
NUMBERS
100
AcDbPolyline
 90
4
 70
0
 10
29.193031685560676
 20
10.41671305867212
 10
29.193031685560676
 20
10.376713058672118
 10
29.25303168556068
 20
10.376713058672118
 10
29.25303168556068
 20
10.41671305867212
  0
LWPOLYLINE
  5
477
330
17
100
AcDbEntity
  8
NUMBERS
100
AcDbPolyline
 90
2
 70
0
 10
29.223031685560677
 20
10.376713058672118
 10
29.223031685560677
 20
10.406713058672118
  0
LWPOLYLINE
  5
478
330
17
100
AcDbEntity
  8
NUMBERS
100
AcDbPolyline
 90
5
 70
0
 10
29.25303168556068
 20
10.43271305867212
 10
29.25303168556068
 20
10.472713058672118
 10
29.193031685560676
 20
10.472713058672118
 10
29.193031685560676
 20
10.43271305867212
 10
29.25303168556068
 20
10.43271305867212
  0
LWPOLYLINE
  5
479
330
17
100
AcDbEntity
  8
NUMBERS
100
AcDbPolyline
 90
2
 70
0
 10
29.25303168556068
 20
10.43271305867212
 10
29.193031685560676
 20
10.472713058672118
  0
LWPOLYLINE
  5
47A
330
17
100
AcDbEntity
  8
NUMBERS
100
AcDbPolyline
 90
5
 70
0
 10
29.25303168556068
 20
10.488713058672118
 10
29.25303168556068
 20
10.528713058672118
 10
29.193031685560676
 20
10.528713058672118
 10
29.193031685560676
 20
10.488713058672118
 10
29.25303168556068
 20
10.488713058672118
  0
LWPOLYLINE
  5
47B
330
17
100
AcDbEntity
  8
NUMBERS
100
AcDbPolyline
 90
2
 70
0
 10
29.25303168556068
 20
10.488713058672118
 10
29.193031685560676
 20
10.528713058672118
  0
LWPOLYLINE
  5
47C
330
17
100
AcDbEntity
  8
NUMBERS
100
AcDbPolyline
 90
8
 70
0
 10
29.193031685560676
 20
10.584713058672119
 10
29.193031685560676
 20
10.54471305867212
 10
29.21803168556068
 20
10.54471305867212
 10
29.21803168556068
 20
10.574713058672119
 10
29.228031685560676
 20
10.584713058672119
 10
29.243031685560677
 20
10.584713058672119
 10
29.25303168556068
 20
10.574713058672119
 10
29.25303168556068
 20
10.54471305867212
  0
LWPOLYLINE
  5
47D
330
17
100
AcDbEntity
  8
NUMBERS
100
AcDbPolyline
 90
6
 70
0
 10
16.890779484237953
 20
11.979612620130457
 10
16.890779484237953
 20
12.019612620130456
 10
16.860779484237952
 20
12.019612620130456
 10
16.860779484237952
 20
11.979612620130457
 10
16.830779484237954
 20
11.979612620130457
 10
16.830779484237954
 20
12.019612620130456
  0
LWPOLYLINE
  5
47E
330
17
100
AcDbEntity
  8
NUMBERS
100
AcDbPolyline
 90
2
 70
0
 10
16.890779484237953
 20
11.963612620130457
 10
16.890779484237953
 20
11.923612620130456
  0
LWPOLYLINE
  5
47F
330
17
100
AcDbEntity
  8
NUMBERS
100
AcDbPolyline
 90
2
 70
0
 10
16.890779484237953
 20
11.943612620130457
 10
16.830779484237954
 20
11.943612620130457
  0
LWPOLYLINE
  5
480
330
17
100
AcDbEntity
  8
NUMBERS
100
AcDbPolyline
 90
5
 70
0
 10
16.830779484237954
 20
11.907612620130456
 10
16.830779484237954
 20
11.867612620130457
 10
16.890779484237953
 20
11.867612620130457
 10
16.890779484237953
 20
11.907612620130456
 10
16.830779484237954
 20
11.907612620130456
  0
LWPOLYLINE
  5
481
330
17
100
AcDbEntity
  8
NUMBERS
100
AcDbPolyline
 90
2
 70
0
 10
16.830779484237954
 20
11.907612620130456
 10
16.890779484237953
 20
11.867612620130457
  0
LWPOLYLINE
  5
482
330
17
100
AcDbEntity
  8
NUMBERS
100
AcDbPolyline
 90
3
 70
0
 10
16.88077948423795
 20
11.841612620130457
 10
16.890779484237953
 20
11.831612620130457
 10
16.830779484237954
 20
11.831612620130457
  0
LWPOLYLINE
  5
483
330
17
100
AcDbEntity
  8
NUMBERS
100
AcDbPolyline
 90
2
 70
0
 10
16.830779484237954
 20
11.841612620130457
 10
16.830779484237954
 20
11.821612620130455
  0
LWPOLYLINE
  5
484
330
17
100
AcDbEntity
  8
NUMBERS
100
AcDbPolyline
 90
3
 70
0
 10
16.88077948423795
 20
11.785612620130456
 10
16.890779484237953
 20
11.775612620130456
 10
16.830779484237954
 20
11.775612620130456
  0
LWPOLYLINE
  5
485
330
17
100
AcDbEntity
  8
NUMBERS
100
AcDbPolyline
 90
2
 70
0
 10
16.830779484237954
 20
11.785612620130456
 10
16.830779484237954
 20
11.765612620130456
  0
LWPOLYLINE
  5
486
330
17
100
AcDbEntity
  8
NUMBERS
100
AcDbPolyline
 90
6
 70
0
 10
18.40339431363428
 20
11.979612620130457
 10
18.40339431363428
 20
12.019612620130456
 10
18.37339431363428
 20
12.019612620130456
 10
18.37339431363428
 20
11.979612620130457
 10
18.34339431363428
 20
11.979612620130457
 10
18.34339431363428
 20
12.019612620130456
  0
LWPOLYLINE
  5
487
330
17
100
AcDbEntity
  8
NUMBERS
100
AcDbPolyline
 90
2
 70
0
 10
18.40339431363428
 20
11.963612620130457
 10
18.40339431363428
 20
11.923612620130456
  0
LWPOLYLINE
  5
488
330
17
100
AcDbEntity
  8
NUMBERS
100
AcDbPolyline
 90
2
 70
0
 10
18.40339431363428
 20
11.943612620130457
 10
18.34339431363428
 20
11.943612620130457
  0
LWPOLYLINE
  5
489
330
17
100
AcDbEntity
  8
NUMBERS
100
AcDbPolyline
 90
5
 70
0
 10
18.34339431363428
 20
11.907612620130456
 10
18.34339431363428
 20
11.867612620130457
 10
18.40339431363428
 20
11.867612620130457
 10
18.40339431363428
 20
11.907612620130456
 10
18.34339431363428
 20
11.907612620130456
  0
LWPOLYLINE
  5
48A
330
17
100
AcDbEntity
  8
NUMBERS
100
AcDbPolyline
 90
2
 70
0
 10
18.34339431363428
 20
11.907612620130456
 10
18.40339431363428
 20
11.867612620130457
  0
LWPOLYLINE
  5
48B
330
17
100
AcDbEntity
  8
NUMBERS
100
AcDbPolyline
 90
3
 70
0
 10
18.39339431363428
 20
11.841612620130457
 10
18.40339431363428
 20
11.831612620130457
 10
18.34339431363428
 20
11.831612620130457
  0
LWPOLYLINE
  5
48C
330
17
100
AcDbEntity
  8
NUMBERS
100
AcDbPolyline
 90
2
 70
0
 10
18.34339431363428
 20
11.841612620130457
 10
18.34339431363428
 20
11.821612620130455
  0
LWPOLYLINE
  5
48D
330
17
100
AcDbEntity
  8
NUMBERS
100
AcDbPolyline
 90
7
 70
0
 10
18.39339431363428
 20
11.795612620130456
 10
18.40339431363428
 20
11.785612620130456
 10
18.40339431363428
 20
11.765612620130456
 10
18.39339431363428
 20
11.755612620130456
 10
18.38339431363428
 20
11.755612620130456
 10
18.34339431363428
 20
11.795612620130456
 10
18.34339431363428
 20
11.755612620130456
  0
LWPOLYLINE
  5
48E
330
17
100
AcDbEntity
  8
NUMBERS
100
AcDbPolyline
 90
7
 70
0
 10
20.1849635744491
 20
10.761883425673776
 10
20.1249635744491
 20
10.761883425673776
 10
20.1249635744491
 20
10.786883425673778
 10
20.1399635744491
 20
10.801883425673777
 10
20.169963574449103
 20
10.801883425673777
 10
20.1849635744491
 20
10.786883425673778
 10
20.1849635744491
 20
10.761883425673776
  0
LWPOLYLINE
  5
48F
330
17
100
AcDbEntity
  8
NUMBERS
100
AcDbPolyline
 90
4
 70
0
 10
20.1249635744491
 20
10.857883425673776
 10
20.1249635744491
 20
10.817883425673777
 10
20.1849635744491
 20
10.817883425673777
 10
20.1849635744491
 20
10.857883425673776
  0
LWPOLYLINE
  5
490
330
17
100
AcDbEntity
  8
NUMBERS
100
AcDbPolyline
 90
2
 70
0
 10
20.154963574449102
 20
10.817883425673777
 10
20.154963574449102
 20
10.847883425673778
  0
LWPOLYLINE
  5
491
330
17
100
AcDbEntity
  8
NUMBERS
100
AcDbPolyline
 90
5
 70
0
 10
20.1849635744491
 20
10.873883425673778
 10
20.1849635744491
 20
10.913883425673777
 10
20.1249635744491
 20
10.913883425673777
 10
20.1249635744491
 20
10.873883425673778
 10
20.1849635744491
 20
10.873883425673778
  0
LWPOLYLINE
  5
492
330
17
100
AcDbEntity
  8
NUMBERS
100
AcDbPolyline
 90
2
 70
0
 10
20.1849635744491
 20
10.873883425673778
 10
20.1249635744491
 20
10.913883425673777
  0
LWPOLYLINE
  5
493
330
17
100
AcDbEntity
  8
NUMBERS
100
AcDbPolyline
 90
5
 70
0
 10
20.1849635744491
 20
10.929883425673777
 10
20.1849635744491
 20
10.969883425673777
 10
20.1249635744491
 20
10.969883425673777
 10
20.1249635744491
 20
10.929883425673777
 10
20.1849635744491
 20
10.929883425673777
  0
LWPOLYLINE
  5
494
330
17
100
AcDbEntity
  8
NUMBERS
100
AcDbPolyline
 90
2
 70
0
 10
20.1849635744491
 20
10.929883425673777
 10
20.1249635744491
 20
10.969883425673777
  0
LWPOLYLINE
  5
495
330
17
100
AcDbEntity
  8
NUMBERS
100
AcDbPolyline
 90
7
 70
0
 10
20.1249635744491
 20
11.025883425673777
 10
20.1249635744491
 20
10.995883425673778
 10
20.134963574449102
 20
10.985883425673777
 10
20.1849635744491
 20
10.985883425673777
 10
20.1849635744491
 20
11.025883425673777
 10
20.154963574449102
 20
11.025883425673777
 10
20.154963574449102
 20
10.985883425673777
  0
LWPOLYLINE
  5
496
330
17
100
AcDbEntity
  8
NUMBERS
100
AcDbPolyline
 90
6
 70
0
 10
12.755050812969797
 20
11.05978123489922
 10
12.715050812969796
 20
11.05978123489922
 10
12.715050812969796
 20
11.02978123489922
 10
12.755050812969797
 20
11.02978123489922
 10
12.755050812969797
 20
10.999781234899219
 10
12.715050812969796
 20
10.999781234899219
  0
LWPOLYLINE
  5
497
330
17
100
AcDbEntity
  8
NUMBERS
100
AcDbPolyline
 90
2
 70
0
 10
12.771050812969797
 20
11.05978123489922
 10
12.811050812969796
 20
11.05978123489922
  0
LWPOLYLINE
  5
498
330
17
100
AcDbEntity
  8
NUMBERS
100
AcDbPolyline
 90
2
 70
0
 10
12.791050812969797
 20
11.05978123489922
 10
12.791050812969797
 20
10.999781234899219
  0
LWPOLYLINE
  5
499
330
17
100
AcDbEntity
  8
NUMBERS
100
AcDbPolyline
 90
5
 70
0
 10
12.827050812969796
 20
10.999781234899219
 10
12.867050812969797
 20
10.999781234899219
 10
12.867050812969797
 20
11.05978123489922
 10
12.827050812969796
 20
11.05978123489922
 10
12.827050812969796
 20
10.999781234899219
  0
LWPOLYLINE
  5
49A
330
17
100
AcDbEntity
  8
NUMBERS
100
AcDbPolyline
 90
2
 70
0
 10
12.827050812969796
 20
10.999781234899219
 10
12.867050812969797
 20
11.05978123489922
  0
LWPOLYLINE
  5
49B
330
17
100
AcDbEntity
  8
NUMBERS
100
AcDbPolyline
 90
5
 70
0
 10
12.883050812969797
 20
10.999781234899219
 10
12.923050812969796
 20
10.999781234899219
 10
12.923050812969796
 20
11.05978123489922
 10
12.883050812969797
 20
11.05978123489922
 10
12.883050812969797
 20
10.999781234899219
  0
LWPOLYLINE
  5
49C
330
17
100
AcDbEntity
  8
NUMBERS
100
AcDbPolyline
 90
2
 70
0
 10
12.883050812969797
 20
10.999781234899219
 10
12.923050812969796
 20
11.05978123489922
  0
LWPOLYLINE
  5
49D
330
17
100
AcDbEntity
  8
NUMBERS
100
AcDbPolyline
 90
7
 70
0
 10
12.939050812969796
 20
10.999781234899219
 10
12.969050812969796
 20
10.999781234899219
 10
12.979050812969797
 20
11.009781234899219
 10
12.979050812969797
 20
11.05978123489922
 10
12.939050812969796
 20
11.05978123489922
 10
12.939050812969796
 20
11.02978123489922
 10
12.979050812969797
 20
11.02978123489922
  0
LWPOLYLINE
  5
49E
330
17
100
AcDbEntity
  8
NUMBERS
100
AcDbPolyline
 90
6
 70
0
 10
27.15404907401114
 20
11.858880235931686
 10
27.11404907401114
 20
11.858880235931686
 10
27.11404907401114
 20
11.798880235931685
 10
27.15404907401114
 20
11.798880235931685
 10
27.15404907401114
 20
11.828880235931686
 10
27.13404907401114
 20
11.828880235931686
  0
LWPOLYLINE
  5
49F
330
17
100
AcDbEntity
  8
NUMBERS
100
AcDbPolyline
 90
3
 70
0
 10
27.17004907401114
 20
11.858880235931686
 10
27.17004907401114
 20
11.798880235931685
 10
27.210049074011142
 20
11.798880235931685
  0
LWPOLYLINE
  5
4A0
330
17
100
AcDbEntity
  8
NUMBERS
100
AcDbPolyline
 90
5
 70
0
 10
27.22604907401114
 20
11.798880235931685
 10
27.26604907401114
 20
11.798880235931685
 10
27.26604907401114
 20
11.858880235931686
 10
27.22604907401114
 20
11.858880235931686
 10
27.22604907401114
 20
11.798880235931685
  0
LWPOLYLINE
  5
4A1
330
17
100
AcDbEntity
  8
NUMBERS
100
AcDbPolyline
 90
2
 70
0
 10
27.22604907401114
 20
11.798880235931685
 10
27.26604907401114
 20
11.858880235931686
  0
LWPOLYLINE
  5
4A2
330
17
100
AcDbEntity
  8
NUMBERS
100
AcDbPolyline
 90
5
 70
0
 10
27.28204907401114
 20
11.798880235931685
 10
27.32204907401114
 20
11.798880235931685
 10
27.32204907401114
 20
11.858880235931686
 10
27.28204907401114
 20
11.858880235931686
 10
27.28204907401114
 20
11.798880235931685
  0
LWPOLYLINE
  5
4A3
330
17
100
AcDbEntity
  8
NUMBERS
100
AcDbPolyline
 90
2
 70
0
 10
27.28204907401114
 20
11.798880235931685
 10
27.32204907401114
 20
11.858880235931686
  0
LWPOLYLINE
  5
4A4
330
17
100
AcDbEntity
  8
NUMBERS
100
AcDbPolyline
 90
3
 70
0
 10
27.34804907401114
 20
11.848880235931686
 10
27.35804907401114
 20
11.858880235931686
 10
27.35804907401114
 20
11.798880235931685
  0
LWPOLYLINE
  5
4A5
330
17
100
AcDbEntity
  8
NUMBERS
100
AcDbPolyline
 90
2
 70
0
 10
27.34804907401114
 20
11.798880235931685
 10
27.36804907401114
 20
11.798880235931685
  0
LWPOLYLINE
  5
4A6
330
17
100
AcDbEntity
  8
NUMBERS
100
AcDbPolyline
 90
6
 70
0
 10
14.207134146303131
 20
11.47870945020497
 10
14.16713414630313
 20
11.47870945020497
 10
14.16713414630313
 20
11.448709450204971
 10
14.207134146303131
 20
11.448709450204971
 10
14.207134146303131
 20
11.41870945020497
 10
14.16713414630313
 20
11.41870945020497
  0
LWPOLYLINE
  5
4A7
330
17
100
AcDbEntity
  8
NUMBERS
100
AcDbPolyline
 90
2
 70
0
 10
14.223134146303131
 20
11.47870945020497
 10
14.26313414630313
 20
11.47870945020497
  0
LWPOLYLINE
  5
4A8
330
17
100
AcDbEntity
  8
NUMBERS
100
AcDbPolyline
 90
2
 70
0
 10
14.243134146303131
 20
11.47870945020497
 10
14.243134146303131
 20
11.41870945020497
  0
LWPOLYLINE
  5
4A9
330
17
100
AcDbEntity
  8
NUMBERS
100
AcDbPolyline
 90
5
 70
0
 10
14.27913414630313
 20
11.41870945020497
 10
14.319134146303131
 20
11.41870945020497
 10
14.319134146303131
 20
11.47870945020497
 10
14.27913414630313
 20
11.47870945020497
 10
14.27913414630313
 20
11.41870945020497
  0
LWPOLYLINE
  5
4AA
330
17
100
AcDbEntity
  8
NUMBERS
100
AcDbPolyline
 90
2
 70
0
 10
14.27913414630313
 20
11.41870945020497
 10
14.319134146303131
 20
11.47870945020497
  0
LWPOLYLINE
  5
4AB
330
17
100
AcDbEntity
  8
NUMBERS
100
AcDbPolyline
 90
3
 70
0
 10
14.345134146303131
 20
11.46870945020497
 10
14.355134146303131
 20
11.47870945020497
 10
14.355134146303131
 20
11.41870945020497
  0
LWPOLYLINE
  5
4AC
330
17
100
AcDbEntity
  8
NUMBERS
100
AcDbPolyline
 90
2
 70
0
 10
14.345134146303131
 20
11.41870945020497
 10
14.36513414630313
 20
11.41870945020497
  0
LWPOLYLINE
  5
4AD
330
17
100
AcDbEntity
  8
NUMBERS
100
AcDbPolyline
 90
5
 70
0
 10
14.39113414630313
 20
11.41870945020497
 10
14.431134146303132
 20
11.41870945020497
 10
14.431134146303132
 20
11.47870945020497
 10
14.39113414630313
 20
11.47870945020497
 10
14.39113414630313
 20
11.41870945020497
  0
LWPOLYLINE
  5
4AE
330
17
100
AcDbEntity
  8
NUMBERS
100
AcDbPolyline
 90
2
 70
0
 10
14.39113414630313
 20
11.41870945020497
 10
14.431134146303132
 20
11.47870945020497
  0
LWPOLYLINE
  5
4AF
330
17
100
AcDbEntity
  8
NUMBERS
100
AcDbPolyline
 90
7
 70
0
 10
15.051222072812317
 20
11.85735427092513
 10
15.111222072812318
 20
11.85735427092513
 10
15.111222072812318
 20
11.83235427092513
 10
15.096222072812317
 20
11.81735427092513
 10
15.066222072812318
 20
11.81735427092513
 10
15.051222072812317
 20
11.83235427092513
 10
15.051222072812317
 20
11.85735427092513
  0
LWPOLYLINE
  5
4B0
330
17
100
AcDbEntity
  8
NUMBERS
100
AcDbPolyline
 90
4
 70
0
 10
15.111222072812318
 20
11.76135427092513
 10
15.111222072812318
 20
11.80135427092513
 10
15.051222072812317
 20
11.80135427092513
 10
15.051222072812317
 20
11.76135427092513
  0
LWPOLYLINE
  5
4B1
330
17
100
AcDbEntity
  8
NUMBERS
100
AcDbPolyline
 90
2
 70
0
 10
15.081222072812318
 20
11.80135427092513
 10
15.081222072812318
 20
11.77135427092513
  0
LWPOLYLINE
  5
4B2
330
17
100
AcDbEntity
  8
NUMBERS
100
AcDbPolyline
 90
5
 70
0
 10
15.051222072812317
 20
11.74535427092513
 10
15.051222072812317
 20
11.705354270925131
 10
15.111222072812318
 20
11.705354270925131
 10
15.111222072812318
 20
11.74535427092513
 10
15.051222072812317
 20
11.74535427092513
  0
LWPOLYLINE
  5
4B3
330
17
100
AcDbEntity
  8
NUMBERS
100
AcDbPolyline
 90
2
 70
0
 10
15.051222072812317
 20
11.74535427092513
 10
15.111222072812318
 20
11.705354270925131
  0
LWPOLYLINE
  5
4B4
330
17
100
AcDbEntity
  8
NUMBERS
100
AcDbPolyline
 90
5
 70
0
 10
15.051222072812317
 20
11.68935427092513
 10
15.051222072812317
 20
11.64935427092513
 10
15.111222072812318
 20
11.64935427092513
 10
15.111222072812318
 20
11.68935427092513
 10
15.051222072812317
 20
11.68935427092513
  0
LWPOLYLINE
  5
4B5
330
17
100
AcDbEntity
  8
NUMBERS
100
AcDbPolyline
 90
2
 70
0
 10
15.051222072812317
 20
11.68935427092513
 10
15.111222072812318
 20
11.64935427092513
  0
LWPOLYLINE
  5
4B6
330
17
100
AcDbEntity
  8
NUMBERS
100
AcDbPolyline
 90
4
 70
0
 10
15.051222072812317
 20
11.60335427092513
 10
15.111222072812318
 20
11.60335427092513
 10
15.071222072812317
 20
11.63335427092513
 10
15.071222072812317
 20
11.593354270925131
  0
LWPOLYLINE
  5
4B7
330
17
100
AcDbEntity
  8
NUMBERS
100
AcDbPolyline
 90
7
 70
0
 10
22.60686976606169
 20
11.299693057375665
 10
22.556869766061688
 20
11.299693057375665
 10
22.556869766061688
 20
11.320526390708999
 10
22.569369766061687
 20
11.333026390708998
 10
22.59436976606169
 20
11.333026390708998
 10
22.60686976606169
 20
11.320526390708999
 10
22.60686976606169
 20
11.299693057375665
  0
LWPOLYLINE
  5
4B8
330
17
100
AcDbEntity
  8
NUMBERS
100
AcDbPolyline
 90
4
 70
0
 10
22.556869766061688
 20
11.379693057375665
 10
22.556869766061688
 20
11.346359724042332
 10
22.60686976606169
 20
11.346359724042332
 10
22.60686976606169
 20
11.379693057375665
  0
LWPOLYLINE
  5
4B9
330
17
100
AcDbEntity
  8
NUMBERS
100
AcDbPolyline
 90
2
 70
0
 10
22.581869766061686
 20
11.346359724042332
 10
22.581869766061686
 20
11.371359724042332
  0
LWPOLYLINE
  5
4BA
330
17
100
AcDbEntity
  8
NUMBERS
100
AcDbPolyline
 90
5
 70
0
 10
22.60686976606169
 20
11.393026390708998
 10
22.60686976606169
 20
11.426359724042332
 10
22.556869766061688
 20
11.426359724042332
 10
22.556869766061688
 20
11.393026390708998
 10
22.60686976606169
 20
11.393026390708998
  0
LWPOLYLINE
  5
4BB
330
17
100
AcDbEntity
  8
NUMBERS
100
AcDbPolyline
 90
2
 70
0
 10
22.60686976606169
 20
11.393026390708998
 10
22.556869766061688
 20
11.426359724042332
  0
LWPOLYLINE
  5
4BC
330
17
100
AcDbEntity
  8
NUMBERS
100
AcDbPolyline
 90
5
 70
0
 10
22.60686976606169
 20
11.439693057375665
 10
22.60686976606169
 20
11.473026390708998
 10
22.556869766061688
 20
11.473026390708998
 10
22.556869766061688
 20
11.439693057375665
 10
22.60686976606169
 20
11.439693057375665
  0
LWPOLYLINE
  5
4BD
330
17
100
AcDbEntity
  8
NUMBERS
100
AcDbPolyline
 90
2
 70
0
 10
22.60686976606169
 20
11.439693057375665
 10
22.556869766061688
 20
11.473026390708998
  0
LWPOLYLINE
  5
4BE
330
17
100
AcDbEntity
  8
NUMBERS
100
AcDbPolyline
 90
7
 70
0
 10
22.556869766061688
 20
11.486359724042332
 10
22.556869766061688
 20
11.519693057375665
 10
22.57770309939502
 20
11.503026390708998
 10
22.586036432728353
 20
11.519693057375665
 10
22.598536432728356
 20
11.519693057375665
 10
22.60686976606169
 20
11.51135972404233
 10
22.60686976606169
 20
11.486359724042332
  0
LWPOLYLINE
  5
4BF
330
17
100
AcDbEntity
  8
NUMBERS
100
AcDbPolyline
 90
7
 70
0
 10
22.998436475699453
 20
1.747709973753281
 10
22.998436475699453
 20
1.7977099737532811
 10
23.019269809032785
 20
1.7977099737532811
 10
23.031769809032788
 20
1.7852099737532812
 10
23.031769809032788
 20
1.760209973753281
 10
23.019269809032785
 20
1.747709973753281
 10
22.998436475699453
 20
1.747709973753281
  0
LWPOLYLINE
  5
4C0
330
17
100
AcDbEntity
  8
NUMBERS
100
AcDbPolyline
 90
4
 70
0
 10
23.07843647569945
 20
1.7977099737532811
 10
23.04510314236612
 20
1.7977099737532811
 10
23.04510314236612
 20
1.747709973753281
 10
23.07843647569945
 20
1.747709973753281
  0
LWPOLYLINE
  5
4C1
330
17
100
AcDbEntity
  8
NUMBERS
100
AcDbPolyline
 90
2
 70
0
 10
23.04510314236612
 20
1.772709973753281
 10
23.07010314236612
 20
1.772709973753281
  0
LWPOLYLINE
  5
4C2
330
17
100
AcDbEntity
  8
NUMBERS
100
AcDbPolyline
 90
5
 70
0
 10
23.091769809032787
 20
1.747709973753281
 10
23.125103142366118
 20
1.747709973753281
 10
23.125103142366118
 20
1.7977099737532811
 10
23.091769809032787
 20
1.7977099737532811
 10
23.091769809032787
 20
1.747709973753281
  0
LWPOLYLINE
  5
4C3
330
17
100
AcDbEntity
  8
NUMBERS
100
AcDbPolyline
 90
2
 70
0
 10
23.091769809032787
 20
1.747709973753281
 10
23.125103142366118
 20
1.7977099737532811
  0
LWPOLYLINE
  5
4C4
330
17
100
AcDbEntity
  8
NUMBERS
100
AcDbPolyline
 90
5
 70
0
 10
23.138436475699454
 20
1.747709973753281
 10
23.171769809032785
 20
1.747709973753281
 10
23.171769809032785
 20
1.7977099737532811
 10
23.138436475699454
 20
1.7977099737532811
 10
23.138436475699454
 20
1.747709973753281
  0
LWPOLYLINE
  5
4C5
330
17
100
AcDbEntity
  8
NUMBERS
100
AcDbPolyline
 90
2
 70
0
 10
23.138436475699454
 20
1.747709973753281
 10
23.171769809032785
 20
1.7977099737532811
  0
LWPOLYLINE
  5
4C6
330
17
100
AcDbEntity
  8
NUMBERS
100
AcDbPolyline
 90
7
 70
0
 10
23.18510314236612
 20
1.7893766404199478
 10
23.193436475699453
 20
1.7977099737532811
 10
23.21010314236612
 20
1.7977099737532811
 10
23.218436475699452
 20
1.7893766404199478
 10
23.218436475699452
 20
1.7810433070866145
 10
23.18510314236612
 20
1.747709973753281
 10
23.218436475699452
 20
1.747709973753281
  0
LWPOLYLINE
  5
4C7
330
17
100
AcDbEntity
  8
NUMBERS
100
AcDbPolyline
 90
6
 70
0
 10
0.6033333333333334
 20
0.28
 10
0.55
 20
0.28
 10
0.55
 20
0.24000000000000002
 10
0.6033333333333334
 20
0.24000000000000002
 10
0.6033333333333334
 20
0.2
 10
0.55
 20
0.2
  0
LWPOLYLINE
  5
4C8
330
17
100
AcDbEntity
  8
NUMBERS
100
AcDbPolyline
 90
2
 70
0
 10
0.6246666666666667
 20
0.2
 10
0.6246666666666667
 20
0.28
  0
LWPOLYLINE
  5
4C9
330
17
100
AcDbEntity
  8
NUMBERS
100
AcDbPolyline
 90
2
 70
0
 10
0.678
 20
0.2
 10
0.678
 20
0.28
  0
LWPOLYLINE
  5
4CA
330
17
100
AcDbEntity
  8
NUMBERS
100
AcDbPolyline
 90
2
 70
0
 10
0.6246666666666667
 20
0.24000000000000002
 10
0.678
 20
0.24000000000000002
  0
LWPOLYLINE
  5
4CB
330
17
100
AcDbEntity
  8
NUMBERS
100
AcDbPolyline
 90
4
 70
0
 10
0.7526666666666667
 20
0.28
 10
0.6993333333333334
 20
0.28
 10
0.6993333333333334
 20
0.2
 10
0.7526666666666667
 20
0.2
  0
LWPOLYLINE
  5
4CC
330
17
100
AcDbEntity
  8
NUMBERS
100
AcDbPolyline
 90
2
 70
0
 10
0.6993333333333334
 20
0.24000000000000002
 10
0.7393333333333334
 20
0.24000000000000002
  0
LWPOLYLINE
  5
4CD
330
17
100
AcDbEntity
  8
NUMBERS
100
AcDbPolyline
 90
4
 70
0
 10
0.8273333333333334
 20
0.28
 10
0.774
 20
0.28
 10
0.774
 20
0.2
 10
0.8273333333333334
 20
0.2
  0
LWPOLYLINE
  5
4CE
330
17
100
AcDbEntity
  8
NUMBERS
100
AcDbPolyline
 90
2
 70
0
 10
0.774
 20
0.24000000000000002
 10
0.8140000000000001
 20
0.24000000000000002
  0
LWPOLYLINE
  5
4CF
330
17
100
AcDbEntity
  8
NUMBERS
100
AcDbPolyline
 90
2
 70
0
 10
0.8486666666666667
 20
0.28
 10
0.902
 20
0.28
  0
LWPOLYLINE
  5
4D0
330
17
100
AcDbEntity
  8
NUMBERS
100
AcDbPolyline
 90
2
 70
0
 10
0.8753333333333333
 20
0.28
 10
0.8753333333333333
 20
0.2
  0
LWPOLYLINE
  5
4D1
330
17
100
AcDbEntity
  8
NUMBERS
100
AcDbPolyline
 90
2
 70
0
 10
0.9300000000000002
 20
0.24000000000000002
 10
0.9700000000000001
 20
0.24000000000000002
  0
LWPOLYLINE
  5
4D2
330
17
100
AcDbEntity
  8
NUMBERS
100
AcDbPolyline
 90
5
 70
0
 10
0.998
 20
0.2
 10
1.0513333333333335
 20
0.2
 10
1.0513333333333335
 20
0.28
 10
0.998
 20
0.28
 10
0.998
 20
0.2
  0
LWPOLYLINE
  5
4D3
330
17
100
AcDbEntity
  8
NUMBERS
100
AcDbPolyline
 90
2
 70
0
 10
0.998
 20
0.2
 10
1.0513333333333335
 20
0.28
  0
LWPOLYLINE
  5
4D4
330
17
100
AcDbEntity
  8
NUMBERS
100
AcDbPolyline
 90
7
 70
0
 10
1.0726666666666667
 20
0.28
 10
1.126
 20
0.28
 10
1.0993333333333333
 20
0.2466666666666667
 10
1.126
 20
0.23333333333333334
 10
1.126
 20
0.21333333333333335
 10
1.1126666666666667
 20
0.2
 10
1.0726666666666667
 20
0.2
  0
LWPOLYLINE
  5
4D5
330
17
100
AcDbEntity
  8
NUMBERS
100
AcDbPolyline
 90
6
 70
0
 10
1.35
 20
0.28
 10
1.2966666666666669
 20
0.28
 10
1.2966666666666669
 20
0.24000000000000002
 10
1.35
 20
0.24000000000000002
 10
1.35
 20
0.2
 10
1.2966666666666669
 20
0.2
  0
LWPOLYLINE
  5
4D6
330
17
100
AcDbEntity
  8
NUMBERS
100
AcDbPolyline
 90
2
 70
0
 10
1.3713333333333335
 20
0.28
 10
1.424666666666667
 20
0.28
  0
LWPOLYLINE
  5
4D7
330
17
100
AcDbEntity
  8
NUMBERS
100
AcDbPolyline
 90
2
 70
0
 10
1.3980000000000001
 20
0.28
 10
1.3980000000000001
 20
0.2
  0
LWPOLYLINE
  5
4D8
330
17
100
AcDbEntity
  8
NUMBERS
100
AcDbPolyline
 90
6
 70
0
 10
1.4460000000000002
 20
0.2
 10
1.4460000000000002
 20
0.28
 10
1.4993333333333334
 20
0.28
 10
1.4993333333333334
 20
0.24000000000000002
 10
1.4460000000000002
 20
0.24000000000000002
 10
1.4993333333333334
 20
0.2
  0
LWPOLYLINE
  5
4D9
330
17
100
AcDbEntity
  8
NUMBERS
100
AcDbPolyline
 90
4
 70
0
 10
1.5206666666666668
 20
0.28
 10
1.5206666666666668
 20
0.2
 10
1.5740000000000003
 20
0.2
 10
1.5740000000000003
 20
0.28
  0
LWPOLYLINE
  5
4DA
330
17
100
AcDbEntity
  8
NUMBERS
100
AcDbPolyline
 90
4
 70
0
 10
1.6486666666666667
 20
0.28
 10
1.5953333333333335
 20
0.28
 10
1.5953333333333335
 20
0.2
 10
1.6486666666666667
 20
0.2
  0
LWPOLYLINE
  5
4DB
330
17
100
AcDbEntity
  8
NUMBERS
100
AcDbPolyline
 90
2
 70
0
 10
1.6700000000000002
 20
0.28
 10
1.7233333333333336
 20
0.28
  0
LWPOLYLINE
  5
4DC
330
17
100
AcDbEntity
  8
NUMBERS
100
AcDbPolyline
 90
2
 70
0
 10
1.6966666666666668
 20
0.28
 10
1.6966666666666668
 20
0.2
  0
LWPOLYLINE
  5
4DD
330
17
100
AcDbEntity
  8
NUMBERS
100
AcDbPolyline
 90
4
 70
0
 10
1.7446666666666668
 20
0.28
 10
1.7446666666666668
 20
0.2
 10
1.798
 20
0.2
 10
1.798
 20
0.28
  0
LWPOLYLINE
  5
4DE
330
17
100
AcDbEntity
  8
NUMBERS
100
AcDbPolyline
 90
6
 70
0
 10
1.8193333333333335
 20
0.2
 10
1.8193333333333335
 20
0.28
 10
1.872666666666667
 20
0.28
 10
1.872666666666667
 20
0.24000000000000002
 10
1.8193333333333335
 20
0.24000000000000002
 10
1.872666666666667
 20
0.2
  0
LWPOLYLINE
  5
4DF
330
17
100
AcDbEntity
  8
NUMBERS
100
AcDbPolyline
 90
4
 70
0
 10
1.9473333333333338
 20
0.28
 10
1.8940000000000003
 20
0.28
 10
1.8940000000000003
 20
0.2
 10
1.9473333333333338
 20
0.2
  0
LWPOLYLINE
  5
4E0
330
17
100
AcDbEntity
  8
NUMBERS
100
AcDbPolyline
 90
2
 70
0
 10
1.8940000000000003
 20
0.24000000000000002
 10
1.9340000000000004
 20
0.24000000000000002
  0
LWPOLYLINE
  5
4E1
330
17
100
AcDbEntity
  8
NUMBERS
100
AcDbPolyline
 90
2
 70
0
 10
2.0500000000000007
 20
0.24000000000000002
 10
2.0900000000000007
 20
0.24000000000000002
  0
LWPOLYLINE
  5
4E2
330
17
100
AcDbEntity
  8
NUMBERS
100
AcDbPolyline
 90
2
 70
0
 10
2.0700000000000007
 20
0.22000000000000003
 10
2.0700000000000007
 20
0.26
  0
LWPOLYLINE
  5
4E3
330
17
100
AcDbEntity
  8
NUMBERS
100
AcDbPolyline
 90
3
 70
0
 10
2.246
 20
0.28
 10
2.1926666666666668
 20
0.28
 10
2.1926666666666668
 20
0.2
  0
LWPOLYLINE
  5
4E4
330
17
100
AcDbEntity
  8
NUMBERS
100
AcDbPolyline
 90
2
 70
0
 10
2.1926666666666668
 20
0.24000000000000002
 10
2.232666666666667
 20
0.24000000000000002
  0
LWPOLYLINE
  5
4E5
330
17
100
AcDbEntity
  8
NUMBERS
100
AcDbPolyline
 90
3
 70
0
 10
2.267333333333333
 20
0.28
 10
2.267333333333333
 20
0.2
 10
2.3206666666666664
 20
0.2
  0
LWPOLYLINE
  5
4E6
330
17
100
AcDbEntity
  8
NUMBERS
100
AcDbPolyline
 90
5
 70
0
 10
2.342
 20
0.2
 10
2.3953333333333333
 20
0.2
 10
2.3953333333333333
 20
0.28
 10
2.342
 20
0.28
 10
2.342
 20
0.2
  0
LWPOLYLINE
  5
4E7
330
17
100
AcDbEntity
  8
NUMBERS
100
AcDbPolyline
 90
5
 70
0
 10
2.416666666666667
 20
0.2
 10
2.47
 20
0.2
 10
2.47
 20
0.28
 10
2.416666666666667
 20
0.28
 10
2.416666666666667
 20
0.2
  0
LWPOLYLINE
  5
4E8
330
17
100
AcDbEntity
  8
NUMBERS
100
AcDbPolyline
 90
6
 70
0
 10
2.4913333333333334
 20
0.2
 10
2.4913333333333334
 20
0.28
 10
2.5446666666666666
 20
0.28
 10
2.5446666666666666
 20
0.24000000000000002
 10
2.4913333333333334
 20
0.24000000000000002
 10
2.5446666666666666
 20
0.2
  0
LWPOLYLINE
  5
4E9
330
17
100
AcDbEntity
  8
NUMBERS
100
AcDbPolyline
 90
6
 70
0
 10
2.619333333333334
 20
0.28
 10
2.5660000000000007
 20
0.28
 10
2.5660000000000007
 20
0.24000000000000002
 10
2.619333333333334
 20
0.24000000000000002
 10
2.619333333333334
 20
0.2
 10
2.5660000000000007
 20
0.2
  0
LWPOLYLINE
  5
4EA
330
17
100
AcDbEntity
  8
NUMBERS
100
AcDbPolyline
 90
2
 70
0
 10
2.7220000000000004
 20
0.24000000000000002
 10
2.7620000000000005
 20
0.24000000000000002
  0
LWPOLYLINE
  5
4EB
330
17
100
AcDbEntity
  8
NUMBERS
100
AcDbPolyline
 90
2
 70
0
 10
2.7420000000000004
 20
0.22000000000000003
 10
2.7420000000000004
 20
0.26
  0
LWPOLYLINE
  5
4EC
330
17
100
AcDbEntity
  8
NUMBERS
100
AcDbPolyline
 90
6
 70
0
 10
2.9180000000000006
 20
0.28
 10
2.8646666666666674
 20
0.28
 10
2.8646666666666674
 20
0.2
 10
2.9180000000000006
 20
0.2
 10
2.9180000000000006
 20
0.24000000000000002
 10
2.891333333333334
 20
0.24000000000000002
  0
LWPOLYLINE
  5
4ED
330
17
100
AcDbEntity
  8
NUMBERS
100
AcDbPolyline
 90
3
 70
0
 10
2.939333333333334
 20
0.28
 10
2.939333333333334
 20
0.2
 10
2.992666666666667
 20
0.2
  0
LWPOLYLINE
  5
4EE
330
17
100
AcDbEntity
  8
NUMBERS
100
AcDbPolyline
 90
5
 70
0
 10
3.0140000000000002
 20
0.2
 10
3.0140000000000002
 20
0.25333333333333335
 10
3.040666666666667
 20
0.28
 10
3.0673333333333335
 20
0.25333333333333335
 10
3.0673333333333335
 20
0.2
  0
LWPOLYLINE
  5
4EF
330
17
100
AcDbEntity
  8
NUMBERS
100
AcDbPolyline
 90
2
 70
0
 10
3.0140000000000002
 20
0.24000000000000002
 10
3.0673333333333335
 20
0.24000000000000002
  0
LWPOLYLINE
  5
4F0
330
17
100
AcDbEntity
  8
NUMBERS
100
AcDbPolyline
 90
4
 70
0
 10
3.0886666666666667
 20
0.28
 10
3.142
 20
0.28
 10
3.0886666666666667
 20
0.2
 10
3.142
 20
0.2
  0
LWPOLYLINE
  5
4F1
330
17
100
AcDbEntity
  8
NUMBERS
100
AcDbPolyline
 90
2
 70
0
 10
3.176666666666667
 20
0.2
 10
3.203333333333334
 20
0.2
  0
LWPOLYLINE
  5
4F2
330
17
100
AcDbEntity
  8
NUMBERS
100
AcDbPolyline
 90
2
 70
0
 10
3.190000000000001
 20
0.2
 10
3.190000000000001
 20
0.28
  0
LWPOLYLINE
  5
4F3
330
17
100
AcDbEntity
  8
NUMBERS
100
AcDbPolyline
 90
2
 70
0
 10
3.176666666666667
 20
0.28
 10
3.203333333333334
 20
0.28
  0
LWPOLYLINE
  5
4F4
330
17
100
AcDbEntity
  8
NUMBERS
100
AcDbPolyline
 90
4
 70
0
 10
3.2380000000000004
 20
0.2
 10
3.2380000000000004
 20
0.28
 10
3.2913333333333337
 20
0.2
 10
3.2913333333333337
 20
0.28
  0
LWPOLYLINE
  5
4F5
330
17
100
AcDbEntity
  8
NUMBERS
100
AcDbPolyline
 90
6
 70
0
 10
3.366
 20
0.28
 10
3.312666666666667
 20
0.28
 10
3.312666666666667
 20
0.2
 10
3.366
 20
0.2
 10
3.366
 20
0.24000000000000002
 10
3.3393333333333337
 20
0.24000000000000002
  0
LWPOLYLINE
  5
4F6
330
17
100
AcDbEntity
  8
NUMBERS
100
AcDbPolyline
 90
3
 70
0
 10
3.515333333333334
 20
0.28
 10
3.4620000000000006
 20
0.28
 10
3.4620000000000006
 20
0.2
  0
LWPOLYLINE
  5
4F7
330
17
100
AcDbEntity
  8
NUMBERS
100
AcDbPolyline
 90
2
 70
0
 10
3.4620000000000006
 20
0.24000000000000002
 10
3.5020000000000007
 20
0.24000000000000002
  0
LWPOLYLINE
  5
4F8
330
17
100
AcDbEntity
  8
NUMBERS
100
AcDbPolyline
 90
6
 70
0
 10
3.536666666666667
 20
0.2
 10
3.536666666666667
 20
0.28
 10
3.5900000000000003
 20
0.28
 10
3.5900000000000003
 20
0.24000000000000002
 10
3.536666666666667
 20
0.24000000000000002
 10
3.5900000000000003
 20
0.2
  0
LWPOLYLINE
  5
4F9
330
17
100
AcDbEntity
  8
NUMBERS
100
AcDbPolyline
 90
5
 70
0
 10
3.6113333333333335
 20
0.2
 10
3.6113333333333335
 20
0.25333333333333335
 10
3.6380000000000003
 20
0.28
 10
3.6646666666666667
 20
0.25333333333333335
 10
3.6646666666666667
 20
0.2
  0
LWPOLYLINE
  5
4FA
330
17
100
AcDbEntity
  8
NUMBERS
100
AcDbPolyline
 90
2
 70
0
 10
3.6113333333333335
 20
0.24000000000000002
 10
3.6646666666666667
 20
0.24000000000000002
  0
LWPOLYLINE
  5
4FB
330
17
100
AcDbEntity
  8
NUMBERS
100
AcDbPolyline
 90
5
 70
0
 10
3.686000000000001
 20
0.2
 10
3.686000000000001
 20
0.28
 10
3.7126666666666677
 20
0.24000000000000002
 10
3.739333333333334
 20
0.28
 10
3.739333333333334
 20
0.2
  0
LWPOLYLINE
  5
4FC
330
17
100
AcDbEntity
  8
NUMBERS
100
AcDbPolyline
 90
4
 70
0
 10
3.8140000000000005
 20
0.28
 10
3.7606666666666673
 20
0.28
 10
3.7606666666666673
 20
0.2
 10
3.8140000000000005
 20
0.2
  0
LWPOLYLINE
  5
4FD
330
17
100
AcDbEntity
  8
NUMBERS
100
AcDbPolyline
 90
2
 70
0
 10
3.7606666666666673
 20
0.24000000000000002
 10
3.8006666666666673
 20
0.24000000000000002
  0
LWPOLYLINE
  5
4FE
330
17
100
AcDbEntity
  8
NUMBERS
100
AcDbPolyline
 90
6
 70
0
 10
3.888666666666667
 20
0.28
 10
3.8353333333333337
 20
0.28
 10
3.8353333333333337
 20
0.24000000000000002
 10
3.888666666666667
 20
0.24000000000000002
 10
3.888666666666667
 20
0.2
 10
3.8353333333333337
 20
0.2
  0
LWPOLYLINE
  5
4FF
330
17
100
AcDbEntity
  8
NUMBERS
100
AcDbPolyline
 90
2
 70
0
 10
3.9913333333333334
 20
0.24000000000000002
 10
4.031333333333333
 20
0.24000000000000002
  0
LWPOLYLINE
  5
500
330
17
100
AcDbEntity
  8
NUMBERS
100
AcDbPolyline
 90
2
 70
0
 10
4.011333333333333
 20
0.22000000000000003
 10
4.011333333333333
 20
0.26
  0
LWPOLYLINE
  5
501
330
17
100
AcDbEntity
  8
NUMBERS
100
AcDbPolyline
 90
4
 70
0
 10
4.187333333333334
 20
0.28
 10
4.134
 20
0.28
 10
4.134
 20
0.2
 10
4.187333333333334
 20
0.2
  0
LWPOLYLINE
  5
502
330
17
100
AcDbEntity
  8
NUMBERS
100
AcDbPolyline
 90
2
 70
0
 10
4.222
 20
0.2
 10
4.248666666666667
 20
0.2
  0
LWPOLYLINE
  5
503
330
17
100
AcDbEntity
  8
NUMBERS
100
AcDbPolyline
 90
2
 70
0
 10
4.235333333333333
 20
0.2
 10
4.235333333333333
 20
0.28
  0
LWPOLYLINE
  5
504
330
17
100
AcDbEntity
  8
NUMBERS
100
AcDbPolyline
 90
2
 70
0
 10
4.222
 20
0.28
 10
4.248666666666667
 20
0.28
  0
LWPOLYLINE
  5
505
330
17
100
AcDbEntity
  8
NUMBERS
100
AcDbPolyline
 90
6
 70
0
 10
4.283333333333334
 20
0.2
 10
4.283333333333334
 20
0.28
 10
4.336666666666668
 20
0.28
 10
4.336666666666668
 20
0.24000000000000002
 10
4.283333333333334
 20
0.24000000000000002
 10
4.336666666666668
 20
0.2
  0
LWPOLYLINE
  5
506
330
17
100
AcDbEntity
  8
NUMBERS
100
AcDbPolyline
 90
4
 70
0
 10
4.411333333333334
 20
0.28
 10
4.3580000000000005
 20
0.28
 10
4.3580000000000005
 20
0.2
 10
4.411333333333334
 20
0.2
  0
LWPOLYLINE
  5
507
330
17
100
AcDbEntity
  8
NUMBERS
100
AcDbPolyline
 90
4
 70
0
 10
4.432666666666667
 20
0.28
 10
4.432666666666667
 20
0.2
 10
4.486000000000001
 20
0.2
 10
4.486000000000001
 20
0.28
  0
LWPOLYLINE
  5
508
330
17
100
AcDbEntity
  8
NUMBERS
100
AcDbPolyline
 90
3
 70
0
 10
4.507333333333333
 20
0.28
 10
4.507333333333333
 20
0.2
 10
4.560666666666667
 20
0.2
  0
LWPOLYLINE
  5
509
330
17
100
AcDbEntity
  8
NUMBERS
100
AcDbPolyline
 90
5
 70
0
 10
4.582000000000001
 20
0.2
 10
4.582000000000001
 20
0.25333333333333335
 10
4.608666666666667
 20
0.28
 10
4.635333333333334
 20
0.25333333333333335
 10
4.635333333333334
 20
0.2
  0
LWPOLYLINE
  5
50A
330
17
100
AcDbEntity
  8
NUMBERS
100
AcDbPolyline
 90
2
 70
0
 10
4.582000000000001
 20
0.24000000000000002
 10
4.635333333333334
 20
0.24000000000000002
  0
LWPOLYLINE
  5
50B
330
17
100
AcDbEntity
  8
NUMBERS
100
AcDbPolyline
 90
2
 70
0
 10
4.656666666666667
 20
0.28
 10
4.710000000000001
 20
0.28
  0
LWPOLYLINE
  5
50C
330
17
100
AcDbEntity
  8
NUMBERS
100
AcDbPolyline
 90
2
 70
0
 10
4.683333333333334
 20
0.28
 10
4.683333333333334
 20
0.2
  0
LWPOLYLINE
  5
50D
330
17
100
AcDbEntity
  8
NUMBERS
100
AcDbPolyline
 90
2
 70
0
 10
4.744666666666667
 20
0.2
 10
4.771333333333334
 20
0.2
  0
LWPOLYLINE
  5
50E
330
17
100
AcDbEntity
  8
NUMBERS
100
AcDbPolyline
 90
2
 70
0
 10
4.758
 20
0.2
 10
4.758
 20
0.28
  0
LWPOLYLINE
  5
50F
330
17
100
AcDbEntity
  8
NUMBERS
100
AcDbPolyline
 90
2
 70
0
 10
4.744666666666667
 20
0.28
 10
4.771333333333334
 20
0.28
  0
LWPOLYLINE
  5
510
330
17
100
AcDbEntity
  8
NUMBERS
100
AcDbPolyline
 90
5
 70
0
 10
4.806000000000001
 20
0.2
 10
4.859333333333335
 20
0.2
 10
4.859333333333335
 20
0.28
 10
4.806000000000001
 20
0.28
 10
4.806000000000001
 20
0.2
  0
LWPOLYLINE
  5
511
330
17
100
AcDbEntity
  8
NUMBERS
100
AcDbPolyline
 90
4
 70
0
 10
4.8806666666666665
 20
0.2
 10
4.8806666666666665
 20
0.28
 10
4.934
 20
0.2
 10
4.934
 20
0.28
  0
LWPOLYLINE
  5
512
330
17
100
AcDbEntity
  8
NUMBERS
100
AcDbPolyline
 90
2
 70
0
 10
5.036666666666667
 20
0.24000000000000002
 10
5.076666666666667
 20
0.24000000000000002
  0
LWPOLYLINE
  5
513
330
17
100
AcDbEntity
  8
NUMBERS
100
AcDbPolyline
 90
2
 70
0
 10
5.056666666666667
 20
0.22000000000000003
 10
5.056666666666667
 20
0.26
  0
LWPOLYLINE
  5
514
330
17
100
AcDbEntity
  8
NUMBERS
100
AcDbPolyline
 90
7
 70
0
 10
5.179333333333334
 20
0.2
 10
5.179333333333334
 20
0.28
 10
5.212666666666667
 20
0.28
 10
5.232666666666668
 20
0.26
 10
5.232666666666668
 20
0.22000000000000003
 10
5.212666666666667
 20
0.2
 10
5.179333333333334
 20
0.2
  0
LWPOLYLINE
  5
515
330
17
100
AcDbEntity
  8
NUMBERS
100
AcDbPolyline
 90
4
 70
0
 10
5.307333333333334
 20
0.28
 10
5.2540000000000004
 20
0.28
 10
5.2540000000000004
 20
0.2
 10
5.307333333333334
 20
0.2
  0
LWPOLYLINE
  5
516
330
17
100
AcDbEntity
  8
NUMBERS
100
AcDbPolyline
 90
2
 70
0
 10
5.2540000000000004
 20
0.24000000000000002
 10
5.2940000000000005
 20
0.24000000000000002
  0
LWPOLYLINE
  5
517
330
17
100
AcDbEntity
  8
NUMBERS
100
AcDbPolyline
 90
2
 70
0
 10
5.328666666666667
 20
0.28
 10
5.382000000000001
 20
0.28
  0
LWPOLYLINE
  5
518
330
17
100
AcDbEntity
  8
NUMBERS
100
AcDbPolyline
 90
2
 70
0
 10
5.355333333333333
 20
0.28
 10
5.355333333333333
 20
0.2
  0
LWPOLYLINE
  5
519
330
17
100
AcDbEntity
  8
NUMBERS
100
AcDbPolyline
 90
5
 70
0
 10
5.403333333333334
 20
0.2
 10
5.403333333333334
 20
0.25333333333333335
 10
5.430000000000001
 20
0.28
 10
5.456666666666668
 20
0.25333333333333335
 10
5.456666666666668
 20
0.2
  0
LWPOLYLINE
  5
51A
330
17
100
AcDbEntity
  8
NUMBERS
100
AcDbPolyline
 90
2
 70
0
 10
5.403333333333334
 20
0.24000000000000002
 10
5.456666666666668
 20
0.24000000000000002
  0
LWPOLYLINE
  5
51B
330
17
100
AcDbEntity
  8
NUMBERS
100
AcDbPolyline
 90
2
 70
0
 10
5.491333333333334
 20
0.2
 10
5.518000000000001
 20
0.2
  0
LWPOLYLINE
  5
51C
330
17
100
AcDbEntity
  8
NUMBERS
100
AcDbPolyline
 90
2
 70
0
 10
5.504666666666667
 20
0.2
 10
5.504666666666667
 20
0.28
  0
LWPOLYLINE
  5
51D
330
17
100
AcDbEntity
  8
NUMBERS
100
AcDbPolyline
 90
2
 70
0
 10
5.491333333333334
 20
0.28
 10
5.518000000000001
 20
0.28
  0
LWPOLYLINE
  5
51E
330
17
100
AcDbEntity
  8
NUMBERS
100
AcDbPolyline
 90
3
 70
0
 10
5.552666666666667
 20
0.28
 10
5.552666666666667
 20
0.2
 10
5.606000000000001
 20
0.2
  0
LWPOLYLINE
  5
51F
330
17
100
AcDbEntity
  8
NUMBERS
100
AcDbPolyline
 90
6
 70
0
 10
5.680666666666667
 20
0.28
 10
5.6273333333333335
 20
0.28
 10
5.6273333333333335
 20
0.24000000000000002
 10
5.680666666666667
 20
0.24000000000000002
 10
5.680666666666667
 20
0.2
 10
5.6273333333333335
 20
0.2
  0
LWPOLYLINE
  5
520
330
17
100
AcDbEntity
  8
NUMBERS
100
AcDbPolyline
 90
4
 70
0
 10
5.816666666666667
 20
0.28
 10
5.796666666666667
 20
0.26
 10
5.796666666666667
 20
0.22000000000000003
 10
5.816666666666667
 20
0.2
  0
LWPOLYLINE
  5
521
330
17
100
AcDbEntity
  8
NUMBERS
100
AcDbPolyline
 90
2
 70
0
 10
5.851333333333334
 20
0.2
 10
5.851333333333334
 20
0.28
  0
LWPOLYLINE
  5
522
330
17
100
AcDbEntity
  8
NUMBERS
100
AcDbPolyline
 90
2
 70
0
 10
5.904666666666667
 20
0.28
 10
5.851333333333334
 20
0.23333333333333334
  0
LWPOLYLINE
  5
523
330
17
100
AcDbEntity
  8
NUMBERS
100
AcDbPolyline
 90
2
 70
0
 10
5.868666666666667
 20
0.2466666666666667
 10
5.904666666666667
 20
0.2
  0
LWPOLYLINE
  5
524
330
17
100
AcDbEntity
  8
NUMBERS
100
AcDbPolyline
 90
2
 70
0
 10
5.939333333333335
 20
0.2
 10
5.966000000000001
 20
0.2
  0
LWPOLYLINE
  5
525
330
17
100
AcDbEntity
  8
NUMBERS
100
AcDbPolyline
 90
2
 70
0
 10
5.952666666666667
 20
0.2
 10
5.952666666666667
 20
0.28
  0
LWPOLYLINE
  5
526
330
17
100
AcDbEntity
  8
NUMBERS
100
AcDbPolyline
 90
2
 70
0
 10
5.939333333333335
 20
0.28
 10
5.966000000000001
 20
0.28
  0
LWPOLYLINE
  5
527
330
17
100
AcDbEntity
  8
NUMBERS
100
AcDbPolyline
 90
2
 70
0
 10
6.000666666666667
 20
0.28
 10
6.054
 20
0.28
  0
LWPOLYLINE
  5
528
330
17
100
AcDbEntity
  8
NUMBERS
100
AcDbPolyline
 90
2
 70
0
 10
6.027333333333333
 20
0.28
 10
6.027333333333333
 20
0.2
  0
LWPOLYLINE
  5
529
330
17
100
AcDbEntity
  8
NUMBERS
100
AcDbPolyline
 90
5
 70
0
 10
6.150000000000001
 20
0.2
 10
6.203333333333335
 20
0.2
 10
6.203333333333335
 20
0.28
 10
6.150000000000001
 20
0.28
 10
6.150000000000001
 20
0.2
  0
LWPOLYLINE
  5
52A
330
17
100
AcDbEntity
  8
NUMBERS
100
AcDbPolyline
 90
2
 70
0
 10
6.150000000000001
 20
0.2
 10
6.203333333333335
 20
0.28
  0
LWPOLYLINE
  5
52B
330
17
100
AcDbEntity
  8
NUMBERS
100
AcDbPolyline
 90
7
 70
0
 10
6.224666666666667
 20
0.2666666666666667
 10
6.238
 20
0.28
 10
6.264666666666667
 20
0.28
 10
6.2780000000000005
 20
0.2666666666666667
 10
6.2780000000000005
 20
0.25333333333333335
 10
6.224666666666667
 20
0.2
 10
6.2780000000000005
 20
0.2
  0
LWPOLYLINE
  5
52C
330
17
100
AcDbEntity
  8
NUMBERS
100
AcDbPolyline
 90
2
 70
0
 10
6.328666666666668
 20
0.20533333333333334
 10
6.320666666666668
 20
0.18666666666666668
  0
LWPOLYLINE
  5
52D
330
17
100
AcDbEntity
  8
NUMBERS
100
AcDbPolyline
 90
5
 70
0
 10
6.448666666666667
 20
0.2
 10
6.502000000000001
 20
0.2
 10
6.502000000000001
 20
0.28
 10
6.448666666666667
 20
0.28
 10
6.448666666666667
 20
0.2
  0
LWPOLYLINE
  5
52E
330
17
100
AcDbEntity
  8
NUMBERS
100
AcDbPolyline
 90
2
 70
0
 10
6.448666666666667
 20
0.2
 10
6.502000000000001
 20
0.28
  0
LWPOLYLINE
  5
52F
330
17
100
AcDbEntity
  8
NUMBERS
100
AcDbPolyline
 90
7
 70
0
 10
6.523333333333334
 20
0.28
 10
6.576666666666668
 20
0.28
 10
6.550000000000001
 20
0.2466666666666667
 10
6.576666666666668
 20
0.23333333333333334
 10
6.576666666666668
 20
0.21333333333333335
 10
6.563333333333334
 20
0.2
 10
6.523333333333334
 20
0.2
  0
LWPOLYLINE
  5
530
330
17
100
AcDbEntity
  8
NUMBERS
100
AcDbPolyline
 90
2
 70
0
 10
6.627333333333334
 20
0.20533333333333334
 10
6.619333333333334
 20
0.18666666666666668
  0
LWPOLYLINE
  5
531
330
17
100
AcDbEntity
  8
NUMBERS
100
AcDbPolyline
 90
5
 70
0
 10
6.747333333333334
 20
0.2
 10
6.800666666666667
 20
0.2
 10
6.800666666666667
 20
0.28
 10
6.747333333333334
 20
0.28
 10
6.747333333333334
 20
0.2
  0
LWPOLYLINE
  5
532
330
17
100
AcDbEntity
  8
NUMBERS
100
AcDbPolyline
 90
2
 70
0
 10
6.747333333333334
 20
0.2
 10
6.800666666666667
 20
0.28
  0
LWPOLYLINE
  5
533
330
17
100
AcDbEntity
  8
NUMBERS
100
AcDbPolyline
 90
8
 70
0
 10
6.875333333333335
 20
0.28
 10
6.822000000000001
 20
0.28
 10
6.822000000000001
 20
0.2466666666666667
 10
6.862000000000001
 20
0.2466666666666667
 10
6.875333333333335
 20
0.23333333333333334
 10
6.875333333333335
 20
0.21333333333333335
 10
6.862000000000001
 20
0.2
 10
6.822000000000001
 20
0.2
  0
LWPOLYLINE
  5
534
330
17
100
AcDbEntity
  8
NUMBERS
100
AcDbPolyline
 90
7
 70
0
 10
6.896666666666667
 20
0.2
 10
6.896666666666667
 20
0.28
 10
6.936666666666667
 20
0.28
 10
6.950000000000001
 20
0.2666666666666667
 10
6.950000000000001
 20
0.25333333333333335
 10
6.936666666666667
 20
0.24000000000000002
 10
6.896666666666667
 20
0.24000000000000002
  0
LWPOLYLINE
  5
535
330
17
100
AcDbEntity
  8
NUMBERS
100
AcDbPolyline
 90
5
 70
0
 10
6.936666666666667
 20
0.24000000000000002
 10
6.950000000000001
 20
0.22666666666666668
 10
6.950000000000001
 20
0.21333333333333335
 10
6.936666666666667
 20
0.2
 10
6.896666666666667
 20
0.2
  0
LWPOLYLINE
  5
536
330
17
100
AcDbEntity
  8
NUMBERS
100
AcDbPolyline
 90
2
 70
0
 10
7.0006666666666675
 20
0.20533333333333334
 10
6.9926666666666675
 20
0.18666666666666668
  0
LWPOLYLINE
  5
537
330
17
100
AcDbEntity
  8
NUMBERS
100
AcDbPolyline
 90
5
 70
0
 10
7.120666666666668
 20
0.2
 10
7.174000000000001
 20
0.2
 10
7.174000000000001
 20
0.28
 10
7.120666666666668
 20
0.28
 10
7.120666666666668
 20
0.2
  0
LWPOLYLINE
  5
538
330
17
100
AcDbEntity
  8
NUMBERS
100
AcDbPolyline
 90
2
 70
0
 10
7.120666666666668
 20
0.2
 10
7.174000000000001
 20
0.28
  0
LWPOLYLINE
  5
539
330
17
100
AcDbEntity
  8
NUMBERS
100
AcDbPolyline
 90
7
 70
0
 10
7.248666666666668
 20
0.28
 10
7.208666666666668
 20
0.28
 10
7.195333333333334
 20
0.2666666666666667
 10
7.195333333333334
 20
0.2
 10
7.248666666666668
 20
0.2
 10
7.248666666666668
 20
0.24000000000000002
 10
7.195333333333334
 20
0.24000000000000002
  0
LWPOLYLINE
  5
53A
330
17
100
AcDbEntity
  8
NUMBERS
100
AcDbPolyline
 90
2
 70
0
 10
7.299333333333334
 20
0.20533333333333334
 10
7.291333333333334
 20
0.18666666666666668
  0
LWPOLYLINE
  5
53B
330
17
100
AcDbEntity
  8
NUMBERS
100
AcDbPolyline
 90
5
 70
0
 10
7.419333333333333
 20
0.2
 10
7.472666666666667
 20
0.2
 10
7.472666666666667
 20
0.28
 10
7.419333333333333
 20
0.28
 10
7.419333333333333
 20
0.2
  0
LWPOLYLINE
  5
53C
330
17
100
AcDbEntity
  8
NUMBERS
100
AcDbPolyline
 90
2
 70
0
 10
7.419333333333333
 20
0.2
 10
7.472666666666667
 20
0.28
  0
LWPOLYLINE
  5
53D
330
17
100
AcDbEntity
  8
NUMBERS
100
AcDbPolyline
 90
5
 70
0
 10
7.494000000000001
 20
0.2
 10
7.547333333333334
 20
0.2
 10
7.547333333333334
 20
0.24000000000000002
 10
7.494000000000001
 20
0.24000000000000002
 10
7.494000000000001
 20
0.2
  0
LWPOLYLINE
  5
53E
330
17
100
AcDbEntity
  8
NUMBERS
100
AcDbPolyline
 90
4
 70
0
 10
7.5006666666666675
 20
0.24000000000000002
 10
7.5006666666666675
 20
0.28
 10
7.5406666666666675
 20
0.28
 10
7.5406666666666675
 20
0.24000000000000002
  0
LWPOLYLINE
  5
53F
330
17
100
AcDbEntity
  8
NUMBERS
100
AcDbPolyline
 90
4
 70
0
 10
7.582000000000002
 20
0.28
 10
7.602000000000001
 20
0.26
 10
7.602000000000001
 20
0.22000000000000003
 10
7.582000000000002
 20
0.2
  0
LWPOLYLINE
  5
540
330
17
100
AcDbEntity
  8
NUMBERS
100
AcDbPolyline
 90
6
 70
0
 10
7.995333333333335
 20
0.28
 10
7.942000000000001
 20
0.28
 10
7.942000000000001
 20
0.24000000000000002
 10
7.995333333333335
 20
0.24000000000000002
 10
7.995333333333335
 20
0.2
 10
7.942000000000001
 20
0.2
  0
LWPOLYLINE
  5
541
330
17
100
AcDbEntity
  8
NUMBERS
100
AcDbPolyline
 90
4
 70
0
 10
8.070000000000002
 20
0.28
 10
8.01666666666667
 20
0.28
 10
8.01666666666667
 20
0.2
 10
8.070000000000002
 20
0.2
  0
LWPOLYLINE
  5
542
330
17
100
AcDbEntity
  8
NUMBERS
100
AcDbPolyline
 90
5
 70
0
 10
8.091333333333333
 20
0.2
 10
8.091333333333333
 20
0.25333333333333335
 10
8.118
 20
0.28
 10
8.144666666666666
 20
0.25333333333333335
 10
8.144666666666666
 20
0.2
  0
LWPOLYLINE
  5
543
330
17
100
AcDbEntity
  8
NUMBERS
100
AcDbPolyline
 90
2
 70
0
 10
8.091333333333333
 20
0.24000000000000002
 10
8.144666666666666
 20
0.24000000000000002
  0
LWPOLYLINE
  5
544
330
17
100
AcDbEntity
  8
NUMBERS
100
AcDbPolyline
 90
3
 70
0
 10
8.166
 20
0.28
 10
8.166
 20
0.2
 10
8.219333333333333
 20
0.2
  0
LWPOLYLINE
  5
545
330
17
100
AcDbEntity
  8
NUMBERS
100
AcDbPolyline
 90
4
 70
0
 10
8.294
 20
0.28
 10
8.240666666666668
 20
0.28
 10
8.240666666666668
 20
0.2
 10
8.294
 20
0.2
  0
LWPOLYLINE
  5
546
330
17
100
AcDbEntity
  8
NUMBERS
100
AcDbPolyline
 90
2
 70
0
 10
8.240666666666668
 20
0.24000000000000002
 10
8.280666666666667
 20
0.24000000000000002
  0
LWPOLYLINE
  5
547
330
17
100
AcDbEntity
  8
NUMBERS
100
AcDbPolyline
 90
3
 70
0
 10
8.403333333333336
 20
0.2666666666666667
 10
8.41666666666667
 20
0.28
 10
8.41666666666667
 20
0.2
  0
LWPOLYLINE
  5
548
330
17
100
AcDbEntity
  8
NUMBERS
100
AcDbPolyline
 90
2
 70
0
 10
8.403333333333336
 20
0.2
 10
8.430000000000001
 20
0.2
  0
LWPOLYLINE
  5
549
330
17
100
AcDbEntity
  8
NUMBERS
100
AcDbPolyline
 90
2
 70
0
 10
8.488666666666667
 20
0.21333333333333335
 10
8.494000000000002
 20
0.21333333333333335
  0
LWPOLYLINE
  5
54A
330
17
100
AcDbEntity
  8
NUMBERS
100
AcDbPolyline
 90
2
 70
0
 10
8.488666666666667
 20
0.25333333333333335
 10
8.494000000000002
 20
0.25333333333333335
  0
LWPOLYLINE
  5
54B
330
17
100
AcDbEntity
  8
NUMBERS
100
AcDbPolyline
 90
3
 70
0
 10
8.552666666666667
 20
0.2666666666666667
 10
8.566
 20
0.28
 10
8.566
 20
0.2
  0
LWPOLYLINE
  5
54C
330
17
100
AcDbEntity
  8
NUMBERS
100
AcDbPolyline
 90
2
 70
0
 10
8.552666666666667
 20
0.2
 10
8.579333333333333
 20
0.2
  0
LWPOLYLINE
  5
54D
330
17
100
AcDbEntity
  8
NUMBERS
100
AcDbPolyline
 90
7
 70
0
 10
8.614000000000003
 20
0.2
 10
8.654000000000002
 20
0.2
 10
8.667333333333335
 20
0.21333333333333335
 10
8.667333333333335
 20
0.28
 10
8.614000000000003
 20
0.28
 10
8.614000000000003
 20
0.24000000000000002
 10
8.667333333333335
 20
0.24000000000000002
  0
LWPOLYLINE
  5
54E
330
17
100
AcDbEntity
  8
NUMBERS
100
AcDbPolyline
 90
7
 70
0
 10
8.688666666666668
 20
0.2666666666666667
 10
8.702000000000002
 20
0.28
 10
8.728666666666667
 20
0.28
 10
8.742
 20
0.2666666666666667
 10
8.742
 20
0.25333333333333335
 10
8.688666666666668
 20
0.2
 10
8.742
 20
0.2
  0
LWPOLYLINE
  5
54F
330
17
100
AcDbEntity
  8
NUMBERS
100
AcDbPolyline
 90
4
 70
0
 10
8.878
 20
0.28
 10
8.858
 20
0.26
 10
8.858
 20
0.22000000000000003
 10
8.878
 20
0.2
  0
LWPOLYLINE
  5
550
330
17
100
AcDbEntity
  8
NUMBERS
100
AcDbPolyline
 90
3
 70
0
 10
8.926000000000002
 20
0.2666666666666667
 10
8.939333333333336
 20
0.28
 10
8.939333333333336
 20
0.2
  0
LWPOLYLINE
  5
551
330
17
100
AcDbEntity
  8
NUMBERS
100
AcDbPolyline
 90
2
 70
0
 10
8.926000000000002
 20
0.2
 10
8.952666666666667
 20
0.2
  0
LWPOLYLINE
  5
552
330
17
100
AcDbEntity
  8
NUMBERS
100
AcDbPolyline
 90
2
 70
0
 10
8.987333333333336
 20
0.2
 10
9.040666666666668
 20
0.28
  0
LWPOLYLINE
  5
553
330
17
100
AcDbEntity
  8
NUMBERS
100
AcDbPolyline
 90
3
 70
0
 10
9.075333333333337
 20
0.2666666666666667
 10
9.08866666666667
 20
0.28
 10
9.08866666666667
 20
0.2
  0
LWPOLYLINE
  5
554
330
17
100
AcDbEntity
  8
NUMBERS
100
AcDbPolyline
 90
2
 70
0
 10
9.075333333333337
 20
0.2
 10
9.102000000000002
 20
0.2
  0
LWPOLYLINE
  5
555
330
17
100
AcDbEntity
  8
NUMBERS
100
AcDbPolyline
 90
7
 70
0
 10
9.190000000000001
 20
0.28
 10
9.150000000000002
 20
0.28
 10
9.136666666666668
 20
0.2666666666666667
 10
9.136666666666668
 20
0.2
 10
9.190000000000001
 20
0.2
 10
9.190000000000001
 20
0.24000000000000002
 10
9.136666666666668
 20
0.24000000000000002
  0
LWPOLYLINE
  5
556
330
17
100
AcDbEntity
  8
NUMBERS
100
AcDbPolyline
 90
2
 70
0
 10
9.299333333333335
 20
0.2
 10
9.326
 20
0.2
  0
LWPOLYLINE
  5
557
330
17
100
AcDbEntity
  8
NUMBERS
100
AcDbPolyline
 90
2
 70
0
 10
9.312666666666669
 20
0.2
 10
9.312666666666669
 20
0.28
  0
LWPOLYLINE
  5
558
330
17
100
AcDbEntity
  8
NUMBERS
100
AcDbPolyline
 90
2
 70
0
 10
9.299333333333335
 20
0.28
 10
9.326
 20
0.28
  0
LWPOLYLINE
  5
559
330
17
100
AcDbEntity
  8
NUMBERS
100
AcDbPolyline
 90
4
 70
0
 10
9.360666666666669
 20
0.2
 10
9.360666666666669
 20
0.28
 10
9.414000000000001
 20
0.2
 10
9.414000000000001
 20
0.28
  0
LWPOLYLINE
  5
55A
330
17
100
AcDbEntity
  8
NUMBERS
100
AcDbPolyline
 90
2
 70
0
 10
9.516666666666667
 20
0.22666666666666668
 10
9.556666666666668
 20
0.22666666666666668
  0
LWPOLYLINE
  5
55B
330
17
100
AcDbEntity
  8
NUMBERS
100
AcDbPolyline
 90
2
 70
0
 10
9.516666666666667
 20
0.25333333333333335
 10
9.556666666666668
 20
0.25333333333333335
  0
LWPOLYLINE
  5
55C
330
17
100
AcDbEntity
  8
NUMBERS
100
AcDbPolyline
 90
3
 70
0
 10
9.672666666666668
 20
0.2666666666666667
 10
9.686000000000002
 20
0.28
 10
9.686000000000002
 20
0.2
  0
LWPOLYLINE
  5
55D
330
17
100
AcDbEntity
  8
NUMBERS
100
AcDbPolyline
 90
2
 70
0
 10
9.672666666666668
 20
0.2
 10
9.699333333333334
 20
0.2
  0
LWPOLYLINE
  5
55E
330
17
100
AcDbEntity
  8
NUMBERS
100
AcDbPolyline
 90
3
 70
0
 10
9.862000000000002
 20
0.28
 10
9.808666666666669
 20
0.28
 10
9.808666666666669
 20
0.2
  0
LWPOLYLINE
  5
55F
330
17
100
AcDbEntity
  8
NUMBERS
100
AcDbPolyline
 90
2
 70
0
 10
9.808666666666669
 20
0.24000000000000002
 10
9.848666666666668
 20
0.24000000000000002
  0
LWPOLYLINE
  5
560
330
17
100
AcDbEntity
  8
NUMBERS
100
AcDbPolyline
 90
2
 70
0
 10
9.883333333333336
 20
0.28
 10
9.93666666666667
 20
0.28
  0
LWPOLYLINE
  5
561
330
17
100
AcDbEntity
  8
NUMBERS
100
AcDbPolyline
 90
2
 70
0
 10
9.910000000000004
 20
0.28
 10
9.910000000000004
 20
0.2
  0
LWPOLYLINE
  5
562
330
17
100
AcDbEntity
  8
NUMBERS
100
AcDbPolyline
 90
4
 70
0
 10
9.971333333333336
 20
0.28
 10
9.991333333333335
 20
0.26
 10
9.991333333333335
 20
0.22000000000000003
 10
9.971333333333336
 20
0.2
  0
LWPOLYLINE
  5
563
330
17
100
AcDbEntity
  8
NUMBERS
100
AcDbPolyline
 90
5
 70
0
 10
10.25666666666667
 20
0.2
 10
10.25666666666667
 20
0.28
 10
10.283333333333337
 20
0.24000000000000002
 10
10.310000000000002
 20
0.28
 10
10.310000000000002
 20
0.2
  0
LWPOLYLINE
  5
564
330
17
100
AcDbEntity
  8
NUMBERS
100
AcDbPolyline
 90
5
 70
0
 10
10.331333333333335
 20
0.2
 10
10.331333333333335
 20
0.25333333333333335
 10
10.358000000000002
 20
0.28
 10
10.384666666666668
 20
0.25333333333333335
 10
10.384666666666668
 20
0.2
  0
LWPOLYLINE
  5
565
330
17
100
AcDbEntity
  8
NUMBERS
100
AcDbPolyline
 90
2
 70
0
 10
10.331333333333335
 20
0.24000000000000002
 10
10.384666666666668
 20
0.24000000000000002
  0
LWPOLYLINE
  5
566
330
17
100
AcDbEntity
  8
NUMBERS
100
AcDbPolyline
 90
2
 70
0
 10
10.406000000000002
 20
0.28
 10
10.459333333333335
 20
0.28
  0
LWPOLYLINE
  5
567
330
17
100
AcDbEntity
  8
NUMBERS
100
AcDbPolyline
 90
2
 70
0
 10
10.43266666666667
 20
0.28
 10
10.43266666666667
 20
0.2
  0
LWPOLYLINE
  5
568
330
17
100
AcDbEntity
  8
NUMBERS
100
AcDbPolyline
 90
4
 70
0
 10
10.534
 20
0.28
 10
10.480666666666668
 20
0.28
 10
10.480666666666668
 20
0.2
 10
10.534
 20
0.2
  0
LWPOLYLINE
  5
569
330
17
100
AcDbEntity
  8
NUMBERS
100
AcDbPolyline
 90
2
 70
0
 10
10.480666666666668
 20
0.24000000000000002
 10
10.520666666666667
 20
0.24000000000000002
  0
LWPOLYLINE
  5
56A
330
17
100
AcDbEntity
  8
NUMBERS
100
AcDbPolyline
 90
6
 70
0
 10
10.555333333333335
 20
0.2
 10
10.555333333333335
 20
0.28
 10
10.608666666666668
 20
0.28
 10
10.608666666666668
 20
0.24000000000000002
 10
10.555333333333335
 20
0.24000000000000002
 10
10.608666666666668
 20
0.2
  0
LWPOLYLINE
  5
56B
330
17
100
AcDbEntity
  8
NUMBERS
100
AcDbPolyline
 90
2
 70
0
 10
10.643333333333336
 20
0.2
 10
10.670000000000002
 20
0.2
  0
LWPOLYLINE
  5
56C
330
17
100
AcDbEntity
  8
NUMBERS
100
AcDbPolyline
 90
2
 70
0
 10
10.65666666666667
 20
0.2
 10
10.65666666666667
 20
0.28
  0
LWPOLYLINE
  5
56D
330
17
100
AcDbEntity
  8
NUMBERS
100
AcDbPolyline
 90
2
 70
0
 10
10.643333333333336
 20
0.28
 10
10.670000000000002
 20
0.28
  0
LWPOLYLINE
  5
56E
330
17
100
AcDbEntity
  8
NUMBERS
100
AcDbPolyline
 90
5
 70
0
 10
10.704666666666668
 20
0.2
 10
10.704666666666668
 20
0.25333333333333335
 10
10.731333333333335
 20
0.28
 10
10.758000000000001
 20
0.25333333333333335
 10
10.758000000000001
 20
0.2
  0
LWPOLYLINE
  5
56F
330
17
100
AcDbEntity
  8
NUMBERS
100
AcDbPolyline
 90
2
 70
0
 10
10.704666666666668
 20
0.24000000000000002
 10
10.758000000000001
 20
0.24000000000000002
  0
LWPOLYLINE
  5
570
330
17
100
AcDbEntity
  8
NUMBERS
100
AcDbPolyline
 90
3
 70
0
 10
10.779333333333335
 20
0.28
 10
10.779333333333335
 20
0.2
 10
10.832666666666668
 20
0.2
  0
LWPOLYLINE
  5
571
330
17
100
AcDbEntity
  8
NUMBERS
100
AcDbPolyline
 90
3
 70
0
 10
10.942000000000002
 20
0.2666666666666667
 10
10.955333333333336
 20
0.28
 10
10.955333333333336
 20
0.2
  0
LWPOLYLINE
  5
572
330
17
100
AcDbEntity
  8
NUMBERS
100
AcDbPolyline
 90
2
 70
0
 10
10.942000000000002
 20
0.2
 10
10.968666666666667
 20
0.2
  0
LWPOLYLINE
  5
573
330
17
100
AcDbEntity
  8
NUMBERS
100
AcDbPolyline
 90
2
 70
0
 10
11.003333333333336
 20
0.2
 10
11.056666666666668
 20
0.28
  0
LWPOLYLINE
  5
574
330
17
100
AcDbEntity
  8
NUMBERS
100
AcDbPolyline
 90
3
 70
0
 10
11.091333333333335
 20
0.2666666666666667
 10
11.104666666666668
 20
0.28
 10
11.104666666666668
 20
0.2
  0
LWPOLYLINE
  5
575
330
17
100
AcDbEntity
  8
NUMBERS
100
AcDbPolyline
 90
2
 70
0
 10
11.091333333333335
 20
0.2
 10
11.118
 20
0.2
  0
LWPOLYLINE
  5
576
330
17
100
AcDbEntity
  8
NUMBERS
100
AcDbPolyline
 90
7
 70
0
 10
11.206000000000001
 20
0.28
 10
11.166000000000002
 20
0.28
 10
11.152666666666669
 20
0.2666666666666667
 10
11.152666666666669
 20
0.2
 10
11.206000000000001
 20
0.2
 10
11.206000000000001
 20
0.24000000000000002
 10
11.152666666666669
 20
0.24000000000000002
  0
LWPOLYLINE
  5
577
330
17
100
AcDbEntity
  8
NUMBERS
100
AcDbPolyline
 90
2
 70
0
 10
11.315333333333337
 20
0.2
 10
11.342000000000002
 20
0.2
  0
LWPOLYLINE
  5
578
330
17
100
AcDbEntity
  8
NUMBERS
100
AcDbPolyline
 90
2
 70
0
 10
11.32866666666667
 20
0.2
 10
11.32866666666667
 20
0.28
  0
LWPOLYLINE
  5
579
330
17
100
AcDbEntity
  8
NUMBERS
100
AcDbPolyline
 90
2
 70
0
 10
11.315333333333337
 20
0.28
 10
11.342000000000002
 20
0.28
  0
LWPOLYLINE
  5
57A
330
17
100
AcDbEntity
  8
NUMBERS
100
AcDbPolyline
 90
4
 70
0
 10
11.376666666666669
 20
0.2
 10
11.376666666666669
 20
0.28
 10
11.430000000000001
 20
0.2
 10
11.430000000000001
 20
0.28
  0
LWPOLYLINE
  5
57B
330
17
100
AcDbEntity
  8
NUMBERS
100
AcDbPolyline
 90
4
 70
0
 10
11.579333333333334
 20
0.28
 10
11.526000000000002
 20
0.28
 10
11.526000000000002
 20
0.2
 10
11.579333333333334
 20
0.2
  0
LWPOLYLINE
  5
57C
330
17
100
AcDbEntity
  8
NUMBERS
100
AcDbPolyline
 90
2
 70
0
 10
11.600666666666669
 20
0.2
 10
11.600666666666669
 20
0.28
  0
LWPOLYLINE
  5
57D
330
17
100
AcDbEntity
  8
NUMBERS
100
AcDbPolyline
 90
2
 70
0
 10
11.654000000000002
 20
0.2
 10
11.654000000000002
 20
0.28
  0
LWPOLYLINE
  5
57E
330
17
100
AcDbEntity
  8
NUMBERS
100
AcDbPolyline
 90
2
 70
0
 10
11.600666666666669
 20
0.24000000000000002
 10
11.654000000000002
 20
0.24000000000000002
  0
LWPOLYLINE
  5
57F
330
17
100
AcDbEntity
  8
NUMBERS
100
AcDbPolyline
 90
2
 70
0
 10
11.68866666666667
 20
0.2
 10
11.715333333333335
 20
0.2
  0
LWPOLYLINE
  5
580
330
17
100
AcDbEntity
  8
NUMBERS
100
AcDbPolyline
 90
2
 70
0
 10
11.702000000000004
 20
0.2
 10
11.702000000000004
 20
0.28
  0
LWPOLYLINE
  5
581
330
17
100
AcDbEntity
  8
NUMBERS
100
AcDbPolyline
 90
2
 70
0
 10
11.68866666666667
 20
0.28
 10
11.715333333333335
 20
0.28
  0
LWPOLYLINE
  5
582
330
17
100
AcDbEntity
  8
NUMBERS
100
AcDbPolyline
 90
5
 70
0
 10
11.750000000000004
 20
0.2
 10
11.750000000000004
 20
0.28
 10
11.803333333333336
 20
0.28
 10
11.803333333333336
 20
0.24000000000000002
 10
11.750000000000004
 20
0.24000000000000002
  0
LWPOLYLINE
  5
583
330
17
100
AcDbEntity
  8
NUMBERS
100
AcDbPolyline
 90
7
 70
0
 10
11.824666666666669
 20
0.2
 10
11.824666666666669
 20
0.28
 10
11.864666666666668
 20
0.28
 10
11.878000000000002
 20
0.2666666666666667
 10
11.878000000000002
 20
0.25333333333333335
 10
11.864666666666668
 20
0.24000000000000002
 10
11.824666666666669
 20
0.24000000000000002
  0
LWPOLYLINE
  5
584
330
17
100
AcDbEntity
  8
NUMBERS
100
AcDbPolyline
 90
5
 70
0
 10
11.864666666666668
 20
0.24000000000000002
 10
11.878000000000002
 20
0.22666666666666668
 10
11.878000000000002
 20
0.21333333333333335
 10
11.864666666666668
 20
0.2
 10
11.824666666666669
 20
0.2
  0
LWPOLYLINE
  5
585
330
17
100
AcDbEntity
  8
NUMBERS
100
AcDbPolyline
 90
5
 70
0
 10
11.899333333333335
 20
0.2
 10
11.952666666666667
 20
0.2
 10
11.952666666666667
 20
0.28
 10
11.899333333333335
 20
0.28
 10
11.899333333333335
 20
0.2
  0
LWPOLYLINE
  5
586
330
17
100
AcDbEntity
  8
NUMBERS
100
AcDbPolyline
 90
5
 70
0
 10
11.974000000000002
 20
0.2
 10
11.974000000000002
 20
0.25333333333333335
 10
12.00066666666667
 20
0.28
 10
12.027333333333335
 20
0.25333333333333335
 10
12.027333333333335
 20
0.2
  0
LWPOLYLINE
  5
587
330
17
100
AcDbEntity
  8
NUMBERS
100
AcDbPolyline
 90
2
 70
0
 10
11.974000000000002
 20
0.24000000000000002
 10
12.027333333333335
 20
0.24000000000000002
  0
LWPOLYLINE
  5
588
330
17
100
AcDbEntity
  8
NUMBERS
100
AcDbPolyline
 90
6
 70
0
 10
12.04866666666667
 20
0.2
 10
12.04866666666667
 20
0.28
 10
12.102000000000002
 20
0.28
 10
12.102000000000002
 20
0.24000000000000002
 10
12.04866666666667
 20
0.24000000000000002
 10
12.102000000000002
 20
0.2
  0
LWPOLYLINE
  5
589
330
17
100
AcDbEntity
  8
NUMBERS
100
AcDbPolyline
 90
7
 70
0
 10
12.123333333333337
 20
0.2
 10
12.123333333333337
 20
0.28
 10
12.15666666666667
 20
0.28
 10
12.17666666666667
 20
0.26
 10
12.17666666666667
 20
0.22000000000000003
 10
12.15666666666667
 20
0.2
 10
12.123333333333337
 20
0.2
  0
LWPOLYLINE
  5
58A
330
17
100
AcDbEntity
  8
NUMBERS
100
AcDbPolyline
 90
2
 70
0
 10
12.347333333333335
 20
0.28
 10
12.400666666666668
 20
0.28
  0
LWPOLYLINE
  5
58B
330
17
100
AcDbEntity
  8
NUMBERS
100
AcDbPolyline
 90
2
 70
0
 10
12.374000000000002
 20
0.28
 10
12.374000000000002
 20
0.2
  0
LWPOLYLINE
  5
58C
330
17
100
AcDbEntity
  8
NUMBERS
100
AcDbPolyline
 90
2
 70
0
 10
12.428666666666668
 20
0.22666666666666668
 10
12.46866666666667
 20
0.22666666666666668
  0
LWPOLYLINE
  5
58D
330
17
100
AcDbEntity
  8
NUMBERS
100
AcDbPolyline
 90
2
 70
0
 10
12.428666666666668
 20
0.25333333333333335
 10
12.46866666666667
 20
0.25333333333333335
  0
LWPOLYLINE
  5
58E
330
17
100
AcDbEntity
  8
NUMBERS
100
AcDbPolyline
 90
5
 70
0
 10
12.49666666666667
 20
0.2
 10
12.550000000000002
 20
0.2
 10
12.550000000000002
 20
0.28
 10
12.49666666666667
 20
0.28
 10
12.49666666666667
 20
0.2
  0
LWPOLYLINE
  5
58F
330
17
100
AcDbEntity
  8
NUMBERS
100
AcDbPolyline
 90
2
 70
0
 10
12.49666666666667
 20
0.2
 10
12.550000000000002
 20
0.28
  0
LWPOLYLINE
  5
590
330
17
100
AcDbEntity
  8
NUMBERS
100
AcDbPolyline
 90
5
 70
0
 10
12.595333333333334
 20
0.2
 10
12.600666666666669
 20
0.2
 10
12.600666666666669
 20
0.20533333333333334
 10
12.595333333333334
 20
0.20533333333333334
 10
12.595333333333334
 20
0.2
  0
LWPOLYLINE
  5
591
330
17
100
AcDbEntity
  8
NUMBERS
100
AcDbPolyline
 90
5
 70
0
 10
12.646000000000003
 20
0.2
 10
12.699333333333335
 20
0.2
 10
12.699333333333335
 20
0.28
 10
12.646000000000003
 20
0.28
 10
12.646000000000003
 20
0.2
  0
LWPOLYLINE
  5
592
330
17
100
AcDbEntity
  8
NUMBERS
100
AcDbPolyline
 90
2
 70
0
 10
12.646000000000003
 20
0.2
 10
12.699333333333335
 20
0.28
  0
LWPOLYLINE
  5
593
330
17
100
AcDbEntity
  8
NUMBERS
100
AcDbPolyline
 90
7
 70
0
 10
12.774000000000003
 20
0.28
 10
12.734000000000004
 20
0.28
 10
12.72066666666667
 20
0.2666666666666667
 10
12.72066666666667
 20
0.2
 10
12.774000000000003
 20
0.2
 10
12.774000000000003
 20
0.24000000000000002
 10
12.72066666666667
 20
0.24000000000000002
  0
LWPOLYLINE
  5
594
330
17
100
AcDbEntity
  8
NUMBERS
100
AcDbPolyline
 90
7
 70
0
 10
12.795333333333335
 20
0.2666666666666667
 10
12.808666666666669
 20
0.28
 10
12.835333333333335
 20
0.28
 10
12.848666666666668
 20
0.2666666666666667
 10
12.848666666666668
 20
0.25333333333333335
 10
12.795333333333335
 20
0.2
 10
12.848666666666668
 20
0.2
  0
LWPOLYLINE
  5
595
330
17
100
AcDbEntity
  8
NUMBERS
100
AcDbPolyline
 90
8
 70
0
 10
12.923333333333334
 20
0.28
 10
12.870000000000001
 20
0.28
 10
12.870000000000001
 20
0.2466666666666667
 10
12.91
 20
0.2466666666666667
 10
12.923333333333334
 20
0.23333333333333334
 10
12.923333333333334
 20
0.21333333333333335
 10
12.91
 20
0.2
 10
12.870000000000001
 20
0.2
  0
LWPOLYLINE
  5
596
330
17
100
AcDbEntity
  8
NUMBERS
100
AcDbPolyline
 90
2
 70
0
 10
13.03266666666667
 20
0.2
 10
13.059333333333335
 20
0.2
  0
LWPOLYLINE
  5
597
330
17
100
AcDbEntity
  8
NUMBERS
100
AcDbPolyline
 90
2
 70
0
 10
13.046000000000003
 20
0.2
 10
13.046000000000003
 20
0.28
  0
LWPOLYLINE
  5
598
330
17
100
AcDbEntity
  8
NUMBERS
100
AcDbPolyline
 90
2
 70
0
 10
13.03266666666667
 20
0.28
 10
13.059333333333335
 20
0.28
  0
LWPOLYLINE
  5
599
330
17
100
AcDbEntity
  8
NUMBERS
100
AcDbPolyline
 90
4
 70
0
 10
13.094000000000003
 20
0.2
 10
13.094000000000003
 20
0.28
 10
13.147333333333336
 20
0.2
 10
13.147333333333336
 20
0.28
  0
LWPOLYLINE
  5
59A
330
17
100
AcDbEntity
  8
NUMBERS
100
AcDbPolyline
 90
2
 70
0
 10
13.392666666666669
 20
0.2
 10
13.392666666666669
 20
0.28
  0
LWPOLYLINE
  5
59B
330
17
100
AcDbEntity
  8
NUMBERS
100
AcDbPolyline
 90
2
 70
0
 10
13.446000000000002
 20
0.28
 10
13.392666666666669
 20
0.23333333333333334
  0
LWPOLYLINE
  5
59C
330
17
100
AcDbEntity
  8
NUMBERS
100
AcDbPolyline
 90
2
 70
0
 10
13.410000000000002
 20
0.2466666666666667
 10
13.446000000000002
 20
0.2
  0
LWPOLYLINE
  5
59D
330
17
100
AcDbEntity
  8
NUMBERS
100
AcDbPolyline
 90
4
 70
0
 10
13.520666666666669
 20
0.28
 10
13.467333333333336
 20
0.28
 10
13.467333333333336
 20
0.2
 10
13.520666666666669
 20
0.2
  0
LWPOLYLINE
  5
59E
330
17
100
AcDbEntity
  8
NUMBERS
100
AcDbPolyline
 90
2
 70
0
 10
13.467333333333336
 20
0.24000000000000002
 10
13.507333333333335
 20
0.24000000000000002
  0
LWPOLYLINE
  5
59F
330
17
100
AcDbEntity
  8
NUMBERS
100
AcDbPolyline
 90
6
 70
0
 10
13.542000000000003
 20
0.2
 10
13.542000000000003
 20
0.28
 10
13.595333333333336
 20
0.28
 10
13.595333333333336
 20
0.24000000000000002
 10
13.542000000000003
 20
0.24000000000000002
 10
13.595333333333336
 20
0.2
  0
LWPOLYLINE
  5
5A0
330
17
100
AcDbEntity
  8
NUMBERS
100
AcDbPolyline
 90
3
 70
0
 10
13.670000000000002
 20
0.28
 10
13.616666666666669
 20
0.28
 10
13.616666666666669
 20
0.2
  0
LWPOLYLINE
  5
5A1
330
17
100
AcDbEntity
  8
NUMBERS
100
AcDbPolyline
 90
2
 70
0
 10
13.616666666666669
 20
0.24000000000000002
 10
13.656666666666668
 20
0.24000000000000002
  0
LWPOLYLINE
  5
5A2
330
17
100
AcDbEntity
  8
NUMBERS
100
AcDbPolyline
 90
2
 70
0
 10
13.698000000000002
 20
0.22666666666666668
 10
13.738000000000003
 20
0.22666666666666668
  0
LWPOLYLINE
  5
5A3
330
17
100
AcDbEntity
  8
NUMBERS
100
AcDbPolyline
 90
2
 70
0
 10
13.698000000000002
 20
0.25333333333333335
 10
13.738000000000003
 20
0.25333333333333335
  0
LWPOLYLINE
  5
5A4
330
17
100
AcDbEntity
  8
NUMBERS
100
AcDbPolyline
 90
5
 70
0
 10
13.766000000000002
 20
0.2
 10
13.819333333333335
 20
0.2
 10
13.819333333333335
 20
0.28
 10
13.766000000000002
 20
0.28
 10
13.766000000000002
 20
0.2
  0
LWPOLYLINE
  5
5A5
330
17
100
AcDbEntity
  8
NUMBERS
100
AcDbPolyline
 90
2
 70
0
 10
13.766000000000002
 20
0.2
 10
13.819333333333335
 20
0.28
  0
LWPOLYLINE
  5
5A6
330
17
100
AcDbEntity
  8
NUMBERS
100
AcDbPolyline
 90
5
 70
0
 10
13.864666666666668
 20
0.2
 10
13.870000000000003
 20
0.2
 10
13.870000000000003
 20
0.20533333333333334
 10
13.864666666666668
 20
0.20533333333333334
 10
13.864666666666668
 20
0.2
  0
LWPOLYLINE
  5
5A7
330
17
100
AcDbEntity
  8
NUMBERS
100
AcDbPolyline
 90
5
 70
0
 10
13.915333333333336
 20
0.2
 10
13.96866666666667
 20
0.2
 10
13.96866666666667
 20
0.28
 10
13.915333333333336
 20
0.28
 10
13.915333333333336
 20
0.2
  0
LWPOLYLINE
  5
5A8
330
17
100
AcDbEntity
  8
NUMBERS
100
AcDbPolyline
 90
2
 70
0
 10
13.915333333333336
 20
0.2
 10
13.96866666666667
 20
0.28
  0
LWPOLYLINE
  5
5A9
330
17
100
AcDbEntity
  8
NUMBERS
100
AcDbPolyline
 90
5
 70
0
 10
13.990000000000002
 20
0.2
 10
14.043333333333335
 20
0.2
 10
14.043333333333335
 20
0.28
 10
13.990000000000002
 20
0.28
 10
13.990000000000002
 20
0.2
  0
LWPOLYLINE
  5
5AA
330
17
100
AcDbEntity
  8
NUMBERS
100
AcDbPolyline
 90
2
 70
0
 10
13.990000000000002
 20
0.2
 10
14.043333333333335
 20
0.28
  0
LWPOLYLINE
  5
5AB
330
17
100
AcDbEntity
  8
NUMBERS
100
AcDbPolyline
 90
5
 70
0
 10
14.06466666666667
 20
0.2
 10
14.118000000000002
 20
0.2
 10
14.118000000000002
 20
0.28
 10
14.06466666666667
 20
0.28
 10
14.06466666666667
 20
0.2
  0
LWPOLYLINE
  5
5AC
330
17
100
AcDbEntity
  8
NUMBERS
100
AcDbPolyline
 90
2
 70
0
 10
14.06466666666667
 20
0.2
 10
14.118000000000002
 20
0.28
  0
LWPOLYLINE
  5
5AD
330
17
100
AcDbEntity
  8
NUMBERS
100
AcDbPolyline
 90
5
 70
0
 10
14.139333333333337
 20
0.2
 10
14.19266666666667
 20
0.2
 10
14.19266666666667
 20
0.28
 10
14.139333333333337
 20
0.28
 10
14.139333333333337
 20
0.2
  0
LWPOLYLINE
  5
5AE
330
17
100
AcDbEntity
  8
NUMBERS
100
AcDbPolyline
 90
2
 70
0
 10
14.139333333333337
 20
0.2
 10
14.19266666666667
 20
0.28
  0
LWPOLYLINE
  5
5AF
330
17
100
AcDbEntity
  8
NUMBERS
100
AcDbPolyline
 90
2
 70
0
 10
14.302000000000001
 20
0.2
 10
14.328666666666667
 20
0.2
  0
LWPOLYLINE
  5
5B0
330
17
100
AcDbEntity
  8
NUMBERS
100
AcDbPolyline
 90
2
 70
0
 10
14.315333333333335
 20
0.2
 10
14.315333333333335
 20
0.28
  0
LWPOLYLINE
  5
5B1
330
17
100
AcDbEntity
  8
NUMBERS
100
AcDbPolyline
 90
2
 70
0
 10
14.302000000000001
 20
0.28
 10
14.328666666666667
 20
0.28
  0
LWPOLYLINE
  5
5B2
330
17
100
AcDbEntity
  8
NUMBERS
100
AcDbPolyline
 90
4
 70
0
 10
14.363333333333337
 20
0.2
 10
14.363333333333337
 20
0.28
 10
14.41666666666667
 20
0.2
 10
14.41666666666667
 20
0.28
  0
LWPOLYLINE
  5
5B3
330
17
100
AcDbEntity
  8
NUMBERS
100
AcDbPolyline
 90
4
 70
0
 10
14.55266666666667
 20
0.28
 10
14.532666666666671
 20
0.26
 10
14.532666666666671
 20
0.22000000000000003
 10
14.55266666666667
 20
0.2
  0
LWPOLYLINE
  5
5B4
330
17
100
AcDbEntity
  8
NUMBERS
100
AcDbPolyline
 90
4
 70
0
 10
14.587333333333337
 20
0.28
 10
14.587333333333337
 20
0.2
 10
14.64066666666667
 20
0.2
 10
14.64066666666667
 20
0.28
  0
LWPOLYLINE
  5
5B5
330
17
100
AcDbEntity
  8
NUMBERS
100
AcDbPolyline
 90
6
 70
0
 10
14.715333333333334
 20
0.28
 10
14.662
 20
0.28
 10
14.662
 20
0.24000000000000002
 10
14.715333333333334
 20
0.24000000000000002
 10
14.715333333333334
 20
0.2
 10
14.662
 20
0.2
  0
LWPOLYLINE
  5
5B6
330
17
100
AcDbEntity
  8
NUMBERS
100
AcDbPolyline
 90
4
 70
0
 10
14.790000000000003
 20
0.28
 10
14.73666666666667
 20
0.28
 10
14.73666666666667
 20
0.2
 10
14.790000000000003
 20
0.2
  0
LWPOLYLINE
  5
5B7
330
17
100
AcDbEntity
  8
NUMBERS
100
AcDbPolyline
 90
2
 70
0
 10
14.73666666666667
 20
0.24000000000000002
 10
14.776666666666669
 20
0.24000000000000002
  0
LWPOLYLINE
  5
5B8
330
17
100
AcDbEntity
  8
NUMBERS
100
AcDbPolyline
 90
6
 70
0
 10
14.811333333333335
 20
0.2
 10
14.811333333333335
 20
0.28
 10
14.864666666666668
 20
0.28
 10
14.864666666666668
 20
0.24000000000000002
 10
14.811333333333335
 20
0.24000000000000002
 10
14.864666666666668
 20
0.2
  0
LWPOLYLINE
  5
5B9
330
17
100
AcDbEntity
  8
NUMBERS
100
AcDbPolyline
 90
5
 70
0
 10
14.96066666666667
 20
0.2
 10
14.96066666666667
 20
0.25333333333333335
 10
14.987333333333337
 20
0.28
 10
15.014000000000003
 20
0.25333333333333335
 10
15.014000000000003
 20
0.2
  0
LWPOLYLINE
  5
5BA
330
17
100
AcDbEntity
  8
NUMBERS
100
AcDbPolyline
 90
2
 70
0
 10
14.96066666666667
 20
0.24000000000000002
 10
15.014000000000003
 20
0.24000000000000002
  0
LWPOLYLINE
  5
5BB
330
17
100
AcDbEntity
  8
NUMBERS
100
AcDbPolyline
 90
7
 70
0
 10
15.035333333333336
 20
0.2
 10
15.035333333333336
 20
0.28
 10
15.068666666666669
 20
0.28
 10
15.088666666666668
 20
0.26
 10
15.088666666666668
 20
0.22000000000000003
 10
15.068666666666669
 20
0.2
 10
15.035333333333336
 20
0.2
  0
LWPOLYLINE
  5
5BC
330
17
100
AcDbEntity
  8
NUMBERS
100
AcDbPolyline
 90
5
 70
0
 10
15.163333333333336
 20
0.28
 10
15.163333333333336
 20
0.21333333333333335
 10
15.150000000000002
 20
0.2
 10
15.123333333333337
 20
0.2
 10
15.110000000000003
 20
0.21333333333333335
  0
LWPOLYLINE
  5
5BD
330
17
100
AcDbEntity
  8
NUMBERS
100
AcDbPolyline
 90
4
 70
0
 10
15.184666666666669
 20
0.28
 10
15.184666666666669
 20
0.2
 10
15.238000000000001
 20
0.2
 10
15.238000000000001
 20
0.28
  0
LWPOLYLINE
  5
5BE
330
17
100
AcDbEntity
  8
NUMBERS
100
AcDbPolyline
 90
6
 70
0
 10
15.312666666666667
 20
0.28
 10
15.259333333333334
 20
0.28
 10
15.259333333333334
 20
0.24000000000000002
 10
15.312666666666667
 20
0.24000000000000002
 10
15.312666666666667
 20
0.2
 10
15.259333333333334
 20
0.2
  0
LWPOLYLINE
  5
5BF
330
17
100
AcDbEntity
  8
NUMBERS
100
AcDbPolyline
 90
2
 70
0
 10
15.334000000000003
 20
0.28
 10
15.387333333333336
 20
0.28
  0
LWPOLYLINE
  5
5C0
330
17
100
AcDbEntity
  8
NUMBERS
100
AcDbPolyline
 90
2
 70
0
 10
15.36066666666667
 20
0.28
 10
15.36066666666667
 20
0.2
  0
LWPOLYLINE
  5
5C1
330
17
100
AcDbEntity
  8
NUMBERS
100
AcDbPolyline
 90
5
 70
0
 10
15.408666666666669
 20
0.2
 10
15.408666666666669
 20
0.25333333333333335
 10
15.435333333333336
 20
0.28
 10
15.462000000000002
 20
0.25333333333333335
 10
15.462000000000002
 20
0.2
  0
LWPOLYLINE
  5
5C2
330
17
100
AcDbEntity
  8
NUMBERS
100
AcDbPolyline
 90
2
 70
0
 10
15.408666666666669
 20
0.24000000000000002
 10
15.462000000000002
 20
0.24000000000000002
  0
LWPOLYLINE
  5
5C3
330
17
100
AcDbEntity
  8
NUMBERS
100
AcDbPolyline
 90
7
 70
0
 10
15.483333333333338
 20
0.2
 10
15.483333333333338
 20
0.28
 10
15.523333333333337
 20
0.28
 10
15.53666666666667
 20
0.2666666666666667
 10
15.53666666666667
 20
0.25333333333333335
 10
15.523333333333337
 20
0.24000000000000002
 10
15.483333333333338
 20
0.24000000000000002
  0
LWPOLYLINE
  5
5C4
330
17
100
AcDbEntity
  8
NUMBERS
100
AcDbPolyline
 90
5
 70
0
 10
15.523333333333337
 20
0.24000000000000002
 10
15.53666666666667
 20
0.22666666666666668
 10
15.53666666666667
 20
0.21333333333333335
 10
15.523333333333337
 20
0.2
 10
15.483333333333338
 20
0.2
  0
LWPOLYLINE
  5
5C5
330
17
100
AcDbEntity
  8
NUMBERS
100
AcDbPolyline
 90
3
 70
0
 10
15.558000000000002
 20
0.28
 10
15.558000000000002
 20
0.2
 10
15.611333333333334
 20
0.2
  0
LWPOLYLINE
  5
5C6
330
17
100
AcDbEntity
  8
NUMBERS
100
AcDbPolyline
 90
4
 70
0
 10
15.686
 20
0.28
 10
15.632666666666667
 20
0.28
 10
15.632666666666667
 20
0.2
 10
15.686
 20
0.2
  0
LWPOLYLINE
  5
5C7
330
17
100
AcDbEntity
  8
NUMBERS
100
AcDbPolyline
 90
2
 70
0
 10
15.632666666666667
 20
0.24000000000000002
 10
15.672666666666666
 20
0.24000000000000002
  0
LWPOLYLINE
  5
5C8
330
17
100
AcDbEntity
  8
NUMBERS
100
AcDbPolyline
 90
4
 70
0
 10
15.72066666666667
 20
0.28
 10
15.74066666666667
 20
0.26
 10
15.74066666666667
 20
0.22000000000000003
 10
15.72066666666667
 20
0.2
  0
LWPOLYLINE
  5
5C9
330
17
100
AcDbEntity
  8
NUMBERS
100
AcDbPolyline
 90
7
 70
0
 10
16.006
 20
0.28
 10
16.059333333333335
 20
0.28
 10
16.032666666666668
 20
0.2466666666666667
 10
16.059333333333335
 20
0.23333333333333334
 10
16.059333333333335
 20
0.21333333333333335
 10
16.046
 20
0.2
 10
16.006
 20
0.2
  0
LWPOLYLINE
  5
5CA
330
17
100
AcDbEntity
  8
NUMBERS
100
AcDbPolyline
 90
5
 70
0
 10
16.08066666666667
 20
0.2
 10
16.134000000000004
 20
0.2
 10
16.134000000000004
 20
0.28
 10
16.08066666666667
 20
0.28
 10
16.08066666666667
 20
0.2
  0
LWPOLYLINE
  5
5CB
330
17
100
AcDbEntity
  8
NUMBERS
100
AcDbPolyline
 90
2
 70
0
 10
16.08066666666667
 20
0.2
 10
16.134000000000004
 20
0.28
  0
LWPOLYLINE
  5
5CC
330
17
100
AcDbEntity
  8
NUMBERS
100
AcDbPolyline
 90
2
 70
0
 10
16.230000000000004
 20
0.2
 10
16.28333333333334
 20
0.28
  0
LWPOLYLINE
  5
5CD
330
17
100
AcDbEntity
  8
NUMBERS
100
AcDbPolyline
 90
2
 70
0
 10
16.230000000000004
 20
0.28
 10
16.28333333333334
 20
0.2
  0
LWPOLYLINE
  5
5CE
330
17
100
AcDbEntity
  8
NUMBERS
100
AcDbPolyline
 90
7
 70
0
 10
16.379333333333335
 20
0.2666666666666667
 10
16.392666666666667
 20
0.28
 10
16.419333333333334
 20
0.28
 10
16.43266666666667
 20
0.2666666666666667
 10
16.43266666666667
 20
0.25333333333333335
 10
16.379333333333335
 20
0.2
 10
16.43266666666667
 20
0.2
  0
LWPOLYLINE
  5
5CF
330
17
100
AcDbEntity
  8
NUMBERS
100
AcDbPolyline
 90
5
 70
0
 10
16.454
 20
0.2
 10
16.507333333333335
 20
0.2
 10
16.507333333333335
 20
0.28
 10
16.454
 20
0.28
 10
16.454
 20
0.2
  0
LWPOLYLINE
  5
5D0
330
17
100
AcDbEntity
  8
NUMBERS
100
AcDbPolyline
 90
2
 70
0
 10
16.454
 20
0.2
 10
16.507333333333335
 20
0.28
  0
LWPOLYLINE
  5
5D1
330
17
100
AcDbEntity
  8
NUMBERS
100
AcDbPolyline
 90
2
 70
0
 10
16.61666666666667
 20
0.2
 10
16.643333333333338
 20
0.2
  0
LWPOLYLINE
  5
5D2
330
17
100
AcDbEntity
  8
NUMBERS
100
AcDbPolyline
 90
2
 70
0
 10
16.630000000000006
 20
0.2
 10
16.630000000000006
 20
0.28
  0
LWPOLYLINE
  5
5D3
330
17
100
AcDbEntity
  8
NUMBERS
100
AcDbPolyline
 90
2
 70
0
 10
16.61666666666667
 20
0.28
 10
16.643333333333338
 20
0.28
  0
LWPOLYLINE
  5
5D4
330
17
100
AcDbEntity
  8
NUMBERS
100
AcDbPolyline
 90
4
 70
0
 10
16.678000000000004
 20
0.2
 10
16.678000000000004
 20
0.28
 10
16.73133333333334
 20
0.2
 10
16.73133333333334
 20
0.28
  0
LWPOLYLINE
  5
5D5
330
17
100
AcDbEntity
  8
NUMBERS
100
AcDbPolyline
 90
2
 70
0
 10
0.32999999999999996
 20
19.759999999999998
 10
0.3833333333333333
 20
19.759999999999998
  0
LWPOLYLINE
  5
5D6
330
17
100
AcDbEntity
  8
NUMBERS
100
AcDbPolyline
 90
2
 70
0
 10
0.35666666666666663
 20
19.759999999999998
 10
0.35666666666666663
 20
19.68
  0
LWPOLYLINE
  5
5D7
330
17
100
AcDbEntity
  8
NUMBERS
100
AcDbPolyline
 90
5
 70
0
 10
0.4046666666666666
 20
19.68
 10
0.45799999999999996
 20
19.68
 10
0.45799999999999996
 20
19.759999999999998
 10
0.4046666666666666
 20
19.759999999999998
 10
0.4046666666666666
 20
19.68
  0
LWPOLYLINE
  5
5D8
330
17
100
AcDbEntity
  8
NUMBERS
100
AcDbPolyline
 90
5
 70
0
 10
0.4793333333333333
 20
19.68
 10
0.4793333333333333
 20
19.759999999999998
 10
0.5326666666666666
 20
19.759999999999998
 10
0.5326666666666666
 20
19.72
 10
0.4793333333333333
 20
19.72
  0
LWPOLYLINE
  5
5D9
330
17
100
AcDbEntity
  8
NUMBERS
100
AcDbPolyline
 90
6
 70
0
 10
0.682
 20
19.759999999999998
 10
0.6286666666666667
 20
19.759999999999998
 10
0.6286666666666667
 20
19.72
 10
0.682
 20
19.72
 10
0.682
 20
19.68
 10
0.6286666666666667
 20
19.68
  0
LWPOLYLINE
  5
5DA
330
17
100
AcDbEntity
  8
NUMBERS
100
AcDbPolyline
 90
2
 70
0
 10
0.7033333333333334
 20
19.68
 10
0.7033333333333334
 20
19.759999999999998
  0
LWPOLYLINE
  5
5DB
330
17
100
AcDbEntity
  8
NUMBERS
100
AcDbPolyline
 90
2
 70
0
 10
0.7566666666666667
 20
19.68
 10
0.7566666666666667
 20
19.759999999999998
  0
LWPOLYLINE
  5
5DC
330
17
100
AcDbEntity
  8
NUMBERS
100
AcDbPolyline
 90
2
 70
0
 10
0.7033333333333334
 20
19.72
 10
0.7566666666666667
 20
19.72
  0
LWPOLYLINE
  5
5DD
330
17
100
AcDbEntity
  8
NUMBERS
100
AcDbPolyline
 90
4
 70
0
 10
0.8313333333333334
 20
19.759999999999998
 10
0.778
 20
19.759999999999998
 10
0.778
 20
19.68
 10
0.8313333333333334
 20
19.68
  0
LWPOLYLINE
  5
5DE
330
17
100
AcDbEntity
  8
NUMBERS
100
AcDbPolyline
 90
2
 70
0
 10
0.778
 20
19.72
 10
0.8180000000000001
 20
19.72
  0
LWPOLYLINE
  5
5DF
330
17
100
AcDbEntity
  8
NUMBERS
100
AcDbPolyline
 90
4
 70
0
 10
0.906
 20
19.759999999999998
 10
0.8526666666666667
 20
19.759999999999998
 10
0.8526666666666667
 20
19.68
 10
0.906
 20
19.68
  0
LWPOLYLINE
  5
5E0
330
17
100
AcDbEntity
  8
NUMBERS
100
AcDbPolyline
 90
2
 70
0
 10
0.8526666666666667
 20
19.72
 10
0.8926666666666667
 20
19.72
  0
LWPOLYLINE
  5
5E1
330
17
100
AcDbEntity
  8
NUMBERS
100
AcDbPolyline
 90
2
 70
0
 10
0.9273333333333333
 20
19.759999999999998
 10
0.9806666666666667
 20
19.759999999999998
  0
LWPOLYLINE
  5
5E2
330
17
100
AcDbEntity
  8
NUMBERS
100
AcDbPolyline
 90
2
 70
0
 10
0.954
 20
19.759999999999998
 10
0.954
 20
19.68
  0
LWPOLYLINE
  5
5E3
330
17
100
AcDbEntity
  8
NUMBERS
100
AcDbPolyline
 90
2
 70
0
 10
1.0086666666666668
 20
19.72
 10
1.0486666666666669
 20
19.72
  0
LWPOLYLINE
  5
5E4
330
17
100
AcDbEntity
  8
NUMBERS
100
AcDbPolyline
 90
5
 70
0
 10
1.0766666666666667
 20
19.68
 10
1.13
 20
19.68
 10
1.13
 20
19.759999999999998
 10
1.0766666666666667
 20
19.759999999999998
 10
1.0766666666666667
 20
19.68
  0
LWPOLYLINE
  5
5E5
330
17
100
AcDbEntity
  8
NUMBERS
100
AcDbPolyline
 90
2
 70
0
 10
1.0766666666666667
 20
19.68
 10
1.13
 20
19.759999999999998
  0
LWPOLYLINE
  5
5E6
330
17
100
AcDbEntity
  8
NUMBERS
100
AcDbPolyline
 90
7
 70
0
 10
1.1513333333333335
 20
19.759999999999998
 10
1.2046666666666668
 20
19.759999999999998
 10
1.1780000000000002
 20
19.726666666666667
 10
1.2046666666666668
 20
19.713333333333335
 10
1.2046666666666668
 20
19.69333333333333
 10
1.1913333333333336
 20
19.68
 10
1.1513333333333335
 20
19.68
  0
LWPOLYLINE
  5
5E7
330
17
100
AcDbEntity
  8
BOUNDARY
100
AcDbPolyline
 90
4
 70
1
 10
30.0
 20
0.0
 10
30.0
 20
20.0
 10
0.0
 20
20.0
 10
0.0
 20
0.0
  0
LWPOLYLINE
  5
5E8
330
17
100
AcDbEntity
  8
BOUNDARY
100
AcDbPolyline
 90
4
 70
1
 10
29.5
 20
0.5
 10
29.5
 20
19.5
 10
0.5
 20
19.5
 10
0.5
 20
0.5
  0
ENDSEC
  0
SECTION
  2
OBJECTS
  0
DICTIONARY
  5
A
330
0
100
AcDbDictionary
281
1
  3
ACAD_COLOR
350
B
  3
ACAD_GROUP
350
C
  3
ACAD_LAYOUT
350
D
  3
ACAD_MATERIAL
350
E
  3
ACAD_MLEADERSTYLE
350
F
  3
ACAD_MLINESTYLE
350
10
  3
ACAD_PLOTSETTINGS
350
11
  3
ACAD_PLOTSTYLENAME
350
12
  3
ACAD_SCALELIST
350
14
  3
ACAD_TABLESTYLE
350
15
  3
ACAD_VISUALSTYLE
350
16
  3
EZDXF_META
350
2D
  0
DICTIONARY
  5
B
330
A
100
AcDbDictionary
281
1
  0
DICTIONARY
  5
C
330
A
100
AcDbDictionary
281
1
  0
DICTIONARY
  5
D
330
A
100
AcDbDictionary
281
1
  3
Model
350
1A
  3
Layout1
350
1E
  0
DICTIONARY
  5
E
330
A
100
AcDbDictionary
281
1
  3
ByBlock
350
1F
  3
ByLayer
350
20
  3
Global
350
21
  0
DICTIONARY
  5
F
330
A
100
AcDbDictionary
281
1
  3
Standard
350
2C
  0
DICTIONARY
  5
10
330
A
100
AcDbDictionary
281
1
  3
Standard
350
22
  0
DICTIONARY
  5
11
330
A
100
AcDbDictionary
281
1
  0
ACDBDICTIONARYWDFLT
  5
12
330
A
100
AcDbDictionary
281
1
  3
Normal
350
13
100
AcDbDictionaryWithDefault
340
13
  0
ACDBPLACEHOLDER
  5
13
330
12
  0
DICTIONARY
  5
14
330
A
100
AcDbDictionary
281
1
  0
DICTIONARY
  5
15
330
A
100
AcDbDictionary
281
1
  0
DICTIONARY
  5
16
330
A
100
AcDbDictionary
281
1
  0
LAYOUT
  5
1A
330
D
100
AcDbPlotSettings
  1

  4
A3
  6

 40
7.5
 41
20.0
 42
7.5
 43
20.0
 44
420.0
 45
297.0
 46
0.0
 47
0.0
 48
0.0
 49
0.0
140
0.0
141
0.0
142
1.0
143
1.0
 70
1024
 72
1
 73
0
 74
5
  7

 75
16
 76
0
 77
2
 78
300
147
1.0
148
0.0
149
0.0
100
AcDbLayout
  1
Model
 70
1
 71
0
 10
0.0
 20
0.0
 11
420.0
 21
297.0
 12
0.0
 22
0.0
 32
0.0
 14
1e+20
 24
1e+20
 34
1e+20
 15
-1e+20
 25
-1e+20
 35
-1e+20
146
0.0
 13
0.0
 23
0.0
 33
0.0
 16
1.0
 26
0.0
 36
0.0
 17
0.0
 27
1.0
 37
0.0
 76
1
330
17
  0
LAYOUT
  5
1E
330
D
100
AcDbPlotSettings
  1

  4
A3
  6

 40
7.5
 41
20.0
 42
7.5
 43
20.0
 44
420.0
 45
297.0
 46
0.0
 47
0.0
 48
0.0
 49
0.0
140
0.0
141
0.0
142
1.0
143
1.0
 70
0
 72
1
 73
0
 74
5
  7

 75
16
 76
0
 77
2
 78
300
147
1.0
148
0.0
149
0.0
100
AcDbLayout
  1
Layout1
 70
1
 71
1
 10
0.0
 20
0.0
 11
420.0
 21
297.0
 12
0.0
 22
0.0
 32
0.0
 14
1e+20
 24
1e+20
 34
1e+20
 15
-1e+20
 25
-1e+20
 35
-1e+20
146
0.0
 13
0.0
 23
0.0
 33
0.0
 16
1.0
 26
0.0
 36
0.0
 17
0.0
 27
1.0
 37
0.0
 76
1
330
1B
  0
MATERIAL
  5
1F
102
{ACAD_REACTORS
330
E
102
}
330
E
100
AcDbMaterial
  1
ByBlock
  2

 70
0
 40
1.0
 71
1
 41
1.0
 91
-1023410177
 42
1.0
 72
1
  3

 73
1
 74
1
 75
1
 44
0.5
 73
0
 45
1.0
 46
1.0
 77
1
  4

 78
1
 79
1
170
1
 48
1.0
171
1
  6

172
1
173
1
174
1
140
1.0
141
1.0
175
1
  7

176
1
177
1
178
1
143
1.0
179
1
  8

270
1
271
1
272
1
145
1.0
146
1.0
273
1
  9

274
1
275
1
276
1
 42
1.0
 72
1
  3

 73
1
 74
1
 75
1
 94
63
  0
MATERIAL
  5
20
102
{ACAD_REACTORS
330
E
102
}
330
E
100
AcDbMaterial
  1
ByLayer
  2

 70
0
 40
1.0
 71
1
 41
1.0
 91
-1023410177
 42
1.0
 72
1
  3

 73
1
 74
1
 75
1
 44
0.5
 73
0
 45
1.0
 46
1.0
 77
1
  4

 78
1
 79
1
170
1
 48
1.0
171
1
  6

172
1
173
1
174
1
140
1.0
141
1.0
175
1
  7

176
1
177
1
178
1
143
1.0
179
1
  8

270
1
271
1
272
1
145
1.0
146
1.0
273
1
  9

274
1
275
1
276
1
 42
1.0
 72
1
  3

 73
1
 74
1
 75
1
 94
63
  0
MATERIAL
  5
21
102
{ACAD_REACTORS
330
E
102
}
330
E
100
AcDbMaterial
  1
Global
  2

 70
0
 40
1.0
 71
1
 41
1.0
 91
-1023410177
 42
1.0
 72
1
  3

 73
1
 74
1
 75
1
 44
0.5
 73
0
 45
1.0
 46
1.0
 77
1
  4

 78
1
 79
1
170
1
 48
1.0
171
1
  6

172
1
173
1
174
1
140
1.0
141
1.0
175
1
  7

176
1
177
1
178
1
143
1.0
179
1
  8

270
1
271
1
272
1
145
1.0
146
1.0
273
1
  9

274
1
275
1
276
1
 42
1.0
 72
1
  3

 73
1
 74
1
 75
1
 94
63
  0
MLINESTYLE
  5
22
102
{ACAD_REACTORS
330
10
102
}
330
10
100
AcDbMlineStyle
  2
Standard
 70
0
  3

 62
256
 51
90.0
 52
90.0
 71
2
 49
0.5
 62
256
  6
BYLAYER
 49
-0.5
 62
256
  6
BYLAYER
  0
MLEADERSTYLE
  5
2C
102
{ACAD_REACTORS
330
F
102
}
330
F
100
AcDbMLeaderStyle
179
2
170
2
171
1
172
0
 90
2
 40
0.0
 41
0.0
173
1
 91
-1056964608
 92
-2
290
1
 42
2.0
291
1
 43
8.0
  3
Standard
 44
4.0
300

342
29
174
1
175
1
176
0
178
1
 93
-1056964608
 45
4.0
292
0
297
0
 46
4.0
 94
-1056964608
 47
1.0
 49
1.0
140
1.0
294
1
141
0.0
177
0
142
1.0
295
0
296
0
143
3.75
271
0
272
9
273
9
  0
DICTIONARY
  5
2D
330
A
100
AcDbDictionary
280
1
281
1
  3
CREATED_BY_EZDXF
350
2E
  3
WRITTEN_BY_EZDXF
350
5EB
  0
DICTIONARYVAR
  5
2E
330
2D
100
DictionaryVariables
280
0
  1
1.4.4 @ 2026-10-05T22:04:56.411050+00:00
  0
DICTIONARYVAR
  5
5EB
330
2D
100
DictionaryVariables
280
0
  1
1.4.4 @ 2026-10-05T22:04:56.487466+00:00
  0
ENDSEC
  0
EOF
