guid,layer,name,type,status,pass_,min_x,min_y,min_z,dx_m,dy_m,dz_m,dx_mm,dy_mm,dz_mm,min_dim_plies,fab_class,note,source
c2afd73b-8bbf-49a9-acc6-1aa07fed80ce,CONSTRUCTION,ORIGIN (hall NW outer corner),Point,DER,01,0.0,0.0,0.0,0.0,0.0,0.0,0.0,0.0,0.0,0.0,NON-PHYSICAL,reference / setting-out / analysis volume,
5a6c2bb0-654c-4042-8019-fe2dcc5372cc,CONSTRUCTION,AXIS +X (east),LineCurve,DER,01,0.0,0.0,0.0,5.0,0.0,0.0,26.04,0.0,0.0,16.4,NON-PHYSICAL,reference / setting-out / analysis volume,
ee985693-9d04-4a59-bfb5-66a34e5beebe,CONSTRUCTION,AXIS +Y (north),LineCurve,DER,01,0.0,0.0,0.0,0.0,5.0,0.0,0.0,26.04,0.0,16.4,NON-PHYSICAL,reference / setting-out / analysis volume,
200691cd-466c-4307-abd3-a654de294bb9,CONSTRUCTION,AXIS +Z,LineCurve,DER,01,0.0,0.0,0.0,0.0,0.0,5.0,0.0,0.0,26.04,16.4,NON-PHYSICAL,reference / setting-out / analysis volume,
0244730a-2b08-489b-b773-96fb47692f7a,GRID,C1  X=7.71,LineCurve,DER,01,7.71,-47.1,0.0,0.0,51.1,0.0,0.0,266.15,0.0,167.65,NON-PHYSICAL,reference / setting-out / analysis volume,
8832005b-e742-4975-b5d4-b413d6e13d11,GRID,C1  X=7.71,TextDot,DER,01,7.71,5.0,0.0,0.0,0.0,0.0,0.0,0.0,0.0,0.0,NON-PHYSICAL,reference / setting-out / analysis volume,
b346817b-f1bc-40bd-bdd6-200b1eb03109,GRID,C2  X=15.10,LineCurve,DER,01,15.1,-47.1,0.0,0.0,51.1,0.0,0.0,266.15,0.0,167.65,NON-PHYSICAL,reference / setting-out / analysis volume,
6a3ab049-cc56-4eb1-aca5-23189a3bd161,GRID,C2  X=15.10,TextDot,DER,01,15.1,5.0,0.0,0.0,0.0,0.0,0.0,0.0,0.0,0.0,NON-PHYSICAL,reference / setting-out / analysis volume,
bb44f1c8-1899-419d-b22b-d6b1c5a45d5d,GRID,C3  X=22.45,LineCurve,DER,01,22.45,-47.1,0.0,0.0,51.1,0.0,0.0,266.15,0.0,167.65,NON-PHYSICAL,reference / setting-out / analysis volume,
0adc2b43-006b-4e80-a135-a5caf4bdf4d2,GRID,C3  X=22.45,TextDot,DER,01,22.45,5.0,0.0,0.0,0.0,0.0,0.0,0.0,0.0,0.0,NON-PHYSICAL,reference / setting-out / analysis volume,
9fe56ffb-bc30-4491-8c61-0665648544e1,GRID,C4  X=29.79,LineCurve,DER,01,29.79,-47.1,0.0,0.0,51.1,0.0,0.0,266.15,0.0,167.65,NON-PHYSICAL,reference / setting-out / analysis volume,
18395ca6-a8c3-4049-9e9f-e678a0b3c2db,GRID,C4  X=29.79,TextDot,DER,01,29.79,5.0,0.0,0.0,0.0,0.0,0.0,0.0,0.0,0.0,NON-PHYSICAL,reference / setting-out / analysis volume,
b4bdc779-10d2-412c-be1d-7274dd1b615a,GRID,C5  X=37.14,LineCurve,DER,01,37.14,-47.1,0.0,0.0,51.1,0.0,0.0,266.15,0.0,167.65,NON-PHYSICAL,reference / setting-out / analysis volume,
b66cac08-3cb3-4f49-82ea-d005418b129f,GRID,C5  X=37.14,TextDot,DER,01,37.14,5.0,0.0,0.0,0.0,0.0,0.0,0.0,0.0,0.0,NON-PHYSICAL,reference / setting-out / analysis volume,
f3e53ee4-fb12-45ae-9040-a0b3ba90b8cc,GRID,C6  X=44.49,LineCurve,DER,01,44.49,-47.1,0.0,0.0,51.1,0.0,0.0,266.15,0.0,167.65,NON-PHYSICAL,reference / setting-out / analysis volume,
83497f10-4bd6-466e-bb0f-941c2ba55d63,GRID,C6  X=44.49,TextDot,DER,01,44.49,5.0,0.0,0.0,0.0,0.0,0.0,0.0,0.0,0.0,NON-PHYSICAL,reference / setting-out / analysis volume,
0dcec40f-35a3-47c7-8f69-49821e14f2b0,CONSTRUCTION,HALL W FACE X=0.00,LineCurve,DER,01,0.0,-47.1,0.0,0.0,51.1,0.0,0.0,266.15,0.0,167.65,NON-PHYSICAL,reference / setting-out / analysis volume,
f03d4f94-357e-4e81-83f7-1800a8b46a0b,CONSTRUCTION,HALL W FACE,TextDot,DER,01,0.0,-48.1,0.0,0.0,0.0,0.0,0.0,0.0,0.0,0.0,NON-PHYSICAL,reference / setting-out / analysis volume,
0fda20f8-1b25-4057-a2b2-f2f537a18370,CONSTRUCTION,HALL E FACE X=52.24,LineCurve,DER,01,52.24,-47.1,0.0,0.0,51.1,0.0,0.0,266.15,0.0,167.65,NON-PHYSICAL,reference / setting-out / analysis volume,
b4fe6257-8280-4577-b438-1e0e15bb0155,CONSTRUCTION,HALL E FACE,TextDot,DER,01,52.24,-48.1,0.0,0.0,0.0,0.0,0.0,0.0,0.0,0.0,NON-PHYSICAL,reference / setting-out / analysis volume,
0736f6d8-709d-4752-b689-b8d7b7f358f8,CONSTRUCTION,HALL N FACE Y=0.00,LineCurve,DER,01,-9.57,0.0,0.0,67.17,0.0,0.0,349.84,0.0,0.0,220.37,NON-PHYSICAL,reference / setting-out / analysis volume,
3419ab13-1752-4916-8e82-c346313ad43d,CONSTRUCTION,HALL N FACE,TextDot,DER,01,-10.57,0.0,0.0,0.0,0.0,0.0,0.0,0.0,0.0,0.0,NON-PHYSICAL,reference / setting-out / analysis volume,
0c9472cf-6eab-4232-a85d-4869e9b1ec01,CONSTRUCTION,HALL COL LINE S Y=-26.44,LineCurve,DER,01,-9.57,-26.44,0.0,67.17,0.0,0.0,349.84,0.0,0.0,220.37,NON-PHYSICAL,reference / setting-out / analysis volume,
31837970-d86d-4cc5-bc46-ce2b49c1c49e,CONSTRUCTION,HALL COL LINE S,TextDot,DER,01,-10.57,-26.44,0.0,0.0,0.0,0.0,0.0,0.0,0.0,0.0,NON-PHYSICAL,reference / setting-out / analysis volume,
6744d468-cced-4d4b-974a-1b5c8aac4d73,CONSTRUCTION,HALL S EDGE Y=-26.90,LineCurve,DER,01,-9.57,-26.9,0.0,67.17,0.0,0.0,349.84,0.0,0.0,220.37,NON-PHYSICAL,reference / setting-out / analysis volume,
447d7fd9-e59b-4360-b0fc-b5b2e9d0e64c,CONSTRUCTION,HALL S EDGE,TextDot,DER,01,-10.57,-26.9,0.0,0.0,0.0,0.0,0.0,0.0,0.0,0.0,NON-PHYSICAL,reference / setting-out / analysis volume,
1074221f-2051-4131-b1fb-7d021225d793,CONSTRUCTION,OVERALL EXTENT 59.17 x 43.10,PolylineCurve,DER,01,-5.57,-43.1,0.0,59.17,43.1,0.0,308.18,224.48,0.0,141.4,NON-PHYSICAL,reference / setting-out / analysis volume,
bb555d38-13a5-43d3-b35a-5b7fbf1e4b24,LEVELS,GROUND  +0.00,PolylineCurve,DER,01,-9.57,-47.1,0.0,67.17,51.1,0.0,349.84,266.15,0.0,167.65,NON-PHYSICAL,reference / setting-out / analysis volume,
f48440cc-cbc0-4fc1-9d4f-d3df7960b390,LEVELS,GROUND  +0.00,TextDot,DER,01,-9.57,-47.1,0.0,0.0,0.0,0.0,0.0,0.0,0.0,0.0,NON-PHYSICAL,reference / setting-out / analysis volume,
11167a99-205d-4658-9fcd-571315ef9ff6,LEVELS,L1 POOL DECK  +4.00,PolylineCurve,DER,01,-9.57,-47.1,4.0,67.17,51.1,0.0,349.84,266.15,0.0,167.65,NON-PHYSICAL,reference / setting-out / analysis volume,
04b1e430-1d7b-4773-a23b-33495a652194,LEVELS,L1 POOL DECK  +4.00,TextDot,DER,01,-9.57,-47.1,4.0,0.0,0.0,0.0,0.0,0.0,0.0,0.0,NON-PHYSICAL,reference / setting-out / analysis volume,
275c1a14-def5-4e0c-9eef-31beb2a9b444,LEVELS,L2  +7.05,PolylineCurve,DER,01,-9.57,-47.1,7.05,67.17,51.1,0.0,349.84,266.15,0.0,167.65,NON-PHYSICAL,reference / setting-out / analysis volume,
00dc7b49-345c-45d1-9f12-7630f3c065aa,LEVELS,L2  +7.05,TextDot,DER,01,-9.57,-47.1,7.05,0.0,0.0,0.0,0.0,0.0,0.0,0.0,NON-PHYSICAL,reference / setting-out / analysis volume,
173f2b2c-c1ff-4fc1-9ff3-e24786da7b6f,LEVELS,HALL ROOF U-S @SEC8  +11.30,PolylineCurve,DER,01,-9.57,-47.1,11.3,67.17,51.1,0.0,349.84,266.15,0.0,167.65,NON-PHYSICAL,reference / setting-out / analysis volume,
8fe3f5e1-392e-4234-8021-915ca943a662,LEVELS,HALL ROOF U-S @SEC8  +11.30,TextDot,DER,01,-9.57,-47.1,11.3,0.0,0.0,0.0,0.0,0.0,0.0,0.0,NON-PHYSICAL,reference / setting-out / analysis volume,
6356ce20-e7db-4d25-ae34-ff5739808482,LEVELS,HALL ROOF TOP @SEC8  +11.90,PolylineCurve,DER,01,-9.57,-47.1,11.9,67.17,51.1,0.0,349.84,266.15,0.0,167.65,NON-PHYSICAL,reference / setting-out / analysis volume,
a0023b3a-c3c1-4c9f-8c68-b226844047d6,LEVELS,HALL ROOF TOP @SEC8  +11.90,TextDot,DER,01,-9.57,-47.1,11.9,0.0,0.0,0.0,0.0,0.0,0.0,0.0,NON-PHYSICAL,reference / setting-out / analysis volume,
98746544-4bc8-4d54-8e8d-87e7900e0e8a,LEVELS,TOP OF BUILDING  +14.55,PolylineCurve,DER,01,-9.57,-47.1,14.55,67.17,51.1,0.0,349.84,266.15,0.0,167.65,NON-PHYSICAL,reference / setting-out / analysis volume,
2fdae575-c39a-4c72-b464-9c6de4fdb040,LEVELS,TOP OF BUILDING  +14.55,TextDot,DER,01,-9.57,-47.1,14.55,0.0,0.0,0.0,0.0,0.0,0.0,0.0,NON-PHYSICAL,reference / setting-out / analysis volume,
4159bd18-31c7-4581-966d-8575b3cb68fd,CONSTRUCTION,FOOTPRINT GF enclosed outline,PolylineCurve,DER,02,-5.987,-43.34,0.0,59.423,45.825,0.0,309.49,238.67,0.0,150.34,NON-PHYSICAL,reference / setting-out / analysis volume,
ae3d5201-2a4a-405c-9bdf-affceaff5779,CONSTRUCTION,"FOOTPRINT garden court (open, enclosed by walls)",PolylineCurve,DER,02,-4.546,-35.586,0.0,3.31,12.226,0.0,17.24,63.68,0.0,10.86,NON-PHYSICAL,reference / setting-out / analysis volume,
4f1b051d-4a38-4cb9-9dc1-bf9cf9255570,MASSING,M01 NORTH BAR,Brep,DER,03,-1.2,-4.818,0.0,53.969,4.865,14.55,281.09,25.34,75.78,15.96,NON-PHYSICAL,reference / setting-out / analysis volume,sec6/7 x269-317 top y278; L1 rooms S wall y196; L2 2.01 full length
f46014f3-9294-4d8d-bd51-46f55342e65b,MASSING,M02 POOL HALL,Brep,DER,03,0.0,-27.121,-0.145,52.24,22.573,14.783,272.08,117.57,76.99,48.5,NON-PHYSICAL,reference / setting-out / analysis volume,roof top fit sec6/7 (identical): Z = 8.954 -0.2059*Y
e1e4090f-2db5-4582-b2dc-fa82d6c300bb,MASSING,M03 EAST STRIP,Brep,DER,03,52.228,-30.21,0.0,1.22,30.509,14.55,6.35,158.9,75.78,4.0,NON-PHYSICAL,reference / setting-out / analysis volume,GF/L1 plans thin wall x797-798; sec8 line x193 to y278
3337f0e9-e8e6-4d27-beb9-f4048259b53f,MASSING,M04 NE BOX,Brep,ASM,03,46.378,0.0,0.0,7.058,2.49,3.0,36.76,12.97,15.62,8.17,NON-PHYSICAL,reference / setting-out / analysis volume,GF plan only; absent from L1; height ASSUMED
8912f4b9-1fcf-4595-a394-6a1ac87eec3d,MASSING,M05 GF PODIUM,Brep,DER,03,-6.569,-43.545,0.0,59.392,20.887,4.0,309.33,108.78,20.83,13.12,NON-PHYSICAL,reference / setting-out / analysis volume,"footprint (pass 02) S of hall, top = L1 FFL; garden court open"
ce462a9d-fcaf-4fa7-a2ef-bf59b7c094fe,MASSING,M06 L1 WING,Brep,DER,03,-6.295,-43.504,4.0,31.411,16.769,3.05,163.6,87.34,15.89,10.01,NON-PHYSICAL,reference / setting-out / analysis volume,"L1 plan E wall x~510 (=GF 0.17 E, L2 block E); top = L2 slab sec6/7 y354-355"
54bb178c-4633-48f1-b580-588201fb35a5,MASSING,M07 WEST ZONE (1.11/2.02),Brep,ASM,03,-4.983,-35.748,4.0,5.033,13.012,10.55,26.21,67.77,54.95,16.51,NON-PHYSICAL,reference / setting-out / analysis volume,sec8 elevation: outline X 0..-5.7 to y278; closed volume + roof ASSUMED; interior void Pass 10
e0722f01-6dc8-40fb-b8d2-3bd3ffb0741c,MASSING,M08 SOUTH BLOCK,Brep,DER,03,-6.243,-45.192,7.05,31.491,12.413,6.9,164.02,64.65,35.94,22.64,NON-PHYSICAL,reference / setting-out / analysis volume,L2 plan outline; N face lean sec6+sec7; top = cut sec6/7 y283-286
e92b5ccf-c061-4587-89a0-a2580986ca68,MASSING,M08b SOUTH BLOCK CANTILEVER,Brep,DER,03,12.275,-45.09,5.35,12.791,2.07,1.7,66.62,10.78,8.85,5.58,NON-PHYSICAL,reference / setting-out / analysis volume,L1 plan dark-grey mass x385-505 beyond GF S wall; soffit = outline beyond in sec6/7 (~y371)
75c4c232-6715-46e8-a5c8-8e54a855cfbb,MASSING,M09 SOLARIUM SLAB 1,Brep,ASM,03,24.522,-43.586,3.1,29.201,14.905,0.9,152.09,77.63,4.69,2.95,NON-PHYSICAL,reference / setting-out / analysis volume,"L1 plan 1.13 outline x510-800 y418-585; soffit ASSUMED (photo proportion), top = L1 FFL"
83f13a89-6032-4a5d-86c6-9eb3c5f84697,MASSING,M10 SOLARIUM PARAPET S,Brep,ASM,03,24.808,-43.44,4.0,28.628,0.3,3.0,149.1,1.56,15.62,0.98,NON-PHYSICAL,reference / setting-out / analysis volume,photo band; top = portal base in sec6 (~+6.9)
55701b4e-3b06-4ebc-8e73-438ee2b2aeaa,MASSING,M10 SOLARIUM PARAPET E,Brep,ASM,03,53.136,-43.14,4.0,0.3,13.229,3.0,1.56,68.9,15.62,0.98,NON-PHYSICAL,reference / setting-out / analysis volume,photo band; top = portal base in sec6 (~+6.9)
81822f29-7fca-4920-8947-ec836688c08d,STRUCTURE::STRUCTURE-BEAMS,S-B1 HALL ROOF BEAM C1,Brep,DER,04,7.46,-25.64,8.602,0.5,20.87,5.032,2.6,108.7,26.21,1.64,FABRICATE,,"grid C1; sec6/7 band, sec8 downstand at grid"
d6ab56e6-ed10-4a22-8234-bd8fb2bbc593,STRUCTURE::STRUCTURE-BEAMS,S-B2 HALL ROOF BEAM C2,Brep,DER,04,14.85,-25.64,8.602,0.5,20.87,5.032,2.6,108.7,26.21,1.64,FABRICATE,,"grid C2; sec6/7 band, sec8 downstand at grid"
d02625bd-77e3-4291-a25f-41b5dee206c4,STRUCTURE::STRUCTURE-BEAMS,S-B3 HALL ROOF BEAM C3,Brep,DER,04,22.2,-25.64,8.602,0.5,20.87,5.032,2.6,108.7,26.21,1.64,FABRICATE,,"grid C3; sec6/7 band, sec8 downstand at grid"
185976b4-6298-4c44-814a-4852358190e7,STRUCTURE::STRUCTURE-BEAMS,S-B4 HALL ROOF BEAM C4,Brep,DER,04,29.54,-25.64,8.602,0.5,20.87,5.032,2.6,108.7,26.21,1.64,FABRICATE,,"grid C4; sec6/7 band, sec8 downstand at grid"
d7dab2b1-b904-4b2f-87cd-9a7395b4050f,STRUCTURE::STRUCTURE-BEAMS,S-B5 HALL ROOF BEAM C5,Brep,DER,04,36.89,-25.64,8.602,0.5,20.87,5.032,2.6,108.7,26.21,1.64,FABRICATE,,"grid C5; sec6/7 band, sec8 downstand at grid"
b10eb283-8bb9-4186-8c16-b64c2f35dfeb,STRUCTURE::STRUCTURE-BEAMS,S-B6 HALL ROOF BEAM C6,Brep,DER,04,44.24,-25.64,8.602,0.5,20.87,5.032,2.6,108.7,26.21,1.64,FABRICATE,,"grid C6; sec6/7 band, sec8 downstand at grid"
dc26f23a-8399-4f62-9caf-a7f8038e0a9f,STRUCTURE::STRUCTURE-COLUMNS,S-C1 HALL LEG C1,Brep,DER,04,7.47,-26.79,4.0,0.48,2.073,8.434,2.5,10.8,43.93,1.57,FABRICATE,inclined hall leg,L1 plan column on grid; sec6 inclined outline
dba5e794-140e-4a98-9452-c131bf9f3a24,STRUCTURE::STRUCTURE-COLUMNS,S-C2 HALL LEG C2,Brep,DER,04,14.86,-26.79,4.0,0.48,2.073,8.434,2.5,10.8,43.93,1.57,FABRICATE,inclined hall leg,L1 plan column on grid; sec6 inclined outline
ef8d1eaf-b6b5-420e-b0b5-f000c23515ce,STRUCTURE::STRUCTURE-COLUMNS,S-C3 HALL LEG C3,Brep,DER,04,22.21,-26.79,4.0,0.48,2.073,8.434,2.5,10.8,43.93,1.57,FABRICATE,inclined hall leg,L1 plan column on grid; sec6 inclined outline
5d7bcdf9-028c-4c69-a911-0174c2f28020,STRUCTURE::STRUCTURE-COLUMNS,S-C4 HALL LEG C4,Brep,DER,04,29.55,-26.79,4.0,0.48,2.073,8.434,2.5,10.8,43.93,1.57,FABRICATE,inclined hall leg,L1 plan column on grid; sec6 inclined outline
468ac8d1-5f6d-4be7-97c6-3d8f900644da,STRUCTURE::STRUCTURE-COLUMNS,S-C5 HALL LEG C5,Brep,DER,04,36.9,-26.79,4.0,0.48,2.073,8.434,2.5,10.8,43.93,1.57,FABRICATE,inclined hall leg,L1 plan column on grid; sec6 inclined outline
75c6e2d6-6c9a-434e-8c45-06ecaebf3869,STRUCTURE::STRUCTURE-COLUMNS,S-C6 HALL LEG C6,Brep,DER,04,44.25,-26.79,4.0,0.48,2.073,8.434,2.5,10.8,43.93,1.57,FABRICATE,inclined hall leg,L1 plan column on grid; sec6 inclined outline
71d4b5f2-0797-45e9-9181-f6538c3b56f5,STRUCTURE::STRUCTURE-OTHER,S-F1 SUNSHADE FIN A X=7.71,Brep,DER,04,7.56,-32.78,7.05,0.3,2.88,7.15,1.56,15.0,37.24,0.98,FABRICATE,,profile from sec6/7 nearest fin; base on L2 terrace per sec6/7
180f4ad1-ad57-4d51-9617-97280c9e0637,STRUCTURE::STRUCTURE-OTHER,S-F2 SUNSHADE FIN B X=15.30,Brep,DER,04,15.15,-32.87,7.05,0.3,2.878,7.15,1.56,14.99,37.24,0.98,FABRICATE,,profile from sec6/7 nearest fin; base on L2 terrace per sec6/7
850f07a2-4eda-4ba2-8436-5dd15a87f7de,STRUCTURE::STRUCTURE-OTHER,S-F3 SUNSHADE FIN A X=22.95,Brep,ASM,04,22.8,-32.78,7.05,0.3,2.88,7.15,1.56,15.0,37.24,0.98,FABRICATE,,position DER (plans); A/B profile ASSUMED by alternation; base on L2 terrace per sec6/7
9f3590a5-498c-45ff-a28b-dc1e770eb322,STRUCTURE::STRUCTURE-OTHER,S-F4 SUNSHADE FIN B X=30.56,Brep,ASM,04,30.41,-32.87,4.0,0.3,2.878,10.2,1.56,14.99,53.12,0.98,FABRICATE,,position DER (plans); A/B profile ASSUMED by alternation; base on solarium per L1 plan
9558b0ab-35a4-4ead-9724-77f7ad6dbf07,STRUCTURE::STRUCTURE-OTHER,S-F5 SUNSHADE FIN A X=38.14,Brep,ASM,04,37.99,-32.78,4.0,0.3,2.88,10.2,1.56,15.0,53.12,0.98,FABRICATE,,position DER (plans); A/B profile ASSUMED by alternation; base on solarium per L1 plan
98c1e9b0-66f4-461e-94b9-4c5af1737a01,STRUCTURE::STRUCTURE-OTHER,S-F6 SUNSHADE FIN B X=45.76,Brep,ASM,04,45.61,-32.87,4.0,0.3,2.878,10.2,1.56,14.99,53.12,0.98,FABRICATE,,position DER (plans); A/B profile ASSUMED by alternation; base on solarium per L1 plan
35e87203-2d63-4011-924d-8107aa7b3566,STRUCTURE::STRUCTURE-OTHER,S-F7 SUNSHADE FIN A X=53.35,Brep,ASM,04,53.2,-32.78,4.0,0.3,2.88,10.2,1.56,15.0,53.12,0.98,FABRICATE,,position DER (plans); A/B profile ASSUMED by alternation; base on solarium per L1 plan
d789592c-d48f-4e33-b53e-373fd10ed5b8,STRUCTURE::STRUCTURE-BEAMS,S-B7 SUNSHADE TOP BEAM,Brep,DER,04,0.0,-32.87,14.2,53.436,2.97,0.35,278.31,15.47,1.82,1.15,FABRICATE,,"sec6/7 cap y278-281; plan dashed overhead lines L1 x510-800, L2 x50-"
e4eb563d-c84f-49ef-9ccf-4baccdb76c62,STRUCTURE::STRUCTURE-COLUMNS,"S-GC GF COLUMN (26.55, -14.46)",Brep,ASM,04,26.4,-14.61,0.0,0.3,0.3,1.48,1.56,1.56,7.71,0.98,OMIT,"GF column under pool tank, hidden",position DER GF plan; top = sec8 pool floor - ASSUMED 0.3 m slab
a3bfc3a8-b409-4834-a7b8-6ab70e4f024a,STRUCTURE::STRUCTURE-COLUMNS,"S-GC GF COLUMN (26.55, -18.94)",Brep,ASM,04,26.4,-19.09,0.0,0.3,0.3,1.48,1.56,1.56,7.71,0.98,OMIT,"GF column under pool tank, hidden",position DER GF plan; top = sec8 pool floor - ASSUMED 0.3 m slab
dd81fe12-cadf-48c5-8804-d012776d17a9,STRUCTURE::STRUCTURE-COLUMNS,"S-GC GF COLUMN (30.52, -14.46)",Brep,ASM,04,30.37,-14.61,0.0,0.3,0.3,1.19,1.56,1.56,6.2,0.98,OMIT,"GF column under pool tank, hidden",position DER GF plan; top = sec8 pool floor - ASSUMED 0.3 m slab
ed2edd0b-ddbe-4e3e-b0e0-a262997fa697,STRUCTURE::STRUCTURE-COLUMNS,"S-GC GF COLUMN (30.52, -18.94)",Brep,ASM,04,30.37,-19.09,0.0,0.3,0.3,1.19,1.56,1.56,6.2,0.98,OMIT,"GF column under pool tank, hidden",position DER GF plan; top = sec8 pool floor - ASSUMED 0.3 m slab
6283c6d0-4685-4c4b-81e8-a8ebe9897c42,STRUCTURE::STRUCTURE-COLUMNS,"S-GC GF COLUMN (34.40, -14.46)",Brep,ASM,04,34.25,-14.61,0.0,0.3,0.3,0.89,1.56,1.56,4.64,0.98,OMIT,"GF column under pool tank, hidden",position DER GF plan; top = sec8 pool floor - ASSUMED 0.3 m slab
1c413728-dcdc-45a8-aec3-eda0367a5c08,STRUCTURE::STRUCTURE-COLUMNS,"S-GC GF COLUMN (34.40, -18.94)",Brep,ASM,04,34.25,-19.09,0.0,0.3,0.3,0.89,1.56,1.56,4.64,0.98,OMIT,"GF column under pool tank, hidden",position DER GF plan; top = sec8 pool floor - ASSUMED 0.3 m slab
7abda185-1bc4-478e-9e45-427d414616e8,WALLS::WALLS-EXTERIOR,EXT N WALL,Brep,,,-5.224,-0.33,0.0,59.254,0.36,6.875,308.62,1.88,35.81,1.18,EXCLUDE,untagged duplicate of pass-06 N wall (x3 coincident),
3376cba1-7d7a-496a-a03a-dbc4b1d6c220,WALLS::WALLS-EXTERIOR,EXT N WALL,Brep,,,-5.224,-0.33,0.0,59.254,0.36,6.875,308.62,1.88,35.81,1.18,EXCLUDE,untagged duplicate of pass-06 N wall (x3 coincident),
97d1c130-fa57-4fab-9e87-59f4c9f868cb,WALLS::WALLS-EXTERIOR,EXT N WALL,Brep,,,-5.224,-0.33,0.0,59.254,0.36,6.875,308.62,1.88,35.81,1.18,EXCLUDE,untagged duplicate of pass-06 N wall (x3 coincident),
a2e7a4e2-b1a6-4570-a995-802fee19575f,REFERENCE::REFERENCE-PLANS,PLAN GROUND,Brep,DER,01b,-25.987,-55.567,0.0,99.404,70.278,0.0,517.73,366.03,0.0,230.57,NON-PHYSICAL,reference / setting-out / analysis volume,
332ff59d-0b39-4049-901c-c5a2d38bd796,REFERENCE::REFERENCE-PLANS,PLAN L1,Brep,DER,01b,-25.888,-55.567,4.0,99.404,70.278,0.0,517.73,366.03,0.0,230.57,NON-PHYSICAL,reference / setting-out / analysis volume,
0980df0a-97a6-41c4-9453-2cd47442ab5b,REFERENCE::REFERENCE-PLANS,PLAN L2,Brep,DER,01b,-6.243,-45.782,7.05,60.185,47.454,0.0,313.46,247.15,0.0,155.69,NON-PHYSICAL,reference / setting-out / analysis volume,
7622bc48-7115-4a88-a705-7f4231739b0f,REFERENCE::REFERENCE-SECTIONS,SECTION 6,Brep,DER,01b,3.8,-72.376,-27.921,0.0,99.01,70.0,0.0,515.68,364.58,229.66,NON-PHYSICAL,reference / setting-out / analysis volume,
ffad874a-0d7b-4f7d-bb3e-72f082e64c40,REFERENCE::REFERENCE-SECTIONS,SECTION 7,Brep,DER,01b,11.3,-72.376,-27.921,0.0,99.01,70.0,0.0,515.68,364.58,229.66,NON-PHYSICAL,reference / setting-out / analysis volume,
3a513f90-5f18-48e5-a290-bd05b8e154b4,REFERENCE::REFERENCE-SECTIONS,SECTION 8,Brep,DER,01b,-26.474,-17.7,-27.921,99.01,0.0,70.0,515.68,0.0,364.58,229.66,NON-PHYSICAL,reference / setting-out / analysis volume,
1412029b-8f54-4d37-8af2-65d6185f4004,SLABS,SL-00 GF SLAB,Brep,DER,05,-6.581,-43.798,-0.3,60.611,46.742,0.3,315.68,243.45,1.56,0.98,FABRICATE,,pass-02 footprint; thickness = section ground line y425-428
3b3d8979-663b-43dc-81e5-9f565a794272,SLABS,SL-11 L1 N BAR WEST (+3.37),Brep,DER,05,-0.762,-4.818,2.57,9.252,4.865,0.8,48.19,25.34,4.17,2.62,FABRICATE,,sec6 X3.8 y391-399; east extent to X8.4 ASSUMED
acc32399-adae-4964-91c5-fcaa49cf44f3,SLABS,SL-16 L1 SOLARIUM,Brep,DER,05,24.522,-43.605,3.01,29.201,16.871,0.99,152.09,87.87,5.16,3.25,FABRICATE,,L1 plan 1.13 outline; soffit 3.01 from S+E elevations
fa3520d9-3e5a-49a9-b60f-c220a5297fb1,SLABS,SL-22 L2 TERRACE,Brep,DER,05,0.0,-32.9,6.45,24.808,6.0,0.6,129.21,31.25,3.12,1.97,FABRICATE,,sec6/7 y355-361; fins stand on it
65317903-5a45-4a93-a030-a3e96c167d05,WALLS::WALLS-EXTERIOR,EXT N WALL,Brep,DER,06,-1.2,-0.33,6.3,53.969,0.36,8.25,281.09,1.87,42.97,1.18,FABRICATE,,GF/L1 y148-150; secs top y278
845fa4ee-c2b9-438e-8b93-908de01b7243,WALLS::WALLS-EXTERIOR,EXT N BAR W (0.01 slant),Brep,DER,06,-0.774,-5.248,0.0,1.239,5.725,14.55,6.45,29.82,75.78,4.07,FABRICATE,,GF/L1/L2 slanted corner
03155b85-52c8-4cc1-b137-a47b1bf97ad3,WALLS::WALLS-EXTERIOR,EXT HALL E,Brep,DER,06,51.8,-26.9,2.945,0.48,26.948,11.605,2.5,140.35,60.44,1.57,FABRICATE,,plans x783-786; sec8 x205-209 to y278
d8e18605-18a1-475d-ac1e-248e408f3e82,WALLS::WALLS-EXTERIOR,EXT E OUTER (NE box part),Brep,ASM,06,53.216,-0.248,0.0,0.24,2.982,3.0,1.25,15.53,15.62,0.79,FABRICATE,,GF plan; not visible in E elevation
ab829efe-0238-4620-aeac-1511d58c5764,WALLS::WALLS-EXTERIOR,EXT E OUTER (thin),Brep,DER,06,53.216,-30.052,0.0,0.24,32.784,14.55,1.25,170.75,75.78,0.79,FABRICATE,,plans x797-798; sec8 x193 y278-425; E elev full-height face x419-737
0c10f6dd-5791-4ad9-9761-b5dbc2ca6464,WALLS::WALLS-EXTERIOR,"EXT E OUTER (south, low)",Brep,DER,06,53.216,-30.17,0.0,0.24,3.109,7.865,1.25,16.19,40.96,0.79,FABRICATE,,"E elev element x389-419, top y231.5"
be5517e6-e520-49af-bad5-866291589b78,WALLS::WALLS-EXTERIOR,EXT NE BOX,Brep,ASM,06,46.363,-0.248,0.0,0.18,2.982,3.3,0.94,15.53,17.19,0.59,FABRICATE,,GF only; height ASSUMED
c70e247f-93ba-4e80-baf8-9ec61b742d8e,WALLS::WALLS-EXTERIOR,EXT NE BOX,Brep,ASM,06,46.378,2.325,0.0,7.058,0.165,3.0,36.76,0.86,15.62,0.54,FABRICATE,,GF only; height ASSUMED
b45f399b-ccd9-4e97-a183-84168bcdd5b1,WALLS::WALLS-EXTERIOR,EXT FORECOURT SLANT,Brep,DER,06,41.538,-30.027,0.0,12.493,1.635,4.4,65.07,8.52,22.92,5.36,FABRICATE,,GF y434-448
21b36863-8d22-44d6-97d0-50c0ef83cfc3,WALLS::WALLS-EXTERIOR,EXT W SLANT (block),Brep,DER,06,-6.069,-43.726,0.0,1.563,8.843,14.55,8.14,46.06,75.78,5.13,FABRICATE,,GF/L1/L2 W edge; sec8 elevation outline to y278; S elev top y145
9136fd7b-bf08-4f4e-94d9-86c75f9491fb,WALLS::WALLS-EXTERIOR,EXT W SLANT (west zone),Brep,ASM,06,-5.138,-36.94,0.0,2.445,15.357,14.55,12.73,79.98,75.78,8.02,FABRICATE,,"GF wall DER; height to +14.55 from sec8 elevation, enclosure ASSUMED"
a73ba7f9-e9ad-47e2-af80-99c3ff785224,WALLS::WALLS-EXTERIOR,EXT GARDEN N,Brep,DER,06,-3.513,-23.303,0.0,3.833,0.48,14.55,19.96,2.5,75.78,1.57,FABRICATE,,GF y378-382; sec8 elevation N face to y278
54b5342b-27be-4b7e-9e74-ed428ec956c2,WALLS::WALLS-EXTERIOR,EXT BLOCK NOTCH,Brep,DER,06,-5.169,-36.17,2.945,5.639,0.6,11.605,29.37,3.13,60.44,1.97,FABRICATE,,L2 y290 wall
8d4060e9-5cc9-4347-97c9-2b70c3dc59e3,WALLS::WALLS-EXTERIOR,EXT SOLARIUM PARAPET E,Brep,DER,06,53.106,-43.605,4.0,0.36,15.047,2.519,1.88,78.37,13.12,1.18,FABRICATE,,E elev band top y241; thickness ASSUMED
cd6365d3-c97b-430b-937f-2e1de953a04f,WALLS::WALLS-EXTERIOR,EXT BLOCK S (cantilever),Brep,DER,06,11.108,-45.07,5.228,13.866,1.449,1.822,72.22,7.54,9.49,4.75,FABRICATE,,L1 dark-grey mass; soffit = S elev sloping line (5.23 -> 5.55)
bd94c91b-78a9-4530-9218-e160662fc0ca,WALLS::WALLS-EXTERIOR,EXT SOLARIUM PARAPET S,Brep,DER,06,24.522,-43.47,4.0,29.201,0.36,2.293,152.09,1.87,11.95,1.18,FABRICATE,,S elev band top: sloping line 5.55 -> 6.29; thickness ASSUMED
1f67498b-8258-464d-a2fa-81052882f78a,WALLS::WALLS-EXTERIOR,EXT BLOCK N (leaning),Brep,DER,06,0.0,-36.172,7.05,24.94,3.272,7.5,129.9,17.04,39.06,10.73,FABRICATE,,sec6+sec7 leaning face; E elev confirms; to parapet +14.55
e6b79f4d-fe34-495e-97f3-ebcbd99dfe49,WALLS::WALLS-EXTERIOR,EXT BLOCK E,Brep,DER,06,24.39,-45.07,7.05,0.584,11.67,7.5,3.04,60.78,39.06,1.92,FABRICATE,,L2 x240-242; E elev top y145
6ea1c38a-5db6-4495-84b9-832149878f77,WALLS::WALLS-INTERIOR,"INT GROUND H px[333, 169, 351, 170]",Brep,DER,06,6.925,-2.306,0.0,2.267,0.239,4.0,11.81,1.24,20.83,0.78,OMIT,"interior partition, not visible in closed model (see clarification)","auto-extracted PLAN GROUND rect px [333, 169, 351, 170]; height = storey, slabs subtracted"
58afacca-a238-4c77-bfd6-147e2e0b6fad,WALLS::WALLS-INTERIOR,"INT GROUND H px[450, 176, 469, 177]",Brep,DER,06,18.545,-3.002,0.0,2.386,0.239,4.0,12.43,1.24,20.83,0.78,OMIT,"interior partition, not visible in closed model (see clarification)","auto-extracted PLAN GROUND rect px [450, 176, 469, 177]; height = storey, slabs subtracted"
97421f26-23e8-4ba6-8c31-80ea3b35960d,WALLS::WALLS-INTERIOR,"INT GROUND H px[406, 180, 447, 181]",Brep,DER,06,13.952,-3.4,0.0,5.01,0.239,4.0,26.09,1.24,20.83,0.78,OMIT,"interior partition, not visible in closed model (see clarification)","auto-extracted PLAN GROUND rect px [406, 180, 447, 181]; height = storey, slabs subtracted"
891f0dbb-7c88-4166-a0fa-8a00e19a8ebd,WALLS::WALLS-INTERIOR,"INT GROUND H px[668, 180, 744, 181]",Brep,DER,06,39.649,-3.4,0.0,9.185,0.239,4.0,47.84,1.24,20.83,0.78,OMIT,"interior partition, not visible in closed model (see clarification)","auto-extracted PLAN GROUND rect px [668, 180, 744, 181]; height = storey, slabs subtracted"
139b334f-68b9-4daa-9815-0f13324817f6,WALLS::WALLS-INTERIOR,"INT GROUND H px[322, 180, 344, 182]",Brep,DER,06,5.791,-3.509,0.0,2.744,0.358,2.827,14.29,1.86,14.72,1.17,OMIT,"interior partition, not visible in closed model (see clarification)","auto-extracted PLAN GROUND rect px [322, 180, 344, 182]; height = storey, slabs subtracted"
fb79b581-baef-453d-9f90-58090917c6fe,WALLS::WALLS-INTERIOR,"INT GROUND H px[322, 180, 344, 182]",Brep,DER,06,5.791,-3.509,3.307,2.699,0.358,0.693,14.06,1.86,3.61,1.17,OMIT,"interior partition, not visible in closed model (see clarification)","auto-extracted PLAN GROUND rect px [322, 180, 344, 182]; height = storey, slabs subtracted"
849b2d86-5190-4bde-9307-f663b5cc0d71,WALLS::WALLS-INTERIOR,"INT GROUND H px[346, 180, 363, 182]",Brep,DER,06,8.227,-3.509,0.0,2.147,0.358,4.0,11.18,1.86,20.83,1.17,OMIT,"interior partition, not visible in closed model (see clarification)","auto-extracted PLAN GROUND rect px [346, 180, 363, 182]; height = storey, slabs subtracted"
94f33988-ca02-49f7-9866-160da8dcee6b,WALLS::WALLS-INTERIOR,"INT GROUND H px[497, 182, 537, 183]",Brep,DER,06,23.008,-3.599,0.0,4.891,0.239,4.0,25.47,1.24,20.83,0.78,OMIT,"interior partition, not visible in closed model (see clarification)","auto-extracted PLAN GROUND rect px [497, 182, 537, 183]; height = storey, slabs subtracted"
22f659e3-7a9b-4c88-ad46-de3b4c28dc26,WALLS::WALLS-INTERIOR,"INT GROUND H px[263, 197, 299, 198]",Brep,DER,06,0.057,-5.09,0.0,4.121,0.239,2.75,21.46,1.24,14.32,0.78,OMIT,"interior partition, not visible in closed model (see clarification)","auto-extracted PLAN GROUND rect px [263, 197, 299, 198]; height = storey, slabs subtracted"
ee1b98ea-2ead-4151-b12a-c9339c136d0f,WALLS::WALLS-INTERIOR,"INT GROUND H px[387, 197, 404, 198]",Brep,DER,06,12.303,-5.09,0.0,2.147,0.239,2.75,11.18,1.24,14.32,0.78,OMIT,"interior partition, not visible in closed model (see clarification)","auto-extracted PLAN GROUND rect px [387, 197, 404, 198]; height = storey, slabs subtracted"
fea12cd4-cb86-45ed-8075-e1a39c9cd3fa,WALLS::WALLS-INTERIOR,"INT GROUND H px[543, 197, 558, 198]",Brep,DER,06,27.83,-5.09,0.0,1.908,0.239,2.75,9.94,1.24,14.32,0.78,OMIT,"interior partition, not visible in closed model (see clarification)","auto-extracted PLAN GROUND rect px [543, 197, 558, 198]; height = storey, slabs subtracted"
6690f64b-b11b-4b19-b00e-404865c60b25,WALLS::WALLS-INTERIOR,"INT GROUND H px[576, 196, 614, 198]",Brep,DER,06,30.881,-5.1,0.0,4.652,0.359,2.75,24.23,1.87,14.32,1.18,OMIT,"interior partition, not visible in closed model (see clarification)","auto-extracted PLAN GROUND rect px [576, 196, 614, 198]; height = storey, slabs subtracted"
62f1cee6-78f0-46e8-82c2-8f7da48fd941,WALLS::WALLS-INTERIOR,"INT GROUND H px[707, 196, 741, 198]",Brep,DER,06,43.943,-5.1,0.0,4.175,0.359,4.0,21.74,1.87,20.83,1.18,OMIT,"interior partition, not visible in closed model (see clarification)","auto-extracted PLAN GROUND rect px [707, 196, 741, 198]; height = storey, slabs subtracted"
78b1239f-6110-4620-ac71-756653bc3e89,WALLS::WALLS-INTERIOR,"INT GROUND H px[324, 197, 341, 199]",Brep,DER,06,6.04,-5.199,0.0,2.148,0.358,2.75,11.19,1.86,14.32,1.17,OMIT,"interior partition, not visible in closed model (see clarification)","auto-extracted PLAN GROUND rect px [324, 197, 341, 199]; height = storey, slabs subtracted"
c671b776-7235-4b7f-afd9-94270337fad4,WALLS::WALLS-INTERIOR,"INT GROUND H px[409, 197, 425, 199]",Brep,DER,06,14.5,-5.199,0.0,2.027,0.358,2.75,10.56,1.86,14.32,1.17,OMIT,"interior partition, not visible in closed model (see clarification)","auto-extracted PLAN GROUND rect px [409, 197, 425, 199]; height = storey, slabs subtracted"
200e15fd-0c5a-4d19-8702-da864f6c041a,WALLS::WALLS-INTERIOR,"INT GROUND H px[428, 197, 447, 199]",Brep,DER,06,16.358,-5.199,0.0,2.386,0.358,2.75,12.43,1.86,14.32,1.17,OMIT,"interior partition, not visible in closed model (see clarification)","auto-extracted PLAN GROUND rect px [428, 197, 447, 199]; height = storey, slabs subtracted"
f5d547f0-99af-4f72-bff3-bb89726c59e1,WALLS::WALLS-INTERIOR,"INT GROUND H px[452, 194, 466, 199]",Brep,DER,06,18.794,-5.229,0.0,1.789,0.715,4.0,9.32,3.72,20.83,2.35,OMIT,"interior partition, not visible in closed model (see clarification)","auto-extracted PLAN GROUND rect px [452, 194, 466, 199]; height = storey, slabs subtracted"
7d3bf128-cc26-4c26-943a-7554dd4cb905,WALLS::WALLS-INTERIOR,"INT GROUND H px[487, 197, 537, 199]",Brep,DER,06,21.915,-5.199,0.0,6.084,0.358,2.75,31.69,1.86,14.32,1.17,OMIT,"interior partition, not visible in closed model (see clarification)","auto-extracted PLAN GROUND rect px [487, 197, 537, 199]; height = storey, slabs subtracted"
90790938-56a0-4374-aba5-a4b5d7a6fbe4,WALLS::WALLS-INTERIOR,"INT GROUND H px[263, 224, 281, 225]",Brep,DER,06,0.236,-7.773,0.0,1.973,0.238,2.75,10.28,1.24,14.32,0.78,OMIT,"interior partition, not visible in closed model (see clarification)","auto-extracted PLAN GROUND rect px [263, 224, 281, 225]; height = storey, slabs subtracted"
29dff716-d9f5-48ac-b6d2-8f7ca9ba7c7d,WALLS::WALLS-INTERIOR,"INT GROUND H px[324, 226, 365, 227]",Brep,DER,06,5.802,-7.972,0.0,5.01,0.239,2.75,26.09,1.24,14.32,0.78,OMIT,"interior partition, not visible in closed model (see clarification)","auto-extracted PLAN GROUND rect px [324, 226, 365, 227]; height = storey, slabs subtracted"
b65cfc38-8550-455b-8fa3-8ec7a7deafb7,WALLS::WALLS-INTERIOR,"INT GROUND H px[387, 232, 425, 233]",Brep,DER,06,12.094,-8.569,0.0,4.651,0.239,2.75,24.23,1.24,14.32,0.78,OMIT,"interior partition, not visible in closed model (see clarification)","auto-extracted PLAN GROUND rect px [387, 232, 425, 233]; height = storey, slabs subtracted"
a6251bf0-96ba-4b5d-a599-ae5abb630b5f,WALLS::WALLS-INTERIOR,"INT GROUND H px[329, 248, 344, 251]",Brep,DER,06,6.557,-10.378,0.0,1.909,0.478,2.75,9.94,2.49,14.32,1.57,OMIT,"interior partition, not visible in closed model (see clarification)","auto-extracted PLAN GROUND rect px [329, 248, 344, 251]; height = storey, slabs subtracted"
e35d516e-8af5-4f8f-a54d-a3b00030b9ce,WALLS::WALLS-INTERIOR,"INT GROUND H px[404, 248, 419, 251]",Brep,DER,06,14.013,-10.378,0.0,1.908,0.478,2.75,9.94,2.49,14.32,1.57,OMIT,"interior partition, not visible in closed model (see clarification)","auto-extracted PLAN GROUND rect px [404, 248, 419, 251]; height = storey, slabs subtracted"
f6491e04-4921-4593-8982-04192f36c518,WALLS::WALLS-INTERIOR,"INT GROUND H px[543, 250, 558, 251]",Brep,DER,06,27.83,-10.358,0.0,1.908,0.239,2.75,9.94,1.24,14.32,0.78,OMIT,"interior partition, not visible in closed model (see clarification)","auto-extracted PLAN GROUND rect px [543, 250, 558, 251]; height = storey, slabs subtracted"
0fe75be4-037e-4ed0-a2f3-583d9e8319bf,WALLS::WALLS-INTERIOR,"INT GROUND H px[562, 250, 614, 251]",Brep,DER,06,29.35,-10.358,0.0,6.323,0.239,2.75,32.93,1.24,14.32,0.78,OMIT,"interior partition, not visible in closed model (see clarification)","auto-extracted PLAN GROUND rect px [562, 250, 614, 251]; height = storey, slabs subtracted"
8722f49e-e673-48cf-8b65-d3dc63d43215,WALLS::WALLS-INTERIOR,"INT GROUND H px[617, 250, 644, 251]",Brep,DER,06,35.067,-10.358,0.0,3.34,0.239,2.75,17.39,1.24,14.32,0.78,OMIT,"interior partition, not visible in closed model (see clarification)","auto-extracted PLAN GROUND rect px [617, 250, 644, 251]; height = storey, slabs subtracted"
6183fec3-532b-4396-bcd5-8f9294f11bf4,WALLS::WALLS-INTERIOR,"INT GROUND H px[648, 250, 664, 251]",Brep,DER,06,38.257,-10.358,0.0,2.028,0.239,2.75,10.56,1.24,14.32,0.78,OMIT,"interior partition, not visible in closed model (see clarification)","auto-extracted PLAN GROUND rect px [648, 250, 664, 251]; height = storey, slabs subtracted"
052e2323-f472-4e95-9931-c3dea906a035,WALLS::WALLS-INTERIOR,"INT GROUND H px[668, 250, 693, 251]",Brep,DER,06,40.156,-10.358,0.0,3.102,0.239,2.75,16.16,1.24,14.32,0.78,OMIT,"interior partition, not visible in closed model (see clarification)","auto-extracted PLAN GROUND rect px [668, 250, 693, 251]; height = storey, slabs subtracted"
64d249dd-83a6-4e50-afbe-b66d718b1b71,WALLS::WALLS-INTERIOR,"INT GROUND H px[697, 250, 722, 251]",Brep,DER,06,43.039,-10.358,0.0,3.101,0.239,2.75,16.15,1.24,14.32,0.78,OMIT,"interior partition, not visible in closed model (see clarification)","auto-extracted PLAN GROUND rect px [697, 250, 722, 251]; height = storey, slabs subtracted"
64a840cd-6fc8-4a52-a61b-490f26d41a84,WALLS::WALLS-INTERIOR,"INT GROUND H px[726, 250, 740, 251]",Brep,DER,06,46.031,-10.358,0.0,1.789,0.239,4.0,9.32,1.24,20.83,0.78,OMIT,"interior partition, not visible in closed model (see clarification)","auto-extracted PLAN GROUND rect px [726, 250, 740, 251]; height = storey, slabs subtracted"
cc4989e7-e531-42fb-a1bf-7b6270586799,WALLS::WALLS-INTERIOR,"INT GROUND H px[744, 301, 782, 303]",Brep,DER,06,47.582,-15.537,0.0,4.645,0.358,4.07,24.19,1.86,21.2,1.17,OMIT,"interior partition, not visible in closed model (see clarification)","auto-extracted PLAN GROUND rect px [744, 301, 782, 303]; height = storey, slabs subtracted"
ddf1acc0-259f-47d0-b8e9-26f02b26c8b2,WALLS::WALLS-INTERIOR,"INT GROUND H px[330, 334, 350, 336]",Brep,DER,06,6.607,-18.817,0.0,2.504,0.358,2.5,13.04,1.86,13.02,1.17,OMIT,"interior partition, not visible in closed model (see clarification)","auto-extracted PLAN GROUND rect px [330, 334, 350, 336]; height = storey, slabs subtracted"
b8a83250-b85e-4290-bd7d-1d1e1aead0e9,WALLS::WALLS-INTERIOR,"INT GROUND H px[398, 334, 418, 336]",Brep,DER,06,13.366,-18.817,0.0,2.506,0.358,2.5,13.05,1.86,13.02,1.17,OMIT,"interior partition, not visible in closed model (see clarification)","auto-extracted PLAN GROUND rect px [398, 334, 418, 336]; height = storey, slabs subtracted"
e672f236-4ceb-4bc5-b554-d9a2c792960a,WALLS::WALLS-INTERIOR,"INT GROUND H px[457, 335, 466, 336]",Brep,DER,06,19.341,-18.807,0.0,1.193,0.239,2.75,6.21,1.24,14.32,0.78,OMIT,"interior partition, not visible in closed model (see clarification)","auto-extracted PLAN GROUND rect px [457, 335, 466, 336]; height = storey, slabs subtracted"
6e55734d-e5e3-44fb-b818-ae0acb77dc60,WALLS::WALLS-INTERIOR,"INT GROUND H px[281, 379, 296, 380]",Brep,DER,06,1.786,-23.181,0.0,1.908,0.239,2.75,9.94,1.24,14.32,0.78,OMIT,"interior partition, not visible in closed model (see clarification)","auto-extracted PLAN GROUND rect px [281, 379, 296, 380]; height = storey, slabs subtracted"
0f79d1b1-5a80-483d-8fe2-79a3c5dc9e21,WALLS::WALLS-INTERIOR,"INT GROUND H px[308, 379, 323, 380]",Brep,DER,06,4.47,-23.181,0.0,1.908,0.239,2.75,9.94,1.24,14.32,0.78,OMIT,"interior partition, not visible in closed model (see clarification)","auto-extracted PLAN GROUND rect px [308, 379, 323, 380]; height = storey, slabs subtracted"
8088e0f7-ca3c-4f6b-9e70-4a27bec44bea,WALLS::WALLS-INTERIOR,"INT GROUND H px[336, 379, 350, 380]",Brep,DER,06,7.263,-23.181,0.0,1.789,0.239,2.75,9.32,1.24,14.32,0.78,OMIT,"interior partition, not visible in closed model (see clarification)","auto-extracted PLAN GROUND rect px [336, 379, 350, 380]; height = storey, slabs subtracted"
8e0fa3a6-4dbd-41c4-bc70-8531cd8d26ef,WALLS::WALLS-INTERIOR,"INT GROUND H px[363, 379, 377, 380]",Brep,DER,06,9.947,-23.181,0.0,1.789,0.239,2.75,9.32,1.24,14.32,0.78,OMIT,"interior partition, not visible in closed model (see clarification)","auto-extracted PLAN GROUND rect px [363, 379, 377, 380]; height = storey, slabs subtracted"
37276d20-9243-4bbd-94c0-402f5c0d9c59,WALLS::WALLS-INTERIOR,"INT GROUND H px[392, 379, 418, 380]",Brep,DER,06,12.711,-23.181,0.0,3.221,0.239,2.75,16.78,1.24,14.32,0.78,OMIT,"interior partition, not visible in closed model (see clarification)","auto-extracted PLAN GROUND rect px [392, 379, 418, 380]; height = storey, slabs subtracted"
5a7c1b39-ad49-4d49-aa26-3c88a2432ed3,WALLS::WALLS-INTERIOR,"INT GROUND H px[529, 379, 583, 383]",Brep,DER,06,26.05,-23.509,0.0,6.56,0.596,2.75,34.17,3.11,14.32,1.96,OMIT,"interior partition, not visible in closed model (see clarification)","auto-extracted PLAN GROUND rect px [529, 379, 583, 383]; height = storey, slabs subtracted"
b92fddfa-fb16-448b-a202-aea72a91af87,WALLS::WALLS-INTERIOR,"INT GROUND H px[586, 379, 641, 383]",Brep,DER,06,31.706,-23.509,0.0,6.68,0.596,2.75,34.79,3.11,14.32,1.96,OMIT,"interior partition, not visible in closed model (see clarification)","auto-extracted PLAN GROUND rect px [586, 379, 641, 383]; height = storey, slabs subtracted"
58012c30-d0e3-4d82-83d1-340d4d4d8f15,WALLS::WALLS-INTERIOR,"INT GROUND H px[648, 379, 664, 383]",Brep,DER,06,38.257,-23.509,0.0,2.028,0.596,2.75,10.56,3.11,14.32,1.96,OMIT,"interior partition, not visible in closed model (see clarification)","auto-extracted PLAN GROUND rect px [648, 379, 664, 383]; height = storey, slabs subtracted"
f5254c84-c7b9-4251-b812-a0201e175fef,WALLS::WALLS-INTERIOR,"INT GROUND H px[668, 379, 685, 383]",Brep,DER,06,40.235,-23.509,0.0,2.147,0.596,2.75,11.18,3.11,14.32,1.96,OMIT,"interior partition, not visible in closed model (see clarification)","auto-extracted PLAN GROUND rect px [668, 379, 685, 383]; height = storey, slabs subtracted"
d2262373-17f5-4865-bf26-cd9b0c895538,WALLS::WALLS-INTERIOR,"INT GROUND H px[697, 379, 722, 383]",Brep,DER,06,43.039,-23.509,0.0,3.101,0.596,2.75,16.15,3.11,14.32,1.96,OMIT,"interior partition, not visible in closed model (see clarification)","auto-extracted PLAN GROUND rect px [697, 379, 722, 383]; height = storey, slabs subtracted"
99798075-d5f4-43d7-831b-1f61ccb382da,WALLS::WALLS-INTERIOR,"INT GROUND H px[726, 379, 740, 383]",Brep,DER,06,46.031,-23.509,0.0,1.789,0.596,4.0,9.32,3.11,20.83,1.96,OMIT,"interior partition, not visible in closed model (see clarification)","auto-extracted PLAN GROUND rect px [726, 379, 740, 383]; height = storey, slabs subtracted"
e55e219e-f115-439c-b83f-6c894e407f4e,WALLS::WALLS-INTERIOR,"INT GROUND H px[281, 416, 295, 418]",Brep,DER,06,1.796,-26.968,0.0,1.789,0.358,2.75,9.32,1.86,14.32,1.17,OMIT,"interior partition, not visible in closed model (see clarification)","auto-extracted PLAN GROUND rect px [281, 416, 295, 418]; height = storey, slabs subtracted"
649d5757-7fe8-4e9f-aa26-d264bba21ce6,WALLS::WALLS-INTERIOR,"INT GROUND H px[308, 416, 323, 418]",Brep,DER,06,4.47,-26.968,0.0,1.908,0.358,2.75,9.94,1.86,14.32,1.17,OMIT,"interior partition, not visible in closed model (see clarification)","auto-extracted PLAN GROUND rect px [308, 416, 323, 418]; height = storey, slabs subtracted"
3cc4623c-2a9d-4a2d-b758-55f210125424,WALLS::WALLS-INTERIOR,"INT GROUND H px[337, 416, 350, 418]",Brep,DER,06,7.373,-26.968,0.0,1.669,0.358,2.75,8.69,1.86,14.32,1.17,OMIT,"interior partition, not visible in closed model (see clarification)","auto-extracted PLAN GROUND rect px [337, 416, 350, 418]; height = storey, slabs subtracted"
d8065361-614e-4c42-8cc7-edc8115b7c5f,WALLS::WALLS-INTERIOR,"INT GROUND H px[363, 416, 377, 418]",Brep,DER,06,9.947,-26.968,0.0,1.789,0.358,2.75,9.32,1.86,14.32,1.17,OMIT,"interior partition, not visible in closed model (see clarification)","auto-extracted PLAN GROUND rect px [363, 416, 377, 418]; height = storey, slabs subtracted"
3a66585e-6cb4-4fa4-9747-e60513f6f8ce,WALLS::WALLS-INTERIOR,"INT GROUND H px[392, 417, 414, 418]",Brep,DER,06,12.75,-26.958,0.0,2.743,0.238,2.75,14.29,1.24,14.32,0.78,OMIT,"interior partition, not visible in closed model (see clarification)","auto-extracted PLAN GROUND rect px [392, 417, 414, 418]; height = storey, slabs subtracted"
b804ca10-6090-48dc-bd0e-80864e5ec69a,WALLS::WALLS-INTERIOR,"INT GROUND H px[574, 417, 583, 420]",Brep,DER,06,30.971,-27.177,0.0,1.193,0.476,3.311,6.21,2.48,17.24,1.56,OMIT,"interior partition, not visible in closed model (see clarification)","auto-extracted PLAN GROUND rect px [574, 417, 583, 420]; height = storey, slabs subtracted"
d3f6dcb2-e296-48ab-8099-c76567e21db0,WALLS::WALLS-INTERIOR,"INT GROUND H px[586, 417, 601, 420]",Brep,DER,06,32.104,-27.177,0.0,1.908,0.476,3.311,9.94,2.48,17.24,1.56,OMIT,"interior partition, not visible in closed model (see clarification)","auto-extracted PLAN GROUND rect px [586, 417, 601, 420]; height = storey, slabs subtracted"
ca71bc72-6b37-4389-9240-e61dc5b7b151,WALLS::WALLS-INTERIOR,"INT GROUND H px[627, 417, 641, 420]",Brep,DER,06,36.19,-27.177,0.0,1.789,0.476,3.311,9.32,2.48,17.24,1.56,OMIT,"interior partition, not visible in closed model (see clarification)","auto-extracted PLAN GROUND rect px [627, 417, 641, 420]; height = storey, slabs subtracted"
34244a1b-1bf9-4378-ac93-b22fa4c9a0c6,WALLS::WALLS-INTERIOR,"INT GROUND H px[644, 417, 674, 420]",Brep,DER,06,37.72,-27.177,0.0,3.698,0.476,3.311,19.26,2.48,17.24,1.56,OMIT,"interior partition, not visible in closed model (see clarification)","auto-extracted PLAN GROUND rect px [644, 417, 674, 420]; height = storey, slabs subtracted"
efdb0495-a48d-4351-828e-a8d4e61af567,WALLS::WALLS-INTERIOR,"INT GROUND H px[698, 417, 781, 420]",Brep,DER,06,42.561,-27.177,0.0,10.02,0.476,4.0,52.19,2.48,20.83,1.56,OMIT,"interior partition, not visible in closed model (see clarification)","auto-extracted PLAN GROUND rect px [698, 417, 781, 420]; height = storey, slabs subtracted"
607c391e-276f-4be5-998b-43e3b3f40d2b,WALLS::WALLS-INTERIOR,"INT GROUND H px[439, 453, 477, 454]",Brep,DER,06,17.263,-30.537,0.0,4.651,0.239,2.64,24.23,1.24,13.75,0.78,OMIT,"interior partition, not visible in closed model (see clarification)","auto-extracted PLAN GROUND rect px [439, 453, 477, 454]; height = storey, slabs subtracted"
9bc5ab84-f6b0-4b02-9e30-af38873bc37e,WALLS::WALLS-INTERIOR,"INT GROUND H px[261, 512, 286, 514]",Brep,DER,06,-0.301,-36.511,0.0,3.101,0.358,2.64,16.15,1.86,13.75,1.17,OMIT,"interior partition, not visible in closed model (see clarification)","auto-extracted PLAN GROUND rect px [261, 512, 286, 514]; height = storey, slabs subtracted"
8e850979-8050-4439-83a9-02e286a0f84f,WALLS::WALLS-INTERIOR,"INT GROUND H px[291, 513, 341, 514]",Brep,DER,06,2.432,-36.501,0.0,6.084,0.239,2.64,31.69,1.24,13.75,0.78,OMIT,"interior partition, not visible in closed model (see clarification)","auto-extracted PLAN GROUND rect px [291, 513, 341, 514]; height = storey, slabs subtracted"
45ec9f3a-ee2d-4060-ba94-b2fbb36d3384,WALLS::WALLS-INTERIOR,"INT GROUND H px[364, 512, 378, 514]",Brep,DER,06,10.046,-36.511,0.0,1.789,0.358,2.64,9.32,1.86,13.75,1.17,OMIT,"interior partition, not visible in closed model (see clarification)","auto-extracted PLAN GROUND rect px [364, 512, 378, 514]; height = storey, slabs subtracted"
839fec41-06c0-4ebf-a03a-7df1a41853a9,WALLS::WALLS-INTERIOR,"INT GROUND H px[388, 512, 402, 514]",Brep,DER,06,12.432,-36.511,0.0,1.789,0.358,2.64,9.32,1.86,13.75,1.17,OMIT,"interior partition, not visible in closed model (see clarification)","auto-extracted PLAN GROUND rect px [388, 512, 402, 514]; height = storey, slabs subtracted"
255529ef-f513-4afb-9ae7-124c280d26db,WALLS::WALLS-INTERIOR,"INT GROUND H px[443, 518, 492, 519]",Brep,DER,06,17.551,-36.998,0.0,5.964,0.239,2.64,31.06,1.24,13.75,0.78,OMIT,"interior partition, not visible in closed model (see clarification)","auto-extracted PLAN GROUND rect px [443, 518, 492, 519]; height = storey, slabs subtracted"
8b2741a2-7212-4c70-9926-4ca78b21725d,WALLS::WALLS-INTERIOR,"INT GROUND H px[577, 518, 645, 519]",Brep,DER,06,30.682,-36.998,0.0,8.231,0.239,3.311,42.87,1.24,17.24,0.78,OMIT,"interior partition, not visible in closed model (see clarification)","auto-extracted PLAN GROUND rect px [577, 518, 645, 519]; height = storey, slabs subtracted"
f471227e-e984-45c5-af5c-8838396cc1df,WALLS::WALLS-INTERIOR,"INT GROUND H px[664, 518, 690, 519]",Brep,DER,06,39.749,-36.998,0.0,3.22,0.239,3.311,16.77,1.24,17.24,0.78,OMIT,"interior partition, not visible in closed model (see clarification)","auto-extracted PLAN GROUND rect px [664, 518, 690, 519]; height = storey, slabs subtracted"
bc9bfb4b-eb61-4142-9664-b8d99b90066d,WALLS::WALLS-INTERIOR,"INT GROUND H px[443, 534, 492, 535]",Brep,DER,06,17.551,-38.589,0.0,5.964,0.239,2.64,31.06,1.24,13.75,0.78,OMIT,"interior partition, not visible in closed model (see clarification)","auto-extracted PLAN GROUND rect px [443, 534, 492, 535]; height = storey, slabs subtracted"
913c6595-e1c1-4501-a70e-bde0b133c18e,WALLS::WALLS-INTERIOR,"INT GROUND H px[364, 540, 378, 541]",Brep,DER,06,10.046,-39.185,0.0,1.789,0.239,2.64,9.32,1.24,13.75,0.78,OMIT,"interior partition, not visible in closed model (see clarification)","auto-extracted PLAN GROUND rect px [364, 540, 378, 541]; height = storey, slabs subtracted"
cea1f4a3-7af2-42da-8725-55bac416fe43,WALLS::WALLS-INTERIOR,"INT GROUND H px[388, 540, 403, 541]",Brep,DER,06,12.422,-39.185,0.0,1.909,0.239,2.64,9.94,1.24,13.75,0.78,OMIT,"interior partition, not visible in closed model (see clarification)","auto-extracted PLAN GROUND rect px [388, 540, 403, 541]; height = storey, slabs subtracted"
998d7850-297e-43c0-83b1-3d38a390055b,WALLS::WALLS-INTERIOR,"INT GROUND V px[247, 481, 250, 514]",Brep,DER,06,-1.475,-36.819,0.0,0.478,4.056,4.0,2.49,21.13,20.83,1.57,OMIT,"interior partition, not visible in closed model (see clarification)","auto-extracted PLAN GROUND rect px [247, 481, 250, 514]; height = storey, slabs subtracted"
eb5c1696-38f2-40e3-b579-2d1bb8064b68,WALLS::WALLS-INTERIOR,"INT GROUND V px[289, 485, 290, 510]",Brep,DER,06,2.72,-36.341,0.0,0.239,3.101,2.64,1.24,16.15,13.75,0.78,OMIT,"interior partition, not visible in closed model (see clarification)","auto-extracted PLAN GROUND rect px [289, 485, 290, 510]; height = storey, slabs subtracted"
be302f75-1f6e-45d5-943c-ede30f1a4766,WALLS::WALLS-INTERIOR,"INT GROUND V px[300, 151, 301, 169]",Brep,DER,06,3.814,-2.376,0.0,0.238,2.264,2.827,1.24,11.79,14.72,0.78,OMIT,"interior partition, not visible in closed model (see clarification)","auto-extracted PLAN GROUND rect px [300, 151, 301, 169]; height = storey, slabs subtracted"
4c9bc63a-69fd-4b0b-8bb3-0fb215aa1410,WALLS::WALLS-INTERIOR,"INT GROUND V px[300, 151, 301, 169]",Brep,DER,06,3.814,-2.376,3.307,0.238,2.264,0.756,1.24,11.79,3.94,0.78,OMIT,"interior partition, not visible in closed model (see clarification)","auto-extracted PLAN GROUND rect px [300, 151, 301, 169]; height = storey, slabs subtracted"
fc455448-ce06-4af5-a2b1-8623517791ee,WALLS::WALLS-INTERIOR,"INT GROUND V px[300, 182, 302, 196]",Brep,DER,06,3.804,-5.02,0.0,0.358,1.789,2.827,1.86,9.32,14.72,1.17,OMIT,"interior partition, not visible in closed model (see clarification)","auto-extracted PLAN GROUND rect px [300, 182, 302, 196]; height = storey, slabs subtracted"
8bf636c8-0f32-4327-8b73-61d7b5bd3fe2,WALLS::WALLS-INTERIOR,"INT GROUND V px[300, 182, 302, 196]",Brep,DER,06,3.804,-4.871,3.307,0.358,1.63,0.693,1.86,8.49,3.61,1.17,OMIT,"interior partition, not visible in closed model (see clarification)","auto-extracted PLAN GROUND rect px [300, 182, 302, 196]; height = storey, slabs subtracted"
95ef28cd-4430-4da3-8563-d7478f93f3f2,WALLS::WALLS-INTERIOR,"INT GROUND V px[308, 199, 309, 226]",Brep,DER,06,4.609,-8.131,0.0,0.239,3.34,2.75,1.24,17.39,14.32,0.78,OMIT,"interior partition, not visible in closed model (see clarification)","auto-extracted PLAN GROUND rect px [308, 199, 309, 226]; height = storey, slabs subtracted"
10a97c74-b762-452f-9f60-ba9ccdb5bd42,WALLS::WALLS-INTERIOR,"INT GROUND V px[308, 252, 310, 333]",Brep,DER,06,4.599,-19.304,0.0,0.358,9.781,2.75,1.86,50.94,14.32,1.17,OMIT,"interior partition, not visible in closed model (see clarification)","auto-extracted PLAN GROUND rect px [308, 252, 310, 333]; height = storey, slabs subtracted"
ab95c7a8-5599-4ef8-b433-2d4468b24fb6,WALLS::WALLS-INTERIOR,"INT GROUND V px[308, 337, 310, 353]",Brep,DER,06,4.599,-20.646,0.0,0.358,2.028,2.75,1.86,10.56,14.32,1.17,OMIT,"interior partition, not visible in closed model (see clarification)","auto-extracted PLAN GROUND rect px [308, 337, 310, 353]; height = storey, slabs subtracted"
c6d64e4d-353a-4d75-8cba-68cafe3dadf3,WALLS::WALLS-INTERIOR,"INT GROUND V px[322, 200, 323, 225]",Brep,DER,06,6.0,-8.011,0.0,0.239,3.101,2.75,1.24,16.15,14.32,0.78,OMIT,"interior partition, not visible in closed model (see clarification)","auto-extracted PLAN GROUND rect px [322, 200, 323, 225]; height = storey, slabs subtracted"
888952ae-6b1d-4dae-aa49-d3ac5ad8364d,WALLS::WALLS-INTERIOR,"INT GROUND V px[325, 539, 328, 578]",Brep,DER,06,6.279,-43.241,0.0,0.476,4.771,4.0,2.48,24.85,20.83,1.56,OMIT,"interior partition, not visible in closed model (see clarification)","auto-extracted PLAN GROUND rect px [325, 539, 328, 578]; height = storey, slabs subtracted"
720120a7-f7c4-403a-9685-c8f0d0d71ee5,WALLS::WALLS-INTERIOR,"INT GROUND V px[342, 476, 344, 493]",Brep,DER,06,7.979,-34.573,0.0,0.358,2.148,2.64,1.86,11.19,13.75,1.17,OMIT,"interior partition, not visible in closed model (see clarification)","auto-extracted PLAN GROUND rect px [342, 476, 344, 493]; height = storey, slabs subtracted"
a9ee7e80-e01d-4918-8bab-fb17e5cea054,WALLS::WALLS-INTERIOR,"INT GROUND V px[342, 503, 344, 512]",Brep,DER,06,7.979,-36.381,0.0,0.358,1.193,2.64,1.86,6.21,13.75,1.17,OMIT,"interior partition, not visible in closed model (see clarification)","auto-extracted PLAN GROUND rect px [342, 503, 344, 512]; height = storey, slabs subtracted"
5f3c8492-6354-44e6-b0d1-ceb8181a7de2,WALLS::WALLS-INTERIOR,"INT GROUND V px[342, 200, 345, 212]",Brep,DER,06,7.969,-6.59,0.0,0.476,1.55,2.75,2.48,8.08,14.32,1.56,OMIT,"interior partition, not visible in closed model (see clarification)","auto-extracted PLAN GROUND rect px [342, 200, 345, 212]; height = storey, slabs subtracted"
8d7deae0-3afb-45cf-a167-4d86650ec9c0,WALLS::WALLS-INTERIOR,"INT GROUND V px[345, 254, 346, 278]",Brep,DER,06,8.287,-13.271,0.0,0.239,2.982,2.5,1.24,15.53,13.02,0.78,OMIT,"interior partition, not visible in closed model (see clarification)","auto-extracted PLAN GROUND rect px [345, 254, 346, 278]; height = storey, slabs subtracted"
218d3c6f-e008-490e-83d1-e3bc2c0c0d64,WALLS::WALLS-INTERIOR,"INT GROUND V px[361, 294, 362, 318]",Brep,DER,06,9.877,-17.247,0.0,0.239,2.982,2.5,1.24,15.53,13.02,0.78,OMIT,"interior partition, not visible in closed model (see clarification)","auto-extracted PLAN GROUND rect px [361, 294, 362, 318]; height = storey, slabs subtracted"
bde9268a-3cd5-4e7e-8527-aa6728694125,WALLS::WALLS-INTERIOR,"INT GROUND V px[361, 320, 362, 333]",Brep,DER,06,9.877,-18.628,0.0,0.239,1.67,2.5,1.24,8.7,13.02,0.78,OMIT,"interior partition, not visible in closed model (see clarification)","auto-extracted PLAN GROUND rect px [361, 320, 362, 333]; height = storey, slabs subtracted"
310153db-9e96-4c83-b809-5a3e4f94079a,WALLS::WALLS-INTERIOR,"INT GROUND V px[361, 477, 363, 511]",Brep,DER,06,9.867,-36.531,0.0,0.358,4.175,2.64,1.86,21.74,13.75,1.17,OMIT,"interior partition, not visible in closed model (see clarification)","auto-extracted PLAN GROUND rect px [361, 477, 363, 511]; height = storey, slabs subtracted"
6262ebe8-6258-4edc-88bb-03eb91344854,WALLS::WALLS-INTERIOR,"INT GROUND V px[361, 542, 363, 577]",Brep,DER,06,9.867,-43.102,0.0,0.358,4.295,2.64,1.86,22.37,13.75,1.17,OMIT,"interior partition, not visible in closed model (see clarification)","auto-extracted PLAN GROUND rect px [361, 542, 363, 577]; height = storey, slabs subtracted"
56bc3c87-8067-4bf3-8f0d-c97fd4909088,WALLS::WALLS-INTERIOR,"INT GROUND V px[362, 151, 365, 170]",Brep,DER,06,9.957,-2.485,0.0,0.476,2.383,4.07,2.48,12.41,21.2,1.56,OMIT,"interior partition, not visible in closed model (see clarification)","auto-extracted PLAN GROUND rect px [362, 151, 365, 170]; height = storey, slabs subtracted"
8c7ba27c-9ce7-409e-9d51-4e0663a735d3,WALLS::WALLS-INTERIOR,"INT GROUND V px[364, 183, 365, 206]",Brep,DER,06,10.175,-6.104,0.0,0.239,2.863,4.0,1.24,14.91,20.83,0.78,OMIT,"interior partition, not visible in closed model (see clarification)","auto-extracted PLAN GROUND rect px [364, 183, 365, 206]; height = storey, slabs subtracted"
84d1d268-beea-4c4a-aa95-2d0b80d4e00c,WALLS::WALLS-INTERIOR,"INT GROUND V px[386, 274, 387, 319]",Brep,DER,06,12.362,-17.554,0.0,0.239,5.486,2.5,1.24,28.58,13.02,0.78,OMIT,"interior partition, not visible in closed model (see clarification)","auto-extracted PLAN GROUND rect px [386, 274, 387, 319]; height = storey, slabs subtracted"
0fce65c7-f736-41e5-8178-73c24e743a26,WALLS::WALLS-INTERIOR,"INT GROUND V px[403, 477, 405, 511]",Brep,DER,06,14.042,-36.531,0.0,0.358,4.175,2.64,1.86,21.74,13.75,1.17,OMIT,"interior partition, not visible in closed model (see clarification)","auto-extracted PLAN GROUND rect px [403, 477, 405, 511]; height = storey, slabs subtracted"
8940b8d0-7ab9-458e-bf85-059616f35ed5,WALLS::WALLS-INTERIOR,"INT GROUND V px[404, 542, 405, 575]",Brep,DER,06,14.152,-42.883,0.0,0.238,4.056,2.64,1.24,21.13,13.75,0.78,OMIT,"interior partition, not visible in closed model (see clarification)","auto-extracted PLAN GROUND rect px [404, 542, 405, 575]; height = storey, slabs subtracted"
18a9f447-d770-4630-b1fc-a119c9d43dc5,WALLS::WALLS-INTERIOR,"INT GROUND V px[406, 151, 407, 164]",Brep,DER,06,14.35,-1.829,0.0,0.239,1.668,4.07,1.24,8.69,21.2,0.78,OMIT,"interior partition, not visible in closed model (see clarification)","auto-extracted PLAN GROUND rect px [406, 151, 407, 164]; height = storey, slabs subtracted"
7538a718-fb23-45fe-825b-7f23c318b9b6,WALLS::WALLS-INTERIOR,"INT GROUND V px[405, 200, 408, 212]",Brep,DER,06,14.231,-6.59,0.0,0.478,1.55,2.75,2.49,8.08,14.32,1.57,OMIT,"interior partition, not visible in closed model (see clarification)","auto-extracted PLAN GROUND rect px [405, 200, 408, 212]; height = storey, slabs subtracted"
884e75e9-5640-4d85-9ebe-9f88ee0011e8,WALLS::WALLS-INTERIOR,"INT GROUND V px[426, 200, 427, 231]",Brep,DER,06,16.338,-8.668,0.0,0.239,3.817,2.75,1.24,19.88,14.32,0.78,OMIT,"interior partition, not visible in closed model (see clarification)","auto-extracted PLAN GROUND rect px [426, 200, 427, 231]; height = storey, slabs subtracted"
816bfb4b-8053-440e-9d68-34997e79f309,WALLS::WALLS-INTERIOR,"INT GROUND V px[427, 565, 428, 575]",Brep,DER,06,16.438,-42.654,0.0,0.239,1.313,2.64,1.24,6.84,13.75,0.78,OMIT,"interior partition, not visible in closed model (see clarification)","auto-extracted PLAN GROUND rect px [427, 565, 428, 575]; height = storey, slabs subtracted"
6815987c-3887-4a8e-9dcf-4a3f52717699,WALLS::WALLS-INTERIOR,"INT GROUND V px[434, 502, 435, 513]",Brep,DER,06,17.134,-36.501,0.0,0.238,1.432,2.64,1.24,7.46,13.75,0.78,OMIT,"interior partition, not visible in closed model (see clarification)","auto-extracted PLAN GROUND rect px [434, 502, 435, 513]; height = storey, slabs subtracted"
eb9028bd-3f56-4bfb-9834-ac476a43bf24,WALLS::WALLS-INTERIOR,"INT GROUND V px[434, 541, 435, 552]",Brep,DER,06,17.134,-40.377,0.0,0.238,1.43,2.64,1.24,7.45,13.75,0.78,OMIT,"interior partition, not visible in closed model (see clarification)","auto-extracted PLAN GROUND rect px [434, 541, 435, 552]; height = storey, slabs subtracted"
9c78d674-e73f-47b2-a68c-061915a98f37,WALLS::WALLS-INTERIOR,"INT GROUND V px[438, 252, 439, 333]",Brep,DER,06,17.53,-19.304,0.0,0.24,9.781,2.75,1.25,50.94,14.32,0.79,OMIT,"interior partition, not visible in closed model (see clarification)","auto-extracted PLAN GROUND rect px [438, 252, 439, 333]; height = storey, slabs subtracted"
38436070-6b9b-4c8c-8634-0c5c82d535bb,WALLS::WALLS-INTERIOR,"INT GROUND V px[438, 355, 443, 378]",Brep,DER,06,17.49,-23.201,0.0,0.718,2.862,2.75,3.74,14.91,14.32,2.35,OMIT,"interior partition, not visible in closed model (see clarification)","auto-extracted PLAN GROUND rect px [438, 355, 443, 378]; height = storey, slabs subtracted"
aa39469f-f760-427e-b59e-bfa972fe1ede,WALLS::WALLS-INTERIOR,"INT GROUND V px[438, 381, 443, 403]",Brep,DER,06,17.491,-25.676,0.0,0.716,2.743,2.75,3.73,14.29,14.32,2.35,OMIT,"interior partition, not visible in closed model (see clarification)","auto-extracted PLAN GROUND rect px [438, 381, 443, 403]; height = storey, slabs subtracted"
e43042b7-1c7f-4283-a2b0-1ce70435361a,WALLS::WALLS-INTERIOR,"INT GROUND V px[438, 417, 443, 433]",Brep,DER,06,17.491,-28.598,0.0,0.716,2.027,2.75,3.73,10.56,14.32,2.35,OMIT,"interior partition, not visible in closed model (see clarification)","auto-extracted PLAN GROUND rect px [438, 417, 443, 433]; height = storey, slabs subtracted"
79e4c6a3-81d3-409a-803f-3b9f4c944c4f,WALLS::WALLS-INTERIOR,"INT GROUND V px[443, 476, 445, 497]",Brep,DER,06,18.018,-35.01,0.0,0.359,2.624,2.64,1.87,13.67,13.75,1.18,OMIT,"interior partition, not visible in closed model (see clarification)","auto-extracted PLAN GROUND rect px [443, 476, 445, 497]; height = storey, slabs subtracted"
82a5953a-6554-4224-a07b-791c0aea03b4,WALLS::WALLS-INTERIOR,"INT GROUND V px[443, 557, 445, 577]",Brep,DER,06,18.018,-42.953,0.0,0.359,2.506,2.64,1.87,13.05,13.75,1.18,OMIT,"interior partition, not visible in closed model (see clarification)","auto-extracted PLAN GROUND rect px [443, 557, 445, 577]; height = storey, slabs subtracted"
4f85fedc-726b-47a0-9328-d75cee4d4c56,WALLS::WALLS-INTERIOR,"INT GROUND V px[448, 151, 449, 175]",Brep,DER,06,18.525,-3.031,0.0,0.239,2.98,4.07,1.24,15.52,21.2,0.78,OMIT,"interior partition, not visible in closed model (see clarification)","auto-extracted PLAN GROUND rect px [448, 151, 449, 175]; height = storey, slabs subtracted"
6b91c0b2-19a3-4728-a672-cf2e997d70a6,WALLS::WALLS-INTERIOR,"INT GROUND V px[467, 200, 469, 222]",Brep,DER,06,20.404,-7.684,0.0,0.358,2.743,2.75,1.86,14.29,14.32,1.17,OMIT,"interior partition, not visible in closed model (see clarification)","auto-extracted PLAN GROUND rect px [467, 200, 469, 222]; height = storey, slabs subtracted"
5efe8c70-8706-4d27-b274-b165d7b5fb6e,WALLS::WALLS-INTERIOR,"INT GROUND V px[467, 249, 469, 318]",Brep,DER,06,20.404,-17.694,0.0,0.358,8.35,2.75,1.86,43.49,14.32,1.17,OMIT,"interior partition, not visible in closed model (see clarification)","auto-extracted PLAN GROUND rect px [467, 249, 469, 318]; height = storey, slabs subtracted"
94b71a8b-f2e5-4e41-a4eb-e997d8b2c4d7,WALLS::WALLS-INTERIOR,"INT GROUND V px[467, 320, 469, 334]",Brep,DER,06,20.404,-18.737,0.0,0.358,1.789,2.75,1.86,9.32,14.32,1.17,OMIT,"interior partition, not visible in closed model (see clarification)","auto-extracted PLAN GROUND rect px [467, 320, 469, 334]; height = storey, slabs subtracted"
a5259d4a-4279-4f7a-a5a3-e791cd1de314,WALLS::WALLS-INTERIOR,"INT GROUND V px[467, 337, 469, 383]",Brep,DER,06,20.404,-23.926,0.0,0.358,5.606,2.75,1.86,29.2,14.32,1.17,OMIT,"interior partition, not visible in closed model (see clarification)","auto-extracted PLAN GROUND rect px [467, 337, 469, 383]; height = storey, slabs subtracted"
39b08298-afd2-4f09-8c74-f161bf8898be,WALLS::WALLS-INTERIOR,"INT GROUND V px[485, 200, 486, 212]",Brep,DER,06,22.203,-6.59,0.0,0.239,1.55,2.75,1.24,8.08,14.32,0.78,OMIT,"interior partition, not visible in closed model (see clarification)","auto-extracted PLAN GROUND rect px [485, 200, 486, 212]; height = storey, slabs subtracted"
3470ffae-ea7c-4f9a-906f-eaf8c7cb7874,WALLS::WALLS-INTERIOR,"INT GROUND V px[485, 235, 486, 248]",Brep,DER,06,22.203,-10.179,0.0,0.239,1.67,2.75,1.24,8.7,14.32,0.78,OMIT,"interior partition, not visible in closed model (see clarification)","auto-extracted PLAN GROUND rect px [485, 235, 486, 248]; height = storey, slabs subtracted"
a257f087-4638-4fc1-ab12-bfbdac284031,WALLS::WALLS-INTERIOR,"INT GROUND V px[485, 252, 486, 337]",Brep,DER,06,22.203,-19.742,0.0,0.239,10.259,2.75,1.24,53.43,14.32,0.78,OMIT,"interior partition, not visible in closed model (see clarification)","auto-extracted PLAN GROUND rect px [485, 252, 486, 337]; height = storey, slabs subtracted"
308f3fca-41c1-47b0-b8e0-77757d83bf5e,WALLS::WALLS-INTERIOR,"INT GROUND V px[485, 351, 486, 378]",Brep,DER,06,22.203,-23.24,0.0,0.239,3.34,2.75,1.24,17.39,14.32,0.78,OMIT,"interior partition, not visible in closed model (see clarification)","auto-extracted PLAN GROUND rect px [485, 351, 486, 378]; height = storey, slabs subtracted"
5b5a373e-7f27-42db-8f0d-a400547990db,WALLS::WALLS-INTERIOR,"INT GROUND V px[484, 403, 488, 420]",Brep,DER,06,22.074,-27.316,0.0,0.596,2.147,2.75,3.11,11.18,14.32,1.96,OMIT,"interior partition, not visible in closed model (see clarification)","auto-extracted PLAN GROUND rect px [484, 403, 488, 420]; height = storey, slabs subtracted"
1015e26d-4792-4673-99dd-afe44953ff01,WALLS::WALLS-INTERIOR,"INT GROUND V px[538, 167, 539, 181]",Brep,DER,06,27.472,-3.529,0.0,0.238,1.789,4.0,1.24,9.32,20.83,0.78,OMIT,"interior partition, not visible in closed model (see clarification)","auto-extracted PLAN GROUND rect px [538, 167, 539, 181]; height = storey, slabs subtracted"
6c87a20b-bf7f-43e8-8dc4-e44829d02b46,WALLS::WALLS-INTERIOR,"INT GROUND V px[538, 184, 539, 196]",Brep,DER,06,27.472,-5.0,0.0,0.238,1.55,4.0,1.24,8.08,20.83,0.78,OMIT,"interior partition, not visible in closed model (see clarification)","auto-extracted PLAN GROUND rect px [538, 184, 539, 196]; height = storey, slabs subtracted"
6a4f5ef0-9738-4493-9e6d-6fb136f87527,WALLS::WALLS-INTERIOR,"INT GROUND V px[560, 148, 561, 196]",Brep,DER,06,29.659,-5.328,0.0,0.238,5.485,4.07,1.24,28.57,21.2,0.78,OMIT,"interior partition, not visible in closed model (see clarification)","auto-extracted PLAN GROUND rect px [560, 148, 561, 196]; height = storey, slabs subtracted"
a8251f5d-cf36-4d96-a1aa-81ab389dd9e6,WALLS::WALLS-INTERIOR,"INT GROUND V px[559, 199, 561, 219]",Brep,DER,06,29.549,-7.366,0.0,0.358,2.504,2.75,1.86,13.04,14.32,1.17,OMIT,"interior partition, not visible in closed model (see clarification)","auto-extracted PLAN GROUND rect px [559, 199, 561, 219]; height = storey, slabs subtracted"
db0d59de-9dd8-406c-814b-287dda2ac6d6,WALLS::WALLS-INTERIOR,"INT GROUND V px[559, 227, 561, 249]",Brep,DER,06,29.549,-10.368,0.0,0.358,2.743,2.75,1.86,14.29,14.32,1.17,OMIT,"interior partition, not visible in closed model (see clarification)","auto-extracted PLAN GROUND rect px [559, 227, 561, 249]; height = storey, slabs subtracted"
d6ef3686-0ae8-49de-a5e9-878c0f9e9cc5,WALLS::WALLS-INTERIOR,"INT GROUND V px[574, 520, 576, 565]",Brep,DER,06,31.04,-42.008,0.0,0.358,5.488,3.311,1.86,28.58,17.24,1.17,OMIT,"interior partition, not visible in closed model (see clarification)","auto-extracted PLAN GROUND rect px [574, 520, 576, 565]; height = storey, slabs subtracted"
8a382bc4-69d4-45d9-b7fd-d1c8b50e18c1,WALLS::WALLS-INTERIOR,"INT GROUND V px[584, 384, 585, 416]",Brep,DER,06,32.044,-27.068,0.0,0.239,3.937,2.75,1.24,20.51,14.32,0.78,OMIT,"interior partition, not visible in closed model (see clarification)","auto-extracted PLAN GROUND rect px [584, 384, 585, 416]; height = storey, slabs subtracted"
1fc0bb75-a9fa-4b77-810b-313925d00c6c,WALLS::WALLS-INTERIOR,"INT GROUND V px[615, 151, 616, 195]",Brep,DER,06,35.126,-5.218,0.0,0.239,5.365,4.07,1.24,27.94,21.2,0.78,OMIT,"interior partition, not visible in closed model (see clarification)","auto-extracted PLAN GROUND rect px [615, 151, 616, 195]; height = storey, slabs subtracted"
5e254fc5-91f8-4ba5-88e7-56acfe4a0176,WALLS::WALLS-INTERIOR,"INT GROUND V px[615, 199, 616, 249]",Brep,DER,06,35.126,-10.646,0.0,0.239,6.083,2.75,1.24,31.68,14.32,0.78,OMIT,"interior partition, not visible in closed model (see clarification)","auto-extracted PLAN GROUND rect px [615, 199, 616, 249]; height = storey, slabs subtracted"
2dbd833b-1823-4c3b-9018-30f4d3ffae33,WALLS::WALLS-INTERIOR,"INT GROUND V px[625, 395, 626, 416]",Brep,DER,06,36.12,-26.959,0.0,0.239,2.624,2.75,1.24,13.67,14.32,0.78,OMIT,"interior partition, not visible in closed model (see clarification)","auto-extracted PLAN GROUND rect px [625, 395, 626, 416]; height = storey, slabs subtracted"
bf4ac870-2eb7-4634-b8af-fc1bafcbd32c,WALLS::WALLS-INTERIOR,"INT GROUND V px[642, 384, 643, 416]",Brep,DER,06,37.81,-27.068,0.0,0.238,3.937,2.75,1.24,20.51,14.32,0.78,OMIT,"interior partition, not visible in closed model (see clarification)","auto-extracted PLAN GROUND rect px [642, 384, 643, 416]; height = storey, slabs subtracted"
06087e82-e02f-4331-969d-26da438286a4,WALLS::WALLS-INTERIOR,"INT GROUND V px[665, 158, 667, 179]",Brep,DER,06,40.086,-3.4,0.0,0.358,2.624,4.0,1.86,13.67,20.83,1.17,OMIT,"interior partition, not visible in closed model (see clarification)","auto-extracted PLAN GROUND rect px [665, 158, 667, 179]; height = storey, slabs subtracted"
6da1b27d-4d98-4932-b2de-4c07ab288757,WALLS::WALLS-INTERIOR,"INT GROUND V px[665, 182, 667, 249]",Brep,DER,06,40.086,-10.815,0.0,0.358,8.111,4.0,1.86,42.24,20.83,1.17,OMIT,"interior partition, not visible in closed model (see clarification)","auto-extracted PLAN GROUND rect px [665, 182, 667, 249]; height = storey, slabs subtracted"
28e84cb3-c2d0-4f85-a416-455408c1e8a9,WALLS::WALLS-INTERIOR,"INT GROUND V px[686, 384, 687, 420]",Brep,DER,06,42.183,-27.505,0.0,0.239,4.414,3.311,1.24,22.99,17.24,0.78,OMIT,"interior partition, not visible in closed model (see clarification)","auto-extracted PLAN GROUND rect px [686, 384, 687, 420]; height = storey, slabs subtracted"
9c289309-cff1-4eef-9c22-7ba9d21c1c7c,WALLS::WALLS-INTERIOR,"INT GROUND V px[741, 252, 743, 291]",Brep,DER,06,47.641,-14.712,0.0,0.358,4.771,4.0,1.86,24.85,20.83,1.17,OMIT,"interior partition, not visible in closed model (see clarification)","auto-extracted PLAN GROUND rect px [741, 252, 743, 291]; height = storey, slabs subtracted"
fb5e66f3-421d-4e30-a1d2-ed3d142175bb,WALLS::WALLS-INTERIOR,"INT GROUND V px[741, 304, 743, 336]",Brep,DER,06,47.641,-19.115,0.0,0.358,3.936,4.0,1.86,20.5,20.83,1.17,OMIT,"interior partition, not visible in closed model (see clarification)","auto-extracted PLAN GROUND rect px [741, 304, 743, 336]; height = storey, slabs subtracted"
db772bb7-6c6b-4988-8bb1-349a733aa88a,WALLS::WALLS-INTERIOR,"INT GROUND V px[741, 340, 743, 378]",Brep,DER,06,47.641,-23.35,0.0,0.358,4.652,4.0,1.86,24.23,20.83,1.17,OMIT,"interior partition, not visible in closed model (see clarification)","auto-extracted PLAN GROUND rect px [741, 340, 743, 378]; height = storey, slabs subtracted"
10d5e46c-ac93-4191-9ac1-b3b004ef93b7,WALLS::WALLS-INTERIOR,"INT GROUND V px[745, 151, 746, 179]",Brep,DER,06,48.048,-3.469,0.0,0.239,3.457,4.07,1.24,18.01,21.2,0.78,OMIT,"interior partition, not visible in closed model (see clarification)","auto-extracted PLAN GROUND rect px [745, 151, 746, 179]; height = storey, slabs subtracted"
595527f4-6643-4a13-9fca-8d78170010b4,WALLS::WALLS-INTERIOR,"INT GROUND V px[764, 148, 767, 194]",Brep,DER,06,49.917,-5.109,0.0,0.476,5.246,4.07,2.48,27.32,21.2,1.56,OMIT,"interior partition, not visible in closed model (see clarification)","auto-extracted PLAN GROUND rect px [764, 148, 767, 194]; height = storey, slabs subtracted"
c585d632-e06a-4ddb-be67-51da1522f57e,WALLS::WALLS-INTERIOR,"INT GROUND V px[782, 421, 786, 443]",Brep,DER,06,51.696,-29.652,0.0,0.596,2.743,4.0,3.11,14.29,20.83,1.96,OMIT,"interior partition, not visible in closed model (see clarification)","auto-extracted PLAN GROUND rect px [782, 421, 786, 443]; height = storey, slabs subtracted"
6acb9763-2c63-452d-b4dc-65a5a37840a9,WALLS::WALLS-INTERIOR,"INT L1 H px[448, 176, 468, 177]",Brep,DER,06,18.436,-3.002,4.0,2.504,0.239,2.475,13.04,1.24,12.89,0.78,OMIT,"interior partition, not visible in closed model (see clarification)","auto-extracted PLAN L1 rect px [448, 176, 468, 177]; height = storey, slabs subtracted"
a13cb0ab-b940-4dca-9763-9d94032d4440,WALLS::WALLS-INTERIOR,"INT L1 H px[405, 180, 451, 181]",Brep,DER,06,13.903,-3.4,4.0,5.606,0.239,2.475,29.2,1.24,12.89,0.78,OMIT,"interior partition, not visible in closed model (see clarification)","auto-extracted PLAN L1 rect px [405, 180, 451, 181]; height = storey, slabs subtracted"
92e451da-a1f1-45b6-aa1b-45f626166d46,WALLS::WALLS-INTERIOR,"INT L1 H px[448, 194, 468, 195]",Brep,DER,06,18.436,-4.79,4.0,2.504,0.236,3.05,13.04,1.23,15.89,0.78,OMIT,"interior partition, not visible in closed model (see clarification)","auto-extracted PLAN L1 rect px [448, 194, 468, 195]; height = storey, slabs subtracted"
5976fc52-130a-4db1-8c7b-0e7dac20a165,WALLS::WALLS-INTERIOR,"INT L1 H px[263, 195, 297, 197]",Brep,DER,06,-0.093,-4.99,3.695,4.175,0.328,3.66,21.74,1.71,19.06,1.08,OMIT,"interior partition, not visible in closed model (see clarification)","auto-extracted PLAN L1 rect px [263, 195, 297, 197]; height = storey, slabs subtracted"
db43560e-060e-4b79-af94-7fe79c5d7709,WALLS::WALLS-INTERIOR,"INT L1 H px[407, 196, 484, 197]",Brep,DER,06,13.794,-4.99,4.0,9.305,0.239,3.05,48.46,1.24,15.89,0.78,OMIT,"interior partition, not visible in closed model (see clarification)","auto-extracted PLAN L1 rect px [407, 196, 484, 197]; height = storey, slabs subtracted"
46555a65-7428-44cc-adcf-72683e25340d,WALLS::WALLS-INTERIOR,"INT L1 H px[559, 196, 597, 197]",Brep,DER,06,29.291,-4.99,4.0,4.651,0.239,3.05,24.22,1.24,15.89,0.78,OMIT,"interior partition, not visible in closed model (see clarification)","auto-extracted PLAN L1 rect px [559, 196, 597, 197]; height = storey, slabs subtracted"
50a01c0c-9128-4197-a296-d68a79e247f5,WALLS::WALLS-INTERIOR,"INT L1 H px[600, 196, 743, 197]",Brep,DER,06,32.362,-4.99,4.0,15.784,0.239,3.05,82.21,1.24,15.89,0.78,OMIT,"interior partition, not visible in closed model (see clarification)","auto-extracted PLAN L1 rect px [600, 196, 743, 197]; height = storey, slabs subtracted"
dcecc4e3-8bf5-466e-9bef-8bf69d249524,WALLS::WALLS-INTERIOR,"INT L1 H px[407, 213, 418, 214]",Brep,DER,06,14.45,-6.68,4.0,1.432,0.239,3.05,7.46,1.24,15.89,0.78,OMIT,"interior partition, not visible in closed model (see clarification)","auto-extracted PLAN L1 rect px [407, 213, 418, 214]; height = storey, slabs subtracted"
2e247fc2-b25c-4213-92a3-73b61a4d7e37,WALLS::WALLS-INTERIOR,"INT L1 H px[214, 514, 260, 515]",Brep,DER,06,-5.083,-36.6,4.0,5.606,0.238,3.05,29.2,1.24,15.89,0.78,OMIT,"interior partition, not visible in closed model (see clarification)","auto-extracted PLAN L1 rect px [214, 514, 260, 515]; height = storey, slabs subtracted"
b88122b2-f456-498d-845b-4c413508ebb4,WALLS::WALLS-INTERIOR,"INT L1 H px[263, 513, 278, 515]",Brep,DER,06,0.096,-36.61,4.0,1.909,0.358,3.05,9.94,1.86,15.89,1.17,OMIT,"interior partition, not visible in closed model (see clarification)","auto-extracted PLAN L1 rect px [263, 513, 278, 515]; height = storey, slabs subtracted"
f0fbf97e-9f6f-4676-bcbb-5158ef5e0555,WALLS::WALLS-INTERIOR,"INT L1 H px[280, 513, 294, 515]",Brep,DER,06,1.796,-36.61,4.0,1.789,0.358,3.05,9.32,1.86,15.89,1.17,OMIT,"interior partition, not visible in closed model (see clarification)","auto-extracted PLAN L1 rect px [280, 513, 294, 515]; height = storey, slabs subtracted"
46807ab7-1213-428c-befd-7cac3a2c4f03,WALLS::WALLS-INTERIOR,"INT L1 H px[490, 557, 501, 558]",Brep,DER,06,22.701,-40.875,4.0,1.432,0.239,3.05,7.46,1.24,15.89,0.78,OMIT,"interior partition, not visible in closed model (see clarification)","auto-extracted PLAN L1 rect px [490, 557, 501, 558]; height = storey, slabs subtracted"
2886ee14-dadb-418e-afc8-84c87fcf8add,WALLS::WALLS-INTERIOR,"INT L1 V px[259, 411, 262, 506]",Brep,DER,06,-0.157,-35.693,3.695,0.438,9.625,3.66,2.28,50.13,19.06,1.44,OMIT,"interior partition, not visible in closed model (see clarification)","auto-extracted PLAN L1 rect px [259, 411, 262, 506]; height = storey, slabs subtracted"
0dfdcf16-ce91-46e9-bdc6-b1b5bb5aa5ed,WALLS::WALLS-INTERIOR,"INT L1 V px[278, 487, 279, 506]",Brep,DER,06,1.726,-35.885,4.0,0.239,2.386,3.05,1.24,12.42,15.89,0.78,OMIT,"interior partition, not visible in closed model (see clarification)","auto-extracted PLAN L1 rect px [278, 487, 279, 506]; height = storey, slabs subtracted"
a12300b7-85cb-4e3c-b8c4-31f05b901f96,WALLS::WALLS-INTERIOR,"INT L1 V px[298, 180, 301, 194]",Brep,DER,06,3.694,-4.818,3.307,0.478,1.786,3.231,2.49,9.3,16.83,1.57,OMIT,"interior partition, not visible in closed model (see clarification)","auto-extracted PLAN L1 rect px [298, 180, 301, 194]; height = storey, slabs subtracted"
e42b3d19-9751-44f8-9405-c97adbba2712,WALLS::WALLS-INTERIOR,"INT L1 V px[300, 198, 301, 213]",Brep,DER,06,3.913,-6.72,4.0,0.239,1.909,3.05,1.24,9.94,15.89,0.78,OMIT,"interior partition, not visible in closed model (see clarification)","auto-extracted PLAN L1 rect px [300, 198, 301, 213]; height = storey, slabs subtracted"
2f9b3a83-e3a5-4e78-9974-717b89defc83,WALLS::WALLS-INTERIOR,"INT L1 V px[325, 515, 327, 578]",Brep,DER,06,6.388,-43.479,4.0,0.358,7.634,3.05,1.86,39.76,15.89,1.17,OMIT,"interior partition, not visible in closed model (see clarification)","auto-extracted PLAN L1 rect px [325, 515, 327, 578]; height = storey, slabs subtracted"
0fb98e50-9b16-48f6-ba1e-0b230c7bd50c,WALLS::WALLS-INTERIOR,"INT L1 V px[352, 182, 353, 194]",Brep,DER,06,9.082,-4.801,4.0,0.239,1.55,2.475,1.24,8.08,12.89,0.78,OMIT,"interior partition, not visible in closed model (see clarification)","auto-extracted PLAN L1 rect px [352, 182, 353, 194]; height = storey, slabs subtracted"
a79407ba-0c58-4102-a4c9-14adac45f946,WALLS::WALLS-INTERIOR,"INT L1 V px[405, 198, 406, 212]",Brep,DER,06,14.35,-6.61,4.0,0.239,1.789,3.05,1.24,9.32,15.89,0.78,OMIT,"interior partition, not visible in closed model (see clarification)","auto-extracted PLAN L1 rect px [405, 198, 406, 212]; height = storey, slabs subtracted"
a4359c76-4a5a-46ea-9f4d-8ecede6469fb,WALLS::WALLS-INTERIOR,"INT L1 V px[485, 198, 486, 212]",Brep,DER,06,22.303,-6.61,4.0,0.238,1.789,3.05,1.24,9.32,15.89,0.78,OMIT,"interior partition, not visible in closed model (see clarification)","auto-extracted PLAN L1 rect px [485, 198, 486, 212]; height = storey, slabs subtracted"
80800282-d3f8-483d-beed-fb202ad2a83b,WALLS::WALLS-INTERIOR,"INT L1 V px[485, 215, 486, 227]",Brep,DER,06,22.303,-8.081,4.0,0.238,1.55,3.05,1.24,8.07,15.89,0.78,OMIT,"interior partition, not visible in closed model (see clarification)","auto-extracted PLAN L1 rect px [485, 215, 486, 227]; height = storey, slabs subtracted"
0c973814-38d3-45eb-80e2-392fdff70e70,WALLS::WALLS-INTERIOR,"INT L1 V px[506, 449, 509, 478]",Brep,DER,06,24.37,-33.201,4.0,0.478,3.58,3.05,2.49,18.64,15.89,1.57,OMIT,"interior partition, not visible in closed model (see clarification)","auto-extracted PLAN L1 rect px [506, 449, 509, 478]; height = storey, slabs subtracted"
7065418e-ef03-489c-a7e3-3897222c54b6,WALLS::WALLS-INTERIOR,"INT L1 V px[559, 151, 560, 185]",Brep,DER,06,29.659,-4.125,3.775,0.238,4.172,2.7,1.24,21.73,14.06,0.78,OMIT,"interior partition, not visible in closed model (see clarification)","auto-extracted PLAN L1 rect px [559, 151, 560, 185]; height = storey, slabs subtracted"
33460dd8-86f7-4c92-a1b9-921239ef1e72,WALLS::WALLS-INTERIOR,"INT L1 V px[598, 151, 599, 195]",Brep,DER,06,33.535,-4.818,3.775,0.239,4.865,3.275,1.24,25.34,17.06,0.78,OMIT,"interior partition, not visible in closed model (see clarification)","auto-extracted PLAN L1 rect px [598, 151, 599, 195]; height = storey, slabs subtracted"
a3335cbf-2fa0-45c9-a918-8c322364a981,WALLS::WALLS-INTERIOR,"INT L1 V px[671, 151, 672, 179]",Brep,DER,06,40.792,-3.469,3.775,0.239,3.457,2.7,1.24,18.01,14.06,0.78,OMIT,"interior partition, not visible in closed model (see clarification)","auto-extracted PLAN L1 rect px [671, 151, 672, 179]; height = storey, slabs subtracted"
3cdacb58-bbbc-4aff-84a3-63e546b992d4,WALLS::WALLS-INTERIOR,"INT L1 V px[692, 151, 693, 168]",Brep,DER,06,42.879,-2.266,3.775,0.239,2.144,2.7,1.24,11.17,14.06,0.78,OMIT,"interior partition, not visible in closed model (see clarification)","auto-extracted PLAN L1 rect px [692, 151, 693, 168]; height = storey, slabs subtracted"
c305eee8-f64d-435d-b04d-6e67ff063908,WALLS::WALLS-INTERIOR,"INT L1 V px[744, 198, 746, 227]",Brep,DER,06,48.038,-8.25,4.0,0.358,3.48,3.05,1.86,18.13,15.89,1.17,OMIT,"interior partition, not visible in closed model (see clarification)","auto-extracted PLAN L1 rect px [744, 198, 746, 227]; height = storey, slabs subtracted"
454a48e9-f601-4e66-8a9a-410a8ed50e81,WALLS::WALLS-INTERIOR,"INT L1 V px[763, 151, 766, 227]",Brep,DER,06,49.917,-8.27,3.775,0.476,8.318,3.275,2.48,43.32,17.06,1.56,OMIT,"interior partition, not visible in closed model (see clarification)","auto-extracted PLAN L1 rect px [763, 151, 766, 227]; height = storey, slabs subtracted"
b79dd47f-0ccf-4d2e-90a3-06eb815daba3,WALLS::WALLS-INTERIOR,"INT L2 H px[52, 279, 77, 280]",Brep,DER,06,0.11,-34.491,7.05,4.013,0.308,3.17,20.9,1.61,16.51,1.01,OMIT,"interior partition, not visible in closed model (see clarification)","auto-extracted PLAN L2 rect px [52, 279, 77, 280]; height = storey, slabs subtracted"
55ece7fe-f458-49c5-aa23-90ae6083f192,WALLS::WALLS-INTERIOR,"INT L2 H px[52, 279, 77, 280]",Brep,DER,06,0.11,-34.491,10.253,4.013,0.308,3.697,20.9,1.61,19.25,1.01,OMIT,"interior partition, not visible in closed model (see clarification)","auto-extracted PLAN L2 rect px [52, 279, 77, 280]; height = storey, slabs subtracted"
970c2432-0e38-4e93-ba3b-ea1f2b3528d1,WALLS::WALLS-INTERIOR,"INT L2 H px[80, 279, 239, 280]",Brep,DER,06,2.005,-35.625,7.05,22.935,2.225,3.17,119.45,11.59,16.51,7.3,OMIT,"interior partition, not visible in closed model (see clarification)","auto-extracted PLAN L2 rect px [80, 279, 239, 280]; height = storey, slabs subtracted"
2e0b1cd1-8655-4d2f-881a-7720626d2971,WALLS::WALLS-INTERIOR,"INT L2 H px[80, 279, 239, 280]",Brep,DER,06,1.987,-34.491,10.253,22.953,0.308,3.697,119.54,1.61,19.25,1.01,OMIT,"interior partition, not visible in closed model (see clarification)","auto-extracted PLAN L2 rect px [80, 279, 239, 280]; height = storey, slabs subtracted"
77189268-6be8-46e3-8dce-57f36fe83f45,WALLS::WALLS-INTERIOR,"INT L2 H px[10, 326, 99, 327]",Brep,DER,06,-4.957,-40.535,7.05,11.594,0.308,6.9,60.38,1.61,35.94,1.01,OMIT,"interior partition, not visible in closed model (see clarification)","auto-extracted PLAN L2 rect px [10, 326, 99, 327]; height = storey, slabs subtracted"
f956e125-6392-4b98-b7cb-8e72ac07b4c2,WALLS::WALLS-INTERIOR,"INT L2 V px[49, 245, 50, 266]",Brep,DER,06,0.032,-32.9,7.05,0.31,3.348,7.5,1.61,17.44,39.06,1.02,OMIT,"interior partition, not visible in closed model (see clarification)","auto-extracted PLAN L2 rect px [49, 245, 50, 266]; height = storey, slabs subtracted"
81ef534d-add2-4094-80be-0e202b42a167,WALLS::WALLS-INTERIOR,"INT L2 V px[49, 281, 51, 288]",Brep,DER,06,0.019,-35.597,7.05,0.463,1.235,6.233,2.41,6.43,32.46,1.52,OMIT,"interior partition, not visible in closed model (see clarification)","auto-extracted PLAN L2 rect px [49, 281, 51, 288]; height = storey, slabs subtracted"
a66c8d02-2200-45e6-93da-d3f9349aadef,WALLS::WALLS-INTERIOR,"INT L2 V px[49, 281, 51, 288]",Brep,DER,06,0.019,-35.549,11.018,0.463,1.182,3.198,2.41,6.16,16.66,1.52,OMIT,"interior partition, not visible in closed model (see clarification)","auto-extracted PLAN L2 rect px [49, 281, 51, 288]; height = storey, slabs subtracted"
9fa6b3d5-5142-4c89-b203-e1e1e1014e78,WALLS::WALLS-INTERIOR,"INT L2 V px[78, 281, 79, 295]",Brep,DER,06,3.762,-36.405,7.05,0.308,2.089,7.302,1.61,10.88,38.03,1.01,OMIT,"interior partition, not visible in closed model (see clarification)","auto-extracted PLAN L2 rect px [78, 281, 79, 295]; height = storey, slabs subtracted"
efe5deeb-f749-4403-b096-4175bf8962ed,WALLS::WALLS-INTERIOR,"INT L2 V px[78, 281, 79, 295]",Brep,DER,06,3.762,-35.549,11.018,0.308,1.182,3.198,1.61,6.16,16.66,1.01,OMIT,"interior partition, not visible in closed model (see clarification)","auto-extracted PLAN L2 rect px [78, 281, 79, 295]; height = storey, slabs subtracted"
c1f3313c-c2c2-4c57-b5de-b334d3c5a06f,WALLS::WALLS-INTERIOR,"INT L2 V px[79, 15, 81, 48]",Brep,DER,06,3.877,-4.818,6.3,0.463,4.865,8.25,2.41,25.34,42.97,1.52,OMIT,"interior partition, not visible in closed model (see clarification)","auto-extracted PLAN L2 rect px [79, 15, 81, 48]; height = storey, slabs subtracted"
498b1b31-dfd1-4592-84e3-0167e21ed219,WALLS::WALLS-INTERIOR,"INT L2 V px[100, 334, 101, 351]",Brep,DER,06,6.591,-43.533,7.05,0.308,2.252,7.5,1.61,11.73,39.06,1.01,OMIT,"interior partition, not visible in closed model (see clarification)","auto-extracted PLAN L2 rect px [100, 334, 101, 351]; height = storey, slabs subtracted"
9764660a-d84b-4cbb-a91e-f5436fee0840,ROOF,RF-01 HALL ROOF SLAB (sloped),Brep,DER,07,0.4,-26.9,8.82,51.44,24.343,5.73,267.92,126.79,29.84,18.8,FABRICATE,,"top Z=8.954-0.2059Y (sec6=sec7), t 0.6 (sec8); 9.94 -> 14.49"
d14904c0-fd42-46d5-9a10-26244d281338,ROOF,RF-02 NORTH BAR ROOF,Brep,DER,07,-1.2,-5.217,14.22,53.969,5.265,0.33,281.09,27.42,1.72,1.08,FABRICATE,,top y278 secs 6/7/8; thickness ASSUMED
3761a95f-8dfb-4154-9e2b-31c0946df4fd,ROOF,RF-03 SOUTH BLOCK ROOF,Brep,DER,07,-6.243,-45.166,13.4,31.491,9.812,0.6,164.02,51.11,3.13,1.97,FABRICATE,,top = cut y284-286 secs 6/7; L2 outline; thickness ASSUMED
407a72b7-0ffe-44f4-ab73-2f76f09cb5ac,ROOF,RF-04 EAST STRIP ROOF,Brep,ASM,07,52.24,-27.32,14.33,0.996,27.32,0.22,5.19,142.29,1.15,0.72,FABRICATE,,strip full height to Y -27.32 (E elev); roof ASSUMED
66ab2ba1-16b3-426e-82e3-d39ad9cd26e7,ROOF,"RF-04b EAST STRIP ROOF (south, low)",Brep,ASM,07,52.23,-29.937,6.93,1.016,2.643,0.24,5.29,13.76,1.25,0.79,FABRICATE,,top = E elev element y231.5 (+7.15); roof thickness ASSUMED
c52d7379-bfc2-4f43-b937-4ff687aeeb75,ROOF,RF-05 NE BOX ROOF,Brep,ASM,07,45.957,0.0,2.78,7.479,2.49,0.24,38.95,12.97,1.25,0.79,FABRICATE,,box height ASSUMED
7de51d26-d91a-461f-9b4f-386320c581e6,ROOF,RF-06 WEST ZONE ROOF,Brep,ASM,07,-4.983,-35.748,14.22,5.033,13.012,0.33,26.21,67.77,1.72,1.08,FABRICATE,,west zone enclosure ASSUMED (sec8 outline to +14.55)
da04b44b-f4ce-41d7-b5b8-70b71382aa31,WALLS::WALLS-INTERIOR,"INT L2 H px[102, 332, 147, 333]",Brep,DER,06,6.282,-41.307,7.05,7.099,0.308,6.9,36.98,1.61,35.94,1.01,OMIT,"interior partition, not visible in closed model (see clarification)","auto-extracted PLAN L2 rect px [102, 332, 147, 333]; height = storey, slabs subtracted"
263c7df6-6779-4987-81ec-fc2601f0b9c1,WINDOWS,CW UP GLASS,Brep,DER,08,50.605,-26.92,7.13,1.235,0.02,1.37,6.43,0.1,7.14,0.07,SIMPLIFY,glazing zone -> opening or clear panel,sec8 panel grid; glass thickness ASSUMED
62c75256-ea57-4eaa-921a-c88fe8dfb3cb,WINDOWS,CW UP GLASS,Brep,DER,08,50.605,-26.92,8.5,1.235,0.02,2.0,6.43,0.1,10.42,0.07,SIMPLIFY,glazing zone -> opening or clear panel,sec8 panel grid; glass thickness ASSUMED
5e7db261-5cc1-40e3-85d2-4d1b6dd320c3,WINDOWS,CW UP GLASS,Brep,DER,08,50.605,-26.92,10.5,1.235,0.02,3.393,6.43,0.1,17.67,0.07,SIMPLIFY,glazing zone -> opening or clear panel,sec8 panel grid; glass thickness ASSUMED
3fefbb47-f53a-49a1-a687-408b82ceb25d,WINDOWS,CW UP TRANSOM,Brep,DER,08,50.645,-26.9,7.09,1.195,0.2,0.08,6.22,1.04,0.42,0.26,SIMPLIFY,engrave on glazing panel / omit physically,sec8 transom lines; section ASSUMED
80812141-17b1-4cc2-a940-4313f1cffa26,WINDOWS,CW UP TRANSOM,Brep,DER,08,50.645,-26.9,8.46,1.195,0.2,0.08,6.22,1.04,0.42,0.26,SIMPLIFY,engrave on glazing panel / omit physically,sec8 transom lines; section ASSUMED
336596a5-84f8-44f6-9f37-9d20e9e8f2a8,WINDOWS,CW UP TRANSOM,Brep,DER,08,50.645,-26.9,10.46,1.195,0.2,0.08,6.22,1.04,0.42,0.26,SIMPLIFY,engrave on glazing panel / omit physically,sec8 transom lines; section ASSUMED
88a075bf-afdf-4385-8125-3ca98ced3842,WINDOWS,CW UP TRANSOM,Brep,DER,08,50.525,-26.9,13.849,1.315,0.214,0.048,6.85,1.11,0.25,0.16,SIMPLIFY,engrave on glazing panel / omit physically,sec8 transom lines; section ASSUMED
85131b80-261b-492f-9449-2dc60852a4aa,WINDOWS,CW UP GLASS,Brep,DER,08,49.367,-26.92,7.13,1.238,0.02,1.37,6.45,0.1,7.14,0.07,SIMPLIFY,glazing zone -> opening or clear panel,sec8 panel grid; glass thickness ASSUMED
d4c2c6eb-051f-4ebd-a757-2b7eefc583ca,WINDOWS,CW UP GLASS,Brep,DER,08,49.367,-26.92,8.5,1.238,0.02,2.0,6.45,0.1,10.42,0.07,SIMPLIFY,glazing zone -> opening or clear panel,sec8 panel grid; glass thickness ASSUMED
b749d83d-3fc3-4d20-acd0-8ffdbccba78a,WINDOWS,CW UP GLASS,Brep,DER,08,49.367,-26.92,10.5,1.238,0.02,3.393,6.45,0.1,17.67,0.07,SIMPLIFY,glazing zone -> opening or clear panel,sec8 panel grid; glass thickness ASSUMED
561bd28d-c49e-46fc-b627-8da967e5b5b3,WINDOWS,CW UP TRANSOM,Brep,DER,08,49.407,-26.9,7.09,1.158,0.2,0.08,6.03,1.04,0.42,0.26,SIMPLIFY,engrave on glazing panel / omit physically,sec8 transom lines; section ASSUMED
e1650bd2-2a43-413e-8756-11211a91f685,WINDOWS,CW UP TRANSOM,Brep,DER,08,49.407,-26.9,8.46,1.158,0.2,0.08,6.03,1.04,0.42,0.26,SIMPLIFY,engrave on glazing panel / omit physically,sec8 transom lines; section ASSUMED
d6ce6e94-ba80-4be0-b72d-f0f9a4a0f6c1,WINDOWS,CW UP TRANSOM,Brep,DER,08,49.407,-26.9,10.46,1.158,0.2,0.08,6.03,1.04,0.42,0.26,SIMPLIFY,engrave on glazing panel / omit physically,sec8 transom lines; section ASSUMED
26f39be0-5830-4c67-a637-1a40021c5596,WINDOWS,CW UP TRANSOM,Brep,DER,08,49.292,-26.9,13.849,1.389,0.214,0.048,7.24,1.11,0.25,0.16,SIMPLIFY,engrave on glazing panel / omit physically,sec8 transom lines; section ASSUMED
a2274311-5864-4495-a610-abe4cb4bb2f8,WINDOWS,CW UP GLASS,Brep,DER,08,48.08,-26.92,7.13,1.287,0.02,1.37,6.7,0.1,7.14,0.07,SIMPLIFY,glazing zone -> opening or clear panel,sec8 panel grid; glass thickness ASSUMED
6650cc76-60dd-464b-aec9-a80d64862217,WINDOWS,CW UP GLASS,Brep,DER,08,48.08,-26.92,8.5,1.287,0.02,2.0,6.7,0.1,10.42,0.07,SIMPLIFY,glazing zone -> opening or clear panel,sec8 panel grid; glass thickness ASSUMED
79a34386-4614-445a-84c4-c5fbdaa23368,WINDOWS,CW UP GLASS,Brep,DER,08,48.08,-26.92,10.5,1.287,0.02,3.393,6.7,0.1,17.67,0.07,SIMPLIFY,glazing zone -> opening or clear panel,sec8 panel grid; glass thickness ASSUMED
8ef0f690-3a80-4375-bbdf-b797086f08e7,WINDOWS,CW UP TRANSOM,Brep,DER,08,48.12,-26.9,7.09,1.207,0.2,0.08,6.29,1.04,0.42,0.26,SIMPLIFY,engrave on glazing panel / omit physically,sec8 transom lines; section ASSUMED
ef6a7657-9a34-4c51-8784-1e1dedc61c1a,WINDOWS,CW UP TRANSOM,Brep,DER,08,48.12,-26.9,8.46,1.207,0.2,0.08,6.29,1.04,0.42,0.26,SIMPLIFY,engrave on glazing panel / omit physically,sec8 transom lines; section ASSUMED
5210cac3-37a1-4385-9599-dd948ba54a58,WINDOWS,CW UP TRANSOM,Brep,DER,08,48.12,-26.9,10.46,1.207,0.2,0.08,6.29,1.04,0.42,0.26,SIMPLIFY,engrave on glazing panel / omit physically,sec8 transom lines; section ASSUMED
5c769a55-f4b1-4b78-a18f-7a0c47a57044,WINDOWS,CW UP TRANSOM,Brep,DER,08,47.999,-26.9,13.849,1.449,0.214,0.048,7.54,1.11,0.25,0.16,SIMPLIFY,engrave on glazing panel / omit physically,sec8 transom lines; section ASSUMED
c3d790de-3dbc-48a5-b301-ebf1648dd5a1,WINDOWS,CW UP GLASS,Brep,DER,08,46.942,-26.92,7.13,1.139,0.02,1.37,5.93,0.1,7.14,0.07,SIMPLIFY,glazing zone -> opening or clear panel,sec8 panel grid; glass thickness ASSUMED
05b6587d-7d07-470a-8071-c034d2e53882,WINDOWS,CW UP GLASS,Brep,DER,08,46.942,-26.92,8.5,1.139,0.02,2.0,5.93,0.1,10.42,0.07,SIMPLIFY,glazing zone -> opening or clear panel,sec8 panel grid; glass thickness ASSUMED
a166728d-c8ca-4dba-bdc0-15458e91f4cb,WINDOWS,CW UP GLASS,Brep,DER,08,46.942,-26.92,10.5,1.139,0.02,3.393,5.93,0.1,17.67,0.07,SIMPLIFY,glazing zone -> opening or clear panel,sec8 panel grid; glass thickness ASSUMED
ed4821fb-ba84-47ca-829a-ba4bc36d48fb,WINDOWS,CW UP TRANSOM,Brep,DER,08,46.982,-26.9,7.09,1.059,0.2,0.08,5.51,1.04,0.42,0.26,SIMPLIFY,engrave on glazing panel / omit physically,sec8 transom lines; section ASSUMED
c5d03bb2-6ec1-43f4-961d-c1f55661536d,WINDOWS,CW UP TRANSOM,Brep,DER,08,46.982,-26.9,8.46,1.059,0.2,0.08,5.51,1.04,0.42,0.26,SIMPLIFY,engrave on glazing panel / omit physically,sec8 transom lines; section ASSUMED
de136938-9d82-4d81-a5fd-50955a170315,WINDOWS,CW UP TRANSOM,Brep,DER,08,46.982,-26.9,10.46,1.059,0.2,0.08,5.51,1.04,0.42,0.26,SIMPLIFY,engrave on glazing panel / omit physically,sec8 transom lines; section ASSUMED
5d909e49-ac72-44d7-bb96-dc09ad9cec5c,WINDOWS,CW UP TRANSOM,Brep,DER,08,46.876,-26.9,13.849,1.27,0.214,0.048,6.62,1.11,0.25,0.16,SIMPLIFY,engrave on glazing panel / omit physically,sec8 transom lines; section ASSUMED
d57635d2-4c6c-4249-94ca-27f2e3ba75b5,WINDOWS,CW UP GLASS,Brep,DER,08,45.704,-26.92,7.13,1.238,0.02,1.37,6.45,0.1,7.14,0.07,SIMPLIFY,glazing zone -> opening or clear panel,sec8 panel grid; glass thickness ASSUMED
c0c99a04-7dc2-4c24-9417-0d43a9dd142b,WINDOWS,CW UP GLASS,Brep,DER,08,45.704,-26.92,8.5,1.238,0.02,2.0,6.45,0.1,10.42,0.07,SIMPLIFY,glazing zone -> opening or clear panel,sec8 panel grid; glass thickness ASSUMED
ea43041c-74b3-46bd-b145-f1da7bfc6dc3,WINDOWS,CW UP GLASS,Brep,DER,08,45.704,-26.92,10.5,1.238,0.02,3.393,6.45,0.1,17.67,0.07,SIMPLIFY,glazing zone -> opening or clear panel,sec8 panel grid; glass thickness ASSUMED
ad1daf53-930f-4f9f-80ec-7f79481f48f2,WINDOWS,CW UP TRANSOM,Brep,DER,08,45.744,-26.9,7.09,1.158,0.2,0.08,6.03,1.04,0.42,0.26,SIMPLIFY,engrave on glazing panel / omit physically,sec8 transom lines; section ASSUMED
9e77e091-7458-4d2c-a46f-db2f59b8afbc,WINDOWS,CW UP TRANSOM,Brep,DER,08,45.744,-26.9,8.46,1.158,0.2,0.08,6.03,1.04,0.42,0.26,SIMPLIFY,engrave on glazing panel / omit physically,sec8 transom lines; section ASSUMED
036439ed-11c7-43d8-9d4e-e5d67ea351b3,WINDOWS,CW UP TRANSOM,Brep,DER,08,45.744,-26.9,10.46,1.158,0.2,0.08,6.03,1.04,0.42,0.26,SIMPLIFY,engrave on glazing panel / omit physically,sec8 transom lines; section ASSUMED
d5783da2-9dbd-4e15-ab63-6ca884bccb3e,WINDOWS,CW UP TRANSOM,Brep,DER,08,45.628,-26.9,13.849,1.389,0.214,0.048,7.24,1.11,0.25,0.16,SIMPLIFY,engrave on glazing panel / omit physically,sec8 transom lines; section ASSUMED
c61ad9e0-33ef-401e-b955-52fed39c40eb,WINDOWS,CW UP GLASS,Brep,DER,08,44.466,-26.92,7.13,1.238,0.02,1.37,6.45,0.1,7.14,0.07,SIMPLIFY,glazing zone -> opening or clear panel,sec8 panel grid; glass thickness ASSUMED
5ea63e73-682d-4160-acb2-e6902689b3f5,WINDOWS,CW UP GLASS,Brep,DER,08,44.466,-26.92,8.5,1.238,0.02,2.0,6.45,0.1,10.42,0.07,SIMPLIFY,glazing zone -> opening or clear panel,sec8 panel grid; glass thickness ASSUMED
f9a537a7-a928-4434-8508-b5746d02299a,WINDOWS,CW UP GLASS,Brep,DER,08,44.466,-26.92,10.5,1.238,0.02,3.393,6.45,0.1,17.67,0.07,SIMPLIFY,glazing zone -> opening or clear panel,sec8 panel grid; glass thickness ASSUMED
ecb93ac7-d6ab-4b3d-a090-761066fddf08,WINDOWS,CW UP TRANSOM,Brep,DER,08,44.616,-26.9,7.09,1.048,0.2,0.08,5.46,1.04,0.42,0.26,SIMPLIFY,engrave on glazing panel / omit physically,sec8 transom lines; section ASSUMED
2c531eca-280c-4e57-9201-30b4e96d1d5b,WINDOWS,CW UP TRANSOM,Brep,DER,08,44.616,-26.9,8.46,1.048,0.2,0.08,5.46,1.04,0.42,0.26,SIMPLIFY,engrave on glazing panel / omit physically,sec8 transom lines; section ASSUMED
ab139009-95e8-475e-a90c-a21cc3966439,WINDOWS,CW UP TRANSOM,Brep,DER,08,44.616,-26.9,10.46,1.048,0.2,0.08,5.46,1.04,0.42,0.26,SIMPLIFY,engrave on glazing panel / omit physically,sec8 transom lines; section ASSUMED
66f63b78-b57a-4c13-b1e4-2e60ddf457e6,WINDOWS,CW UP TRANSOM,Brep,DER,08,44.512,-26.9,13.849,1.257,0.214,0.048,6.55,1.11,0.25,0.16,SIMPLIFY,engrave on glazing panel / omit physically,sec8 transom lines; section ASSUMED
2577db7f-f088-4bed-9404-fc10c2046c5e,WINDOWS,CW UP GLASS,Brep,DER,08,43.278,-26.92,7.13,1.188,0.02,1.37,6.19,0.1,7.14,0.07,SIMPLIFY,glazing zone -> opening or clear panel,sec8 panel grid; glass thickness ASSUMED
dbb22b20-65af-4639-ab55-65c410ed14b2,WINDOWS,CW UP GLASS,Brep,DER,08,43.278,-26.92,8.5,1.188,0.02,2.0,6.19,0.1,10.42,0.07,SIMPLIFY,glazing zone -> opening or clear panel,sec8 panel grid; glass thickness ASSUMED
a31d7f9f-b7d8-4780-abdb-b622c6bca0fb,WINDOWS,CW UP GLASS,Brep,DER,08,43.278,-26.92,10.5,1.188,0.02,3.393,6.19,0.1,17.67,0.07,SIMPLIFY,glazing zone -> opening or clear panel,sec8 panel grid; glass thickness ASSUMED
d59eae4d-7c28-4704-9ca8-57a59fe7f1f5,WINDOWS,CW UP TRANSOM,Brep,DER,08,43.318,-26.9,7.09,0.998,0.2,0.08,5.2,1.04,0.42,0.26,SIMPLIFY,engrave on glazing panel / omit physically,sec8 transom lines; section ASSUMED
a7e01f60-2dfc-4d6d-8f90-0d73b3fbf504,WINDOWS,CW UP TRANSOM,Brep,DER,08,43.318,-26.9,8.46,0.998,0.2,0.08,5.2,1.04,0.42,0.26,SIMPLIFY,engrave on glazing panel / omit physically,sec8 transom lines; section ASSUMED
bd1190f3-b082-4907-b08b-fbceb9562531,WINDOWS,CW UP TRANSOM,Brep,DER,08,43.318,-26.9,10.46,0.998,0.2,0.08,5.2,1.04,0.42,0.26,SIMPLIFY,engrave on glazing panel / omit physically,sec8 transom lines; section ASSUMED
7ce0c5ea-1085-4720-aeb2-9c9996d9f0d0,WINDOWS,CW UP TRANSOM,Brep,DER,08,43.218,-26.9,13.849,1.198,0.214,0.048,6.24,1.11,0.25,0.16,SIMPLIFY,engrave on glazing panel / omit physically,sec8 transom lines; section ASSUMED
6b5c97da-ef48-46e2-b311-e7faa1745ffa,WINDOWS,CW UP GLASS,Brep,DER,08,42.041,-26.92,7.13,1.238,0.02,1.37,6.45,0.1,7.14,0.07,SIMPLIFY,glazing zone -> opening or clear panel,sec8 panel grid; glass thickness ASSUMED
4615d6b0-ff95-4887-809b-5bef8d2d6b7b,WINDOWS,CW UP GLASS,Brep,DER,08,42.041,-26.92,8.5,1.238,0.02,2.0,6.45,0.1,10.42,0.07,SIMPLIFY,glazing zone -> opening or clear panel,sec8 panel grid; glass thickness ASSUMED
03df91ab-ca4b-4ea5-8f14-d3774d9c8578,WINDOWS,CW UP GLASS,Brep,DER,08,42.041,-26.92,10.5,1.238,0.02,3.393,6.45,0.1,17.67,0.07,SIMPLIFY,glazing zone -> opening or clear panel,sec8 panel grid; glass thickness ASSUMED
60c312c1-aa7e-43c2-8aac-e4f63da41fd8,WINDOWS,CW UP TRANSOM,Brep,DER,08,42.081,-26.9,7.09,1.158,0.2,0.08,6.03,1.04,0.42,0.26,SIMPLIFY,engrave on glazing panel / omit physically,sec8 transom lines; section ASSUMED
a3fde7cf-3496-4c36-baf6-55dd1c94408d,WINDOWS,CW UP TRANSOM,Brep,DER,08,42.081,-26.9,8.46,1.158,0.2,0.08,6.03,1.04,0.42,0.26,SIMPLIFY,engrave on glazing panel / omit physically,sec8 transom lines; section ASSUMED
54cba021-7699-44eb-a819-d1e09471e3c6,WINDOWS,CW UP TRANSOM,Brep,DER,08,42.081,-26.9,10.46,1.158,0.2,0.08,6.03,1.04,0.42,0.26,SIMPLIFY,engrave on glazing panel / omit physically,sec8 transom lines; section ASSUMED
e5d76dc8-82e0-4fea-902c-c3a11603845f,WINDOWS,CW UP TRANSOM,Brep,DER,08,41.965,-26.9,13.849,1.389,0.214,0.048,7.24,1.11,0.25,0.16,SIMPLIFY,engrave on glazing panel / omit physically,sec8 transom lines; section ASSUMED
9ad85e25-2a52-48cc-b60b-a3ca8d3f47f9,WINDOWS,CW UP GLASS,Brep,DER,08,40.803,-26.92,7.13,1.238,0.02,1.37,6.45,0.1,7.14,0.07,SIMPLIFY,glazing zone -> opening or clear panel,sec8 panel grid; glass thickness ASSUMED
35d75fcf-a3f9-439a-8c7f-e04f329a912a,WINDOWS,CW UP GLASS,Brep,DER,08,40.803,-26.92,8.5,1.238,0.02,2.0,6.45,0.1,10.42,0.07,SIMPLIFY,glazing zone -> opening or clear panel,sec8 panel grid; glass thickness ASSUMED
1e56f382-01d1-4621-bb28-13d5cc124c98,WINDOWS,CW UP GLASS,Brep,DER,08,40.803,-26.92,10.5,1.238,0.02,3.393,6.45,0.1,17.67,0.07,SIMPLIFY,glazing zone -> opening or clear panel,sec8 panel grid; glass thickness ASSUMED
848790f6-56b0-44ae-aee6-a6ebaf2bba4b,WINDOWS,CW UP TRANSOM,Brep,DER,08,40.843,-26.9,7.09,1.158,0.2,0.08,6.03,1.04,0.42,0.26,SIMPLIFY,engrave on glazing panel / omit physically,sec8 transom lines; section ASSUMED
917ee798-3d7f-4485-a801-b081ca0d8518,WINDOWS,CW UP TRANSOM,Brep,DER,08,40.843,-26.9,8.46,1.158,0.2,0.08,6.03,1.04,0.42,0.26,SIMPLIFY,engrave on glazing panel / omit physically,sec8 transom lines; section ASSUMED
23a3366a-e20d-4b40-883c-a4be69af18bc,WINDOWS,CW UP TRANSOM,Brep,DER,08,40.843,-26.9,10.46,1.158,0.2,0.08,6.03,1.04,0.42,0.26,SIMPLIFY,engrave on glazing panel / omit physically,sec8 transom lines; section ASSUMED
1deafe2b-86e6-428e-87c8-27b461aeb2c5,WINDOWS,CW UP TRANSOM,Brep,DER,08,40.727,-26.9,13.849,1.389,0.214,0.048,7.24,1.11,0.25,0.16,SIMPLIFY,engrave on glazing panel / omit physically,sec8 transom lines; section ASSUMED
cf21b3c5-dca6-400a-8d21-0c47db5d2397,WINDOWS,CW UP GLASS,Brep,DER,08,39.615,-26.92,7.13,1.188,0.02,1.37,6.19,0.1,7.14,0.07,SIMPLIFY,glazing zone -> opening or clear panel,sec8 panel grid; glass thickness ASSUMED
ce35c030-6f3a-4b94-85f3-db3ffb90dbdf,WINDOWS,CW UP GLASS,Brep,DER,08,39.615,-26.92,8.5,1.188,0.02,2.0,6.19,0.1,10.42,0.07,SIMPLIFY,glazing zone -> opening or clear panel,sec8 panel grid; glass thickness ASSUMED
cef065d6-8a0c-4ec8-8999-560483460242,WINDOWS,CW UP GLASS,Brep,DER,08,39.615,-26.92,10.5,1.188,0.02,3.393,6.19,0.1,17.67,0.07,SIMPLIFY,glazing zone -> opening or clear panel,sec8 panel grid; glass thickness ASSUMED
34d0c338-c23c-4559-b4b0-69aff29a1042,WINDOWS,CW UP TRANSOM,Brep,DER,08,39.655,-26.9,7.09,1.108,0.2,0.08,5.77,1.04,0.42,0.26,SIMPLIFY,engrave on glazing panel / omit physically,sec8 transom lines; section ASSUMED
bd41bf64-d150-42ea-9949-1d538e258389,WINDOWS,CW UP TRANSOM,Brep,DER,08,39.655,-26.9,8.46,1.108,0.2,0.08,5.77,1.04,0.42,0.26,SIMPLIFY,engrave on glazing panel / omit physically,sec8 transom lines; section ASSUMED
b9ab8ed3-403b-4bd4-acc9-a5ac1640cded,WINDOWS,CW UP TRANSOM,Brep,DER,08,39.655,-26.9,10.46,1.108,0.2,0.08,5.77,1.04,0.42,0.26,SIMPLIFY,engrave on glazing panel / omit physically,sec8 transom lines; section ASSUMED
87e773ba-c31d-4d2b-9b80-517665a3dcdd,WINDOWS,CW UP TRANSOM,Brep,DER,08,39.544,-26.9,13.849,1.33,0.214,0.048,6.93,1.11,0.25,0.16,SIMPLIFY,engrave on glazing panel / omit physically,sec8 transom lines; section ASSUMED
f64eb924-c6f8-40f2-8d28-98f559099600,WINDOWS,CW UP GLASS,Brep,DER,08,38.377,-26.92,7.13,1.238,0.02,1.37,6.45,0.1,7.14,0.07,SIMPLIFY,glazing zone -> opening or clear panel,sec8 panel grid; glass thickness ASSUMED
e46a5f3a-cf00-485f-93e9-11e2d14243a5,WINDOWS,CW UP GLASS,Brep,DER,08,38.377,-26.92,8.5,1.238,0.02,2.0,6.45,0.1,10.42,0.07,SIMPLIFY,glazing zone -> opening or clear panel,sec8 panel grid; glass thickness ASSUMED
a22eeb47-de42-441d-8494-c14e72f2cbc2,WINDOWS,CW UP GLASS,Brep,DER,08,38.377,-26.92,10.5,1.238,0.02,3.393,6.45,0.1,17.67,0.07,SIMPLIFY,glazing zone -> opening or clear panel,sec8 panel grid; glass thickness ASSUMED
63e1e504-4ae4-4420-89f1-794a095c6fbd,WINDOWS,CW UP TRANSOM,Brep,DER,08,38.417,-26.9,7.09,1.158,0.2,0.08,6.03,1.04,0.42,0.26,SIMPLIFY,engrave on glazing panel / omit physically,sec8 transom lines; section ASSUMED
b8f1e808-11fb-47be-89e0-0626df577d02,WINDOWS,CW UP TRANSOM,Brep,DER,08,38.417,-26.9,8.46,1.158,0.2,0.08,6.03,1.04,0.42,0.26,SIMPLIFY,engrave on glazing panel / omit physically,sec8 transom lines; section ASSUMED
060e4187-69a2-4f5b-b193-2b5cfb0926ad,WINDOWS,CW UP TRANSOM,Brep,DER,08,38.417,-26.9,10.46,1.158,0.2,0.08,6.03,1.04,0.42,0.26,SIMPLIFY,engrave on glazing panel / omit physically,sec8 transom lines; section ASSUMED
47f835e8-1ab5-4ab2-bb44-f259817adde1,WINDOWS,CW UP TRANSOM,Brep,DER,08,38.301,-26.9,13.849,1.389,0.214,0.048,7.24,1.11,0.25,0.16,SIMPLIFY,engrave on glazing panel / omit physically,sec8 transom lines; section ASSUMED
d33d6f50-11be-4799-ac36-c0b699aad963,WINDOWS,CW UP GLASS,Brep,DER,08,37.09,-26.92,7.13,1.287,0.02,1.37,6.7,0.1,7.14,0.07,SIMPLIFY,glazing zone -> opening or clear panel,sec8 panel grid; glass thickness ASSUMED
bfc9bfb1-ed14-4640-87f6-a2881b5e6408,WINDOWS,CW UP GLASS,Brep,DER,08,37.09,-26.92,8.5,1.287,0.02,2.0,6.7,0.1,10.42,0.07,SIMPLIFY,glazing zone -> opening or clear panel,sec8 panel grid; glass thickness ASSUMED
682488a9-2491-4764-aba8-bb0ebe5792d3,WINDOWS,CW UP GLASS,Brep,DER,08,37.09,-26.92,10.5,1.287,0.02,3.393,6.7,0.1,17.67,0.07,SIMPLIFY,glazing zone -> opening or clear panel,sec8 panel grid; glass thickness ASSUMED
1fc46afc-9dcf-4b2d-848c-99b69a4f4d6d,WINDOWS,CW UP TRANSOM,Brep,DER,08,37.24,-26.9,7.09,1.097,0.2,0.08,5.71,1.04,0.42,0.26,SIMPLIFY,engrave on glazing panel / omit physically,sec8 transom lines; section ASSUMED
046c442c-4892-4cf4-b1d9-105c0ce7fe9f,WINDOWS,CW UP TRANSOM,Brep,DER,08,37.24,-26.9,8.46,1.097,0.2,0.08,5.71,1.04,0.42,0.26,SIMPLIFY,engrave on glazing panel / omit physically,sec8 transom lines; section ASSUMED
58dcf01c-d06f-4395-912b-b5e6cc9b2389,WINDOWS,CW UP TRANSOM,Brep,DER,08,37.24,-26.9,10.46,1.097,0.2,0.08,5.71,1.04,0.42,0.26,SIMPLIFY,engrave on glazing panel / omit physically,sec8 transom lines; section ASSUMED
56288f8b-c0aa-4f9c-a017-3f32c6123467,WINDOWS,CW UP TRANSOM,Brep,DER,08,37.13,-26.9,13.849,1.317,0.214,0.048,6.86,1.11,0.25,0.16,SIMPLIFY,engrave on glazing panel / omit physically,sec8 transom lines; section ASSUMED
994b1ce0-cd3a-4739-b813-7b887837ae35,WINDOWS,CW UP GLASS,Brep,DER,08,35.951,-26.92,7.13,1.139,0.02,1.37,5.93,0.1,7.14,0.07,SIMPLIFY,glazing zone -> opening or clear panel,sec8 panel grid; glass thickness ASSUMED
e77742e7-78c3-4ed0-b9ab-0be8ef9f0524,WINDOWS,CW UP GLASS,Brep,DER,08,35.951,-26.92,8.5,1.139,0.02,2.0,5.93,0.1,10.42,0.07,SIMPLIFY,glazing zone -> opening or clear panel,sec8 panel grid; glass thickness ASSUMED
db580cfa-3652-4ce1-aa3e-9ac53cfa25fc,WINDOWS,CW UP GLASS,Brep,DER,08,35.951,-26.92,10.5,1.139,0.02,3.393,5.93,0.1,17.67,0.07,SIMPLIFY,glazing zone -> opening or clear panel,sec8 panel grid; glass thickness ASSUMED
42a00195-06a6-492e-bc58-0bab89a8e3ae,WINDOWS,CW UP TRANSOM,Brep,DER,08,35.991,-26.9,7.09,0.949,0.2,0.08,4.94,1.04,0.42,0.26,SIMPLIFY,engrave on glazing panel / omit physically,sec8 transom lines; section ASSUMED
653ebf55-0d88-471b-80b1-e270d66f43c7,WINDOWS,CW UP TRANSOM,Brep,DER,08,35.991,-26.9,8.46,0.949,0.2,0.08,4.94,1.04,0.42,0.26,SIMPLIFY,engrave on glazing panel / omit physically,sec8 transom lines; section ASSUMED
c8416c00-ad0c-4469-892f-39cd8335be2f,WINDOWS,CW UP TRANSOM,Brep,DER,08,35.991,-26.9,10.46,0.949,0.2,0.08,4.94,1.04,0.42,0.26,SIMPLIFY,engrave on glazing panel / omit physically,sec8 transom lines; section ASSUMED
cdb6c27f-54f9-4ca5-ac51-9bd6833a9ca5,WINDOWS,CW UP TRANSOM,Brep,DER,08,35.897,-26.9,13.849,1.138,0.214,0.048,5.93,1.11,0.25,0.16,SIMPLIFY,engrave on glazing panel / omit physically,sec8 transom lines; section ASSUMED
e20f1907-74dd-4c34-ab0c-76e3634888fa,WINDOWS,CW UP GLASS,Brep,DER,08,34.664,-26.92,7.13,1.287,0.02,1.37,6.7,0.1,7.14,0.07,SIMPLIFY,glazing zone -> opening or clear panel,sec8 panel grid; glass thickness ASSUMED
4c0edccc-8a2b-4f09-9988-6955dd11e8f8,WINDOWS,CW UP GLASS,Brep,DER,08,34.664,-26.92,8.5,1.287,0.02,2.0,6.7,0.1,10.42,0.07,SIMPLIFY,glazing zone -> opening or clear panel,sec8 panel grid; glass thickness ASSUMED
cad379ac-543d-4cf6-9a40-db8c471234c3,WINDOWS,CW UP GLASS,Brep,DER,08,34.664,-26.92,10.5,1.287,0.02,3.393,6.7,0.1,17.67,0.07,SIMPLIFY,glazing zone -> opening or clear panel,sec8 panel grid; glass thickness ASSUMED
1dec38ac-197c-4e22-8fd3-9d835c797637,WINDOWS,CW UP TRANSOM,Brep,DER,08,34.704,-26.9,7.09,1.207,0.2,0.08,6.29,1.04,0.42,0.26,SIMPLIFY,engrave on glazing panel / omit physically,sec8 transom lines; section ASSUMED
8521e229-05cd-4c85-a5f9-5de486f69956,WINDOWS,CW UP TRANSOM,Brep,DER,08,34.704,-26.9,8.46,1.207,0.2,0.08,6.29,1.04,0.42,0.26,SIMPLIFY,engrave on glazing panel / omit physically,sec8 transom lines; section ASSUMED
fbb3ce13-e219-4fa7-bf25-3221ab0255a8,WINDOWS,CW UP TRANSOM,Brep,DER,08,34.704,-26.9,10.46,1.207,0.2,0.08,6.29,1.04,0.42,0.26,SIMPLIFY,engrave on glazing panel / omit physically,sec8 transom lines; section ASSUMED
0d93bac6-f804-4250-8a92-eedd834b9000,WINDOWS,CW UP TRANSOM,Brep,DER,08,34.584,-26.9,13.849,1.449,0.214,0.048,7.54,1.11,0.25,0.16,SIMPLIFY,engrave on glazing panel / omit physically,sec8 transom lines; section ASSUMED
a5356b3d-2a70-43f8-9bfc-c8af0f9db48a,WINDOWS,CW UP GLASS,Brep,DER,08,33.476,-26.92,7.13,1.188,0.02,1.37,6.19,0.1,7.14,0.07,SIMPLIFY,glazing zone -> opening or clear panel,sec8 panel grid; glass thickness ASSUMED
254ac4dd-2389-4353-a789-86100d0216a0,WINDOWS,CW UP GLASS,Brep,DER,08,33.476,-26.92,8.5,1.188,0.02,2.0,6.19,0.1,10.42,0.07,SIMPLIFY,glazing zone -> opening or clear panel,sec8 panel grid; glass thickness ASSUMED
033f0afd-e29d-4bc0-9617-3b84396e8444,WINDOWS,CW UP GLASS,Brep,DER,08,33.476,-26.92,10.5,1.188,0.02,3.393,6.19,0.1,17.67,0.07,SIMPLIFY,glazing zone -> opening or clear panel,sec8 panel grid; glass thickness ASSUMED
d3391aec-f841-4644-9a34-473c52f0ac9b,WINDOWS,CW UP TRANSOM,Brep,DER,08,33.516,-26.9,7.09,1.108,0.2,0.08,5.77,1.04,0.42,0.26,SIMPLIFY,engrave on glazing panel / omit physically,sec8 transom lines; section ASSUMED
829b7848-994a-4ef1-aded-ca8dff13ac15,WINDOWS,CW UP TRANSOM,Brep,DER,08,33.516,-26.9,8.46,1.108,0.2,0.08,5.77,1.04,0.42,0.26,SIMPLIFY,engrave on glazing panel / omit physically,sec8 transom lines; section ASSUMED
f624b557-25db-41a6-81ff-586d477e283b,WINDOWS,CW UP TRANSOM,Brep,DER,08,33.516,-26.9,10.46,1.108,0.2,0.08,5.77,1.04,0.42,0.26,SIMPLIFY,engrave on glazing panel / omit physically,sec8 transom lines; section ASSUMED
065144ff-54a0-490b-b693-96d7ebdb4bde,WINDOWS,CW UP TRANSOM,Brep,DER,08,33.405,-26.9,13.849,1.33,0.214,0.048,6.93,1.11,0.25,0.16,SIMPLIFY,engrave on glazing panel / omit physically,sec8 transom lines; section ASSUMED
6e3b7f84-9a02-45df-8e77-7cb53d84e9a9,WINDOWS,CW UP GLASS,Brep,DER,08,32.239,-26.92,7.13,1.238,0.02,1.37,6.45,0.1,7.14,0.07,SIMPLIFY,glazing zone -> opening or clear panel,sec8 panel grid; glass thickness ASSUMED
720c3209-cc66-4f17-87a7-db2a37a7b23a,WINDOWS,CW UP GLASS,Brep,DER,08,32.239,-26.92,8.5,1.238,0.02,2.0,6.45,0.1,10.42,0.07,SIMPLIFY,glazing zone -> opening or clear panel,sec8 panel grid; glass thickness ASSUMED
5d0ea73a-6d36-46e7-b2df-fe9db3f4fb1e,WINDOWS,CW UP GLASS,Brep,DER,08,32.239,-26.92,10.5,1.238,0.02,3.393,6.45,0.1,17.67,0.07,SIMPLIFY,glazing zone -> opening or clear panel,sec8 panel grid; glass thickness ASSUMED
36f3039f-78a3-48df-8e88-2bf216120d68,WINDOWS,CW UP TRANSOM,Brep,DER,08,32.279,-26.9,7.09,1.158,0.2,0.08,6.03,1.04,0.42,0.26,SIMPLIFY,engrave on glazing panel / omit physically,sec8 transom lines; section ASSUMED
67f5e7b3-54ce-4eb1-a28d-b9e436e0225d,WINDOWS,CW UP TRANSOM,Brep,DER,08,32.279,-26.9,8.46,1.158,0.2,0.08,6.03,1.04,0.42,0.26,SIMPLIFY,engrave on glazing panel / omit physically,sec8 transom lines; section ASSUMED
23d2ab2f-b716-44b4-bc24-4f1967d8872c,WINDOWS,CW UP TRANSOM,Brep,DER,08,32.279,-26.9,10.46,1.158,0.2,0.08,6.03,1.04,0.42,0.26,SIMPLIFY,engrave on glazing panel / omit physically,sec8 transom lines; section ASSUMED
a14fe41c-ba4a-45f6-90e7-d0aa84c0672f,WINDOWS,CW UP TRANSOM,Brep,DER,08,32.163,-26.9,13.849,1.389,0.214,0.048,7.24,1.11,0.25,0.16,SIMPLIFY,engrave on glazing panel / omit physically,sec8 transom lines; section ASSUMED
a1deb1e6-7602-4f4d-919d-420cf4ace1c8,WINDOWS,CW UP GLASS,Brep,DER,08,31.001,-26.92,7.13,1.238,0.02,1.37,6.45,0.1,7.14,0.07,SIMPLIFY,glazing zone -> opening or clear panel,sec8 panel grid; glass thickness ASSUMED
9fc3b1dc-4573-4d0d-989e-c438c18a0f16,WINDOWS,CW UP GLASS,Brep,DER,08,31.001,-26.92,8.5,1.238,0.02,2.0,6.45,0.1,10.42,0.07,SIMPLIFY,glazing zone -> opening or clear panel,sec8 panel grid; glass thickness ASSUMED
c1595351-2d69-413c-baaf-ca14563e1a17,WINDOWS,CW UP GLASS,Brep,DER,08,31.001,-26.92,10.5,1.238,0.02,3.393,6.45,0.1,17.67,0.07,SIMPLIFY,glazing zone -> opening or clear panel,sec8 panel grid; glass thickness ASSUMED
ee4eadab-9bfe-4deb-8a27-e3e10cf41484,WINDOWS,CW UP TRANSOM,Brep,DER,08,31.041,-26.9,7.09,1.158,0.2,0.08,6.03,1.04,0.42,0.26,SIMPLIFY,engrave on glazing panel / omit physically,sec8 transom lines; section ASSUMED
ba2a3288-b204-4ba6-b53e-3267ff7085ec,WINDOWS,CW UP TRANSOM,Brep,DER,08,31.041,-26.9,8.46,1.158,0.2,0.08,6.03,1.04,0.42,0.26,SIMPLIFY,engrave on glazing panel / omit physically,sec8 transom lines; section ASSUMED
bead5e47-361d-4868-a4b9-90414bf6c42e,WINDOWS,CW UP TRANSOM,Brep,DER,08,31.041,-26.9,10.46,1.158,0.2,0.08,6.03,1.04,0.42,0.26,SIMPLIFY,engrave on glazing panel / omit physically,sec8 transom lines; section ASSUMED
6bb482eb-7a0e-43db-9231-9b38f233f615,WINDOWS,CW UP TRANSOM,Brep,DER,08,30.925,-26.9,13.849,1.389,0.214,0.048,7.24,1.11,0.25,0.16,SIMPLIFY,engrave on glazing panel / omit physically,sec8 transom lines; section ASSUMED
dee0b913-5553-42f3-81dc-cc3ae1e7b052,WINDOWS,CW UP GLASS,Brep,DER,08,29.763,-26.92,7.13,1.238,0.02,1.37,6.45,0.1,7.14,0.07,SIMPLIFY,glazing zone -> opening or clear panel,sec8 panel grid; glass thickness ASSUMED
fad0f0d2-3845-4435-b9dc-de481c4bffb7,WINDOWS,CW UP GLASS,Brep,DER,08,29.763,-26.92,8.5,1.238,0.02,2.0,6.45,0.1,10.42,0.07,SIMPLIFY,glazing zone -> opening or clear panel,sec8 panel grid; glass thickness ASSUMED
f59b0f56-b5b9-4c2b-9052-2ad0b5f28cb2,WINDOWS,CW UP GLASS,Brep,DER,08,29.763,-26.92,10.5,1.238,0.02,3.393,6.45,0.1,17.67,0.07,SIMPLIFY,glazing zone -> opening or clear panel,sec8 panel grid; glass thickness ASSUMED
dc6dbc98-c862-4142-a4ec-497842e5046d,WINDOWS,CW UP TRANSOM,Brep,DER,08,29.913,-26.9,7.09,1.048,0.2,0.08,5.46,1.04,0.42,0.26,SIMPLIFY,engrave on glazing panel / omit physically,sec8 transom lines; section ASSUMED
32537373-59b4-4375-aec3-83b630b6e525,WINDOWS,CW UP TRANSOM,Brep,DER,08,29.913,-26.9,8.46,1.048,0.2,0.08,5.46,1.04,0.42,0.26,SIMPLIFY,engrave on glazing panel / omit physically,sec8 transom lines; section ASSUMED
c62ca856-e0a4-44b1-81fe-7c52dacd4916,WINDOWS,CW UP TRANSOM,Brep,DER,08,29.913,-26.9,10.46,1.048,0.2,0.08,5.46,1.04,0.42,0.26,SIMPLIFY,engrave on glazing panel / omit physically,sec8 transom lines; section ASSUMED
98a6e0c4-d8e7-460a-8a73-c522ac97a2e2,WINDOWS,CW UP TRANSOM,Brep,DER,08,29.809,-26.9,13.849,1.257,0.214,0.048,6.55,1.11,0.25,0.16,SIMPLIFY,engrave on glazing panel / omit physically,sec8 transom lines; section ASSUMED
100b395e-ea85-47b4-bb22-f5c92f63ff00,WINDOWS,CW UP GLASS,Brep,DER,08,28.575,-26.92,7.13,1.188,0.02,1.37,6.19,0.1,7.14,0.07,SIMPLIFY,glazing zone -> opening or clear panel,sec8 panel grid; glass thickness ASSUMED
c9513550-4a03-4017-a21c-5af0db9e8071,WINDOWS,CW UP GLASS,Brep,DER,08,28.575,-26.92,8.5,1.188,0.02,2.0,6.19,0.1,10.42,0.07,SIMPLIFY,glazing zone -> opening or clear panel,sec8 panel grid; glass thickness ASSUMED
7a747b28-e790-49e6-9e82-4cacb78bcbfb,WINDOWS,CW UP GLASS,Brep,DER,08,28.575,-26.92,10.5,1.188,0.02,3.393,6.19,0.1,17.67,0.07,SIMPLIFY,glazing zone -> opening or clear panel,sec8 panel grid; glass thickness ASSUMED
c0be678c-a2a5-4a80-adb6-1af9eefcb253,WINDOWS,CW UP TRANSOM,Brep,DER,08,28.615,-26.9,7.09,0.998,0.2,0.08,5.2,1.04,0.42,0.26,SIMPLIFY,engrave on glazing panel / omit physically,sec8 transom lines; section ASSUMED
76cae7f7-de93-495f-ae76-8a505fe7c6b7,WINDOWS,CW UP TRANSOM,Brep,DER,08,28.615,-26.9,8.46,0.998,0.2,0.08,5.2,1.04,0.42,0.26,SIMPLIFY,engrave on glazing panel / omit physically,sec8 transom lines; section ASSUMED
258ab0a4-2570-4750-af20-cf37e78a4ef1,WINDOWS,CW UP TRANSOM,Brep,DER,08,28.615,-26.9,10.46,0.998,0.2,0.08,5.2,1.04,0.42,0.26,SIMPLIFY,engrave on glazing panel / omit physically,sec8 transom lines; section ASSUMED
f172687c-c112-4d9d-bfa3-81f5fccd6fa2,WINDOWS,CW UP TRANSOM,Brep,DER,08,28.515,-26.9,13.849,1.198,0.214,0.048,6.24,1.11,0.25,0.16,SIMPLIFY,engrave on glazing panel / omit physically,sec8 transom lines; section ASSUMED
132a3481-5dc8-4759-a53d-273460002f73,WINDOWS,CW UP GLASS,Brep,DER,08,27.338,-26.92,7.13,1.238,0.02,1.37,6.45,0.1,7.14,0.07,SIMPLIFY,glazing zone -> opening or clear panel,sec8 panel grid; glass thickness ASSUMED
f1ded54e-406c-419c-bd98-1fa933e59aa4,WINDOWS,CW UP GLASS,Brep,DER,08,27.338,-26.92,8.5,1.238,0.02,2.0,6.45,0.1,10.42,0.07,SIMPLIFY,glazing zone -> opening or clear panel,sec8 panel grid; glass thickness ASSUMED
d2a32167-c930-4e80-81c1-84b67faa3d41,WINDOWS,CW UP GLASS,Brep,DER,08,27.338,-26.92,10.5,1.238,0.02,3.393,6.45,0.1,17.67,0.07,SIMPLIFY,glazing zone -> opening or clear panel,sec8 panel grid; glass thickness ASSUMED
81131a93-5077-4aed-a085-828849e66560,WINDOWS,CW UP TRANSOM,Brep,DER,08,27.378,-26.9,7.09,1.158,0.2,0.08,6.03,1.04,0.42,0.26,SIMPLIFY,engrave on glazing panel / omit physically,sec8 transom lines; section ASSUMED
c3984c70-0a7d-44ef-815a-539ffe83200a,WINDOWS,CW UP TRANSOM,Brep,DER,08,27.378,-26.9,8.46,1.158,0.2,0.08,6.03,1.04,0.42,0.26,SIMPLIFY,engrave on glazing panel / omit physically,sec8 transom lines; section ASSUMED
1609c686-63aa-4f75-be97-273c2db6aea3,WINDOWS,CW UP TRANSOM,Brep,DER,08,27.378,-26.9,10.46,1.158,0.2,0.08,6.03,1.04,0.42,0.26,SIMPLIFY,engrave on glazing panel / omit physically,sec8 transom lines; section ASSUMED
190cc7bd-1643-442c-b016-e7c5a7043885,WINDOWS,CW UP TRANSOM,Brep,DER,08,27.262,-26.9,13.849,1.389,0.214,0.048,7.24,1.11,0.25,0.16,SIMPLIFY,engrave on glazing panel / omit physically,sec8 transom lines; section ASSUMED
ff1d25cf-8a15-4579-a1ba-3929be19817e,WINDOWS,CW UP GLASS,Brep,DER,08,26.15,-26.92,7.13,1.188,0.02,1.37,6.19,0.1,7.14,0.07,SIMPLIFY,glazing zone -> opening or clear panel,sec8 panel grid; glass thickness ASSUMED
c5b479fd-7207-4ada-a5fb-a39ed58db243,WINDOWS,CW UP GLASS,Brep,DER,08,26.15,-26.92,8.5,1.188,0.02,2.0,6.19,0.1,10.42,0.07,SIMPLIFY,glazing zone -> opening or clear panel,sec8 panel grid; glass thickness ASSUMED
72551bf4-0fd7-42e7-bc51-c87e74dbf3f7,WINDOWS,CW UP GLASS,Brep,DER,08,26.15,-26.92,10.5,1.188,0.02,3.393,6.19,0.1,17.67,0.07,SIMPLIFY,glazing zone -> opening or clear panel,sec8 panel grid; glass thickness ASSUMED
1754d326-0647-4feb-bb7e-89391c8fa188,WINDOWS,CW UP TRANSOM,Brep,DER,08,26.19,-26.9,7.09,1.108,0.2,0.08,5.77,1.04,0.42,0.26,SIMPLIFY,engrave on glazing panel / omit physically,sec8 transom lines; section ASSUMED
c1b9ca23-0cb9-4783-a3aa-f30de049a97f,WINDOWS,CW UP TRANSOM,Brep,DER,08,26.19,-26.9,8.46,1.108,0.2,0.08,5.77,1.04,0.42,0.26,SIMPLIFY,engrave on glazing panel / omit physically,sec8 transom lines; section ASSUMED
bf24d96f-7ca9-4acd-9a9d-c0ebd62248c1,WINDOWS,CW UP TRANSOM,Brep,DER,08,26.19,-26.9,10.46,1.108,0.2,0.08,5.77,1.04,0.42,0.26,SIMPLIFY,engrave on glazing panel / omit physically,sec8 transom lines; section ASSUMED
6c4e1542-869d-4772-8f2e-cf4ce47b9f89,WINDOWS,CW UP TRANSOM,Brep,DER,08,26.079,-26.9,13.849,1.33,0.214,0.048,6.93,1.11,0.25,0.16,SIMPLIFY,engrave on glazing panel / omit physically,sec8 transom lines; section ASSUMED
c3a263ea-fb70-4384-a78c-ec574fddcc09,WINDOWS,CW UP GLASS,Brep,DER,08,24.912,-26.92,7.13,1.238,0.02,1.37,6.45,0.1,7.14,0.07,SIMPLIFY,glazing zone -> opening or clear panel,sec8 panel grid; glass thickness ASSUMED
5bea33ad-dbaf-4706-adbd-e55a22d8455b,WINDOWS,CW UP GLASS,Brep,DER,08,24.912,-26.92,8.5,1.238,0.02,2.0,6.45,0.1,10.42,0.07,SIMPLIFY,glazing zone -> opening or clear panel,sec8 panel grid; glass thickness ASSUMED
fae985f3-e0ca-40c5-b225-8d5dbc06e137,WINDOWS,CW UP GLASS,Brep,DER,08,24.912,-26.92,10.5,1.238,0.02,3.393,6.45,0.1,17.67,0.07,SIMPLIFY,glazing zone -> opening or clear panel,sec8 panel grid; glass thickness ASSUMED
49fdf1ac-2a1e-476a-99da-fabd26864584,WINDOWS,CW UP TRANSOM,Brep,DER,08,24.952,-26.9,7.09,1.158,0.2,0.08,6.03,1.04,0.42,0.26,SIMPLIFY,engrave on glazing panel / omit physically,sec8 transom lines; section ASSUMED
ae1ecf6c-add2-4139-bdf1-c8095d2f8204,WINDOWS,CW UP TRANSOM,Brep,DER,08,24.952,-26.9,8.46,1.158,0.2,0.08,6.03,1.04,0.42,0.26,SIMPLIFY,engrave on glazing panel / omit physically,sec8 transom lines; section ASSUMED
8d5d1892-af30-48b1-a4e5-0d927eba6c68,WINDOWS,CW UP TRANSOM,Brep,DER,08,24.952,-26.9,10.46,1.158,0.2,0.08,6.03,1.04,0.42,0.26,SIMPLIFY,engrave on glazing panel / omit physically,sec8 transom lines; section ASSUMED
21e382a2-48f1-4e8b-b418-a10031b6a6dd,WINDOWS,CW UP TRANSOM,Brep,DER,08,24.836,-26.9,13.849,1.389,0.214,0.048,7.24,1.11,0.25,0.16,SIMPLIFY,engrave on glazing panel / omit physically,sec8 transom lines; section ASSUMED
26b46796-9ea4-44a7-ae57-9eef390765c3,WINDOWS,CW UP GLASS,Brep,DER,08,23.674,-26.92,7.13,1.238,0.02,1.37,6.45,0.1,7.14,0.07,SIMPLIFY,glazing zone -> opening or clear panel,sec8 panel grid; glass thickness ASSUMED
9e16ac7d-dbba-4769-bc8f-a2183db8c235,WINDOWS,CW UP GLASS,Brep,DER,08,23.674,-26.92,8.5,1.238,0.02,2.0,6.45,0.1,10.42,0.07,SIMPLIFY,glazing zone -> opening or clear panel,sec8 panel grid; glass thickness ASSUMED
41fe322a-9ed6-4f5c-98ed-66d5afaab705,WINDOWS,CW UP GLASS,Brep,DER,08,23.674,-26.92,10.5,1.238,0.02,3.393,6.45,0.1,17.67,0.07,SIMPLIFY,glazing zone -> opening or clear panel,sec8 panel grid; glass thickness ASSUMED
45053876-c8fc-4c24-b616-3e3893c0399c,WINDOWS,CW UP TRANSOM,Brep,DER,08,23.714,-26.9,7.09,1.158,0.2,0.08,6.03,1.04,0.42,0.26,SIMPLIFY,engrave on glazing panel / omit physically,sec8 transom lines; section ASSUMED
3d341f3a-ff15-404a-bc57-43413346dbca,WINDOWS,CW UP TRANSOM,Brep,DER,08,23.714,-26.9,8.46,1.158,0.2,0.08,6.03,1.04,0.42,0.26,SIMPLIFY,engrave on glazing panel / omit physically,sec8 transom lines; section ASSUMED
be8bae90-763a-4f8d-aea9-756ead2ccc6b,WINDOWS,CW UP TRANSOM,Brep,DER,08,23.714,-26.9,10.46,1.158,0.2,0.08,6.03,1.04,0.42,0.26,SIMPLIFY,engrave on glazing panel / omit physically,sec8 transom lines; section ASSUMED
c5a06968-bbec-4998-975f-61dceedd9e92,WINDOWS,CW UP TRANSOM,Brep,DER,08,23.598,-26.9,13.849,1.389,0.214,0.048,7.24,1.11,0.25,0.16,SIMPLIFY,engrave on glazing panel / omit physically,sec8 transom lines; section ASSUMED
f6094de9-eed6-4aa5-9289-9e5911b5fc9a,WINDOWS,CW UP GLASS,Brep,DER,08,22.486,-26.92,7.13,1.188,0.02,1.37,6.19,0.1,7.14,0.07,SIMPLIFY,glazing zone -> opening or clear panel,sec8 panel grid; glass thickness ASSUMED
c7a2dd61-7a2b-48ce-8017-559146d2186c,WINDOWS,CW UP GLASS,Brep,DER,08,22.486,-26.92,8.5,1.188,0.02,2.0,6.19,0.1,10.42,0.07,SIMPLIFY,glazing zone -> opening or clear panel,sec8 panel grid; glass thickness ASSUMED
61a0f716-2731-4f4c-9b95-427c6b09a6c2,WINDOWS,CW UP GLASS,Brep,DER,08,22.486,-26.92,10.5,1.188,0.02,3.393,6.19,0.1,17.67,0.07,SIMPLIFY,glazing zone -> opening or clear panel,sec8 panel grid; glass thickness ASSUMED
b98d716b-2329-416a-b671-0c693b45ba4f,WINDOWS,CW UP TRANSOM,Brep,DER,08,22.636,-26.9,7.09,0.998,0.2,0.08,5.2,1.04,0.42,0.26,SIMPLIFY,engrave on glazing panel / omit physically,sec8 transom lines; section ASSUMED
4318c6ca-0c5f-4629-ba53-98d7d3d6c4c7,WINDOWS,CW UP TRANSOM,Brep,DER,08,22.636,-26.9,8.46,0.998,0.2,0.08,5.2,1.04,0.42,0.26,SIMPLIFY,engrave on glazing panel / omit physically,sec8 transom lines; section ASSUMED
d7bc0545-9237-4986-8aa2-035611f640ae,WINDOWS,CW UP TRANSOM,Brep,DER,08,22.636,-26.9,10.46,0.998,0.2,0.08,5.2,1.04,0.42,0.26,SIMPLIFY,engrave on glazing panel / omit physically,sec8 transom lines; section ASSUMED
c0f53125-62be-4bd4-9e44-2e3661e2608c,WINDOWS,CW UP TRANSOM,Brep,DER,08,22.536,-26.9,13.849,1.198,0.214,0.048,6.24,1.11,0.25,0.16,SIMPLIFY,engrave on glazing panel / omit physically,sec8 transom lines; section ASSUMED
fc98acbc-2687-496a-89d1-0758423dba3e,WINDOWS,CW UP GLASS,Brep,DER,08,21.298,-26.92,7.13,1.188,0.02,1.37,6.19,0.1,7.14,0.07,SIMPLIFY,glazing zone -> opening or clear panel,sec8 panel grid; glass thickness ASSUMED
c31e2226-eda6-43e8-92d2-3d270b5bdba4,WINDOWS,CW UP GLASS,Brep,DER,08,21.298,-26.92,8.5,1.188,0.02,2.0,6.19,0.1,10.42,0.07,SIMPLIFY,glazing zone -> opening or clear panel,sec8 panel grid; glass thickness ASSUMED
1a19ed61-833e-4bc3-8011-9644811c8719,WINDOWS,CW UP GLASS,Brep,DER,08,21.298,-26.92,10.5,1.188,0.02,3.393,6.19,0.1,17.67,0.07,SIMPLIFY,glazing zone -> opening or clear panel,sec8 panel grid; glass thickness ASSUMED
fe00c334-bef9-44d0-a24f-7e9d8daeddfb,WINDOWS,CW UP TRANSOM,Brep,DER,08,21.338,-26.9,7.09,0.998,0.2,0.08,5.2,1.04,0.42,0.26,SIMPLIFY,engrave on glazing panel / omit physically,sec8 transom lines; section ASSUMED
89444fba-5194-4110-97ad-7ece391b4805,WINDOWS,CW UP TRANSOM,Brep,DER,08,21.338,-26.9,8.46,0.998,0.2,0.08,5.2,1.04,0.42,0.26,SIMPLIFY,engrave on glazing panel / omit physically,sec8 transom lines; section ASSUMED
d618c5b5-0b71-4198-8f36-3fbf1ec3be99,WINDOWS,CW UP TRANSOM,Brep,DER,08,21.338,-26.9,10.46,0.998,0.2,0.08,5.2,1.04,0.42,0.26,SIMPLIFY,engrave on glazing panel / omit physically,sec8 transom lines; section ASSUMED
05437746-8506-4ebf-b453-ec237903546c,WINDOWS,CW UP TRANSOM,Brep,DER,08,21.238,-26.9,13.849,1.198,0.214,0.048,6.24,1.11,0.25,0.16,SIMPLIFY,engrave on glazing panel / omit physically,sec8 transom lines; section ASSUMED
962b4e7c-f708-4456-82ee-efac0f1444bd,WINDOWS,CW UP GLASS,Brep,DER,08,20.06,-26.92,7.13,1.238,0.02,1.37,6.45,0.1,7.14,0.07,SIMPLIFY,glazing zone -> opening or clear panel,sec8 panel grid; glass thickness ASSUMED
99c48370-18e5-4de7-b12c-2e6306ffe849,WINDOWS,CW UP GLASS,Brep,DER,08,20.06,-26.92,8.5,1.238,0.02,2.0,6.45,0.1,10.42,0.07,SIMPLIFY,glazing zone -> opening or clear panel,sec8 panel grid; glass thickness ASSUMED
45e366f8-824c-4e8f-bc05-75504d700d41,WINDOWS,CW UP GLASS,Brep,DER,08,20.06,-26.92,10.5,1.238,0.02,3.393,6.45,0.1,17.67,0.07,SIMPLIFY,glazing zone -> opening or clear panel,sec8 panel grid; glass thickness ASSUMED
196e1660-25b8-4d92-baf9-744680308db3,WINDOWS,CW UP TRANSOM,Brep,DER,08,20.1,-26.9,7.09,1.158,0.2,0.08,6.03,1.04,0.42,0.26,SIMPLIFY,engrave on glazing panel / omit physically,sec8 transom lines; section ASSUMED
6d801e20-f93c-4095-9313-7e5d43d0b1f6,WINDOWS,CW UP TRANSOM,Brep,DER,08,20.1,-26.9,8.46,1.158,0.2,0.08,6.03,1.04,0.42,0.26,SIMPLIFY,engrave on glazing panel / omit physically,sec8 transom lines; section ASSUMED
2c69ce53-aa38-440b-b5a5-a1296a005eb7,WINDOWS,CW UP TRANSOM,Brep,DER,08,20.1,-26.9,10.46,1.158,0.2,0.08,6.03,1.04,0.42,0.26,SIMPLIFY,engrave on glazing panel / omit physically,sec8 transom lines; section ASSUMED
4b977054-532d-4fab-a64b-74ff86f042a8,WINDOWS,CW UP TRANSOM,Brep,DER,08,19.985,-26.9,13.849,1.389,0.214,0.048,7.24,1.11,0.25,0.16,SIMPLIFY,engrave on glazing panel / omit physically,sec8 transom lines; section ASSUMED
d31ac828-3fee-4ff0-b476-12cff0221518,WINDOWS,CW UP GLASS,Brep,DER,08,18.823,-26.92,7.13,1.238,0.02,1.37,6.45,0.1,7.14,0.07,SIMPLIFY,glazing zone -> opening or clear panel,sec8 panel grid; glass thickness ASSUMED
b0a9ac75-e5db-4e17-87ff-a425b86770df,WINDOWS,CW UP GLASS,Brep,DER,08,18.823,-26.92,8.5,1.238,0.02,2.0,6.45,0.1,10.42,0.07,SIMPLIFY,glazing zone -> opening or clear panel,sec8 panel grid; glass thickness ASSUMED
6527e0d5-45f7-4d84-a68b-23bdc8613d40,WINDOWS,CW UP GLASS,Brep,DER,08,18.823,-26.92,10.5,1.238,0.02,3.393,6.45,0.1,17.67,0.07,SIMPLIFY,glazing zone -> opening or clear panel,sec8 panel grid; glass thickness ASSUMED
53a57c57-fbc8-4e53-8b62-809775613285,WINDOWS,CW UP TRANSOM,Brep,DER,08,18.863,-26.9,7.09,1.158,0.2,0.08,6.03,1.04,0.42,0.26,SIMPLIFY,engrave on glazing panel / omit physically,sec8 transom lines; section ASSUMED
673deeb3-350a-41e0-b074-2c229bca956c,WINDOWS,CW UP TRANSOM,Brep,DER,08,18.863,-26.9,8.46,1.158,0.2,0.08,6.03,1.04,0.42,0.26,SIMPLIFY,engrave on glazing panel / omit physically,sec8 transom lines; section ASSUMED
4e3fe275-8809-4789-8121-d5c633c97d32,WINDOWS,CW UP TRANSOM,Brep,DER,08,18.863,-26.9,10.46,1.158,0.2,0.08,6.03,1.04,0.42,0.26,SIMPLIFY,engrave on glazing panel / omit physically,sec8 transom lines; section ASSUMED
fad938c7-179f-4dfd-9b53-032727945cc1,WINDOWS,CW UP TRANSOM,Brep,DER,08,18.747,-26.9,13.849,1.389,0.214,0.048,7.24,1.11,0.25,0.16,SIMPLIFY,engrave on glazing panel / omit physically,sec8 transom lines; section ASSUMED
72faf467-65b3-439f-bebe-8b3e2fb0f299,WINDOWS,CW UP GLASS,Brep,DER,08,17.635,-26.92,7.13,1.188,0.02,1.37,6.19,0.1,7.14,0.07,SIMPLIFY,glazing zone -> opening or clear panel,sec8 panel grid; glass thickness ASSUMED
3bd79686-3eaa-4794-bbe7-2659c40e355f,WINDOWS,CW UP GLASS,Brep,DER,08,17.635,-26.92,8.5,1.188,0.02,2.0,6.19,0.1,10.42,0.07,SIMPLIFY,glazing zone -> opening or clear panel,sec8 panel grid; glass thickness ASSUMED
ef35b06e-f305-4202-90a1-7aa075d07e9f,WINDOWS,CW UP GLASS,Brep,DER,08,17.635,-26.92,10.5,1.188,0.02,3.393,6.19,0.1,17.67,0.07,SIMPLIFY,glazing zone -> opening or clear panel,sec8 panel grid; glass thickness ASSUMED
5e28c60f-6ae0-423b-8f1b-aa7a6c4e6a5e,WINDOWS,CW UP TRANSOM,Brep,DER,08,17.675,-26.9,7.09,1.108,0.2,0.08,5.77,1.04,0.42,0.26,SIMPLIFY,engrave on glazing panel / omit physically,sec8 transom lines; section ASSUMED
de3d6702-2c78-47ae-bdc5-ed35b4b6e383,WINDOWS,CW UP TRANSOM,Brep,DER,08,17.675,-26.9,8.46,1.108,0.2,0.08,5.77,1.04,0.42,0.26,SIMPLIFY,engrave on glazing panel / omit physically,sec8 transom lines; section ASSUMED
2d4c3b2b-cb3b-445b-adc4-544d23e4ef72,WINDOWS,CW UP TRANSOM,Brep,DER,08,17.675,-26.9,10.46,1.108,0.2,0.08,5.77,1.04,0.42,0.26,SIMPLIFY,engrave on glazing panel / omit physically,sec8 transom lines; section ASSUMED
660fec0f-6320-4fcd-aa1f-d6bfa30a7ed3,WINDOWS,CW UP TRANSOM,Brep,DER,08,17.564,-26.9,13.849,1.33,0.214,0.048,6.93,1.11,0.25,0.16,SIMPLIFY,engrave on glazing panel / omit physically,sec8 transom lines; section ASSUMED
411d3577-b92d-4e14-9380-48d5da0421fa,WINDOWS,CW UP GLASS,Brep,DER,08,16.397,-26.92,7.13,1.238,0.02,1.37,6.45,0.1,7.14,0.07,SIMPLIFY,glazing zone -> opening or clear panel,sec8 panel grid; glass thickness ASSUMED
ce6537ba-0af3-4206-b5a8-65e23cdcf5ed,WINDOWS,CW UP GLASS,Brep,DER,08,16.397,-26.92,8.5,1.238,0.02,2.0,6.45,0.1,10.42,0.07,SIMPLIFY,glazing zone -> opening or clear panel,sec8 panel grid; glass thickness ASSUMED
5e5dc407-2326-4b79-ab44-4aa1108d5a84,WINDOWS,CW UP GLASS,Brep,DER,08,16.397,-26.92,10.5,1.238,0.02,3.393,6.45,0.1,17.67,0.07,SIMPLIFY,glazing zone -> opening or clear panel,sec8 panel grid; glass thickness ASSUMED
b9f9a4de-f4d9-45e9-b130-5898f790f44a,WINDOWS,CW UP TRANSOM,Brep,DER,08,16.437,-26.9,7.09,1.158,0.2,0.08,6.03,1.04,0.42,0.26,SIMPLIFY,engrave on glazing panel / omit physically,sec8 transom lines; section ASSUMED
42a2a886-981d-4693-a9e6-4d49db564a42,WINDOWS,CW UP TRANSOM,Brep,DER,08,16.437,-26.9,8.46,1.158,0.2,0.08,6.03,1.04,0.42,0.26,SIMPLIFY,engrave on glazing panel / omit physically,sec8 transom lines; section ASSUMED
d0331320-a525-4539-8757-2d79225c81b0,WINDOWS,CW UP TRANSOM,Brep,DER,08,16.437,-26.9,10.46,1.158,0.2,0.08,6.03,1.04,0.42,0.26,SIMPLIFY,engrave on glazing panel / omit physically,sec8 transom lines; section ASSUMED
6e05cd66-db24-445d-8add-118bfdd08456,WINDOWS,CW UP TRANSOM,Brep,DER,08,16.321,-26.9,13.849,1.389,0.214,0.048,7.24,1.11,0.25,0.16,SIMPLIFY,engrave on glazing panel / omit physically,sec8 transom lines; section ASSUMED
e26f6c53-eb8c-43d7-80ab-6df974357316,WINDOWS,CW UP GLASS,Brep,DER,08,15.159,-26.92,7.13,1.238,0.02,1.37,6.45,0.1,7.14,0.07,SIMPLIFY,glazing zone -> opening or clear panel,sec8 panel grid; glass thickness ASSUMED
7ced5bca-7892-4c1a-9e45-a356e25308cd,WINDOWS,CW UP GLASS,Brep,DER,08,15.159,-26.92,8.5,1.238,0.02,2.0,6.45,0.1,10.42,0.07,SIMPLIFY,glazing zone -> opening or clear panel,sec8 panel grid; glass thickness ASSUMED
76a0e9f9-2905-458b-a07e-5084f8a7d9ed,WINDOWS,CW UP GLASS,Brep,DER,08,15.159,-26.92,10.5,1.238,0.02,3.393,6.45,0.1,17.67,0.07,SIMPLIFY,glazing zone -> opening or clear panel,sec8 panel grid; glass thickness ASSUMED
063e6830-24bb-4fb2-be4d-b1481beb7e38,WINDOWS,CW UP TRANSOM,Brep,DER,08,15.309,-26.9,7.09,1.048,0.2,0.08,5.46,1.04,0.42,0.26,SIMPLIFY,engrave on glazing panel / omit physically,sec8 transom lines; section ASSUMED
8fbf9c97-4d60-4192-b82b-7c4bbf71caa8,WINDOWS,CW UP TRANSOM,Brep,DER,08,15.309,-26.9,8.46,1.048,0.2,0.08,5.46,1.04,0.42,0.26,SIMPLIFY,engrave on glazing panel / omit physically,sec8 transom lines; section ASSUMED
c78e7614-e09b-427f-a151-ecfcab609fe5,WINDOWS,CW UP TRANSOM,Brep,DER,08,15.309,-26.9,10.46,1.048,0.2,0.08,5.46,1.04,0.42,0.26,SIMPLIFY,engrave on glazing panel / omit physically,sec8 transom lines; section ASSUMED
af901395-2131-48f1-b97d-aae7c5006f1f,WINDOWS,CW UP TRANSOM,Brep,DER,08,15.205,-26.9,13.849,1.257,0.214,0.048,6.55,1.11,0.25,0.16,SIMPLIFY,engrave on glazing panel / omit physically,sec8 transom lines; section ASSUMED
bd91f5a3-eec9-4eb4-8903-85e82eb15063,WINDOWS,CW UP GLASS,Brep,DER,08,13.971,-26.92,7.13,1.188,0.02,1.37,6.19,0.1,7.14,0.07,SIMPLIFY,glazing zone -> opening or clear panel,sec8 panel grid; glass thickness ASSUMED
4eaf46b2-f60e-4c76-86a1-6a4889bffeae,WINDOWS,CW UP GLASS,Brep,DER,08,13.971,-26.92,8.5,1.188,0.02,2.0,6.19,0.1,10.42,0.07,SIMPLIFY,glazing zone -> opening or clear panel,sec8 panel grid; glass thickness ASSUMED
df4167be-f65b-40a6-b533-d4738652ed83,WINDOWS,CW UP GLASS,Brep,DER,08,13.971,-26.92,10.5,1.188,0.02,3.393,6.19,0.1,17.67,0.07,SIMPLIFY,glazing zone -> opening or clear panel,sec8 panel grid; glass thickness ASSUMED
86ec30a2-dbe6-40ae-8011-db4278a441a5,WINDOWS,CW UP TRANSOM,Brep,DER,08,14.011,-26.9,7.09,0.998,0.2,0.08,5.2,1.04,0.42,0.26,SIMPLIFY,engrave on glazing panel / omit physically,sec8 transom lines; section ASSUMED
c2ac8090-e71d-4203-b5d4-55e02ca351bf,WINDOWS,CW UP TRANSOM,Brep,DER,08,14.011,-26.9,8.46,0.998,0.2,0.08,5.2,1.04,0.42,0.26,SIMPLIFY,engrave on glazing panel / omit physically,sec8 transom lines; section ASSUMED
a1e93b1e-f4ae-4130-ad9c-a034d5dcc37a,WINDOWS,CW UP TRANSOM,Brep,DER,08,14.011,-26.9,10.46,0.998,0.2,0.08,5.2,1.04,0.42,0.26,SIMPLIFY,engrave on glazing panel / omit physically,sec8 transom lines; section ASSUMED
10e6164f-a6c8-4b5f-a46d-397d00122481,WINDOWS,CW UP TRANSOM,Brep,DER,08,13.911,-26.9,13.849,1.198,0.214,0.048,6.24,1.11,0.25,0.16,SIMPLIFY,engrave on glazing panel / omit physically,sec8 transom lines; section ASSUMED
c2eb3918-d42f-40af-9184-a53837c736b4,WINDOWS,CW UP GLASS,Brep,DER,08,12.734,-26.92,7.13,1.238,0.02,1.37,6.45,0.1,7.14,0.07,SIMPLIFY,glazing zone -> opening or clear panel,sec8 panel grid; glass thickness ASSUMED
16bb3e10-22ab-4287-ae38-220c4af710f0,WINDOWS,CW UP GLASS,Brep,DER,08,12.734,-26.92,8.5,1.238,0.02,2.0,6.45,0.1,10.42,0.07,SIMPLIFY,glazing zone -> opening or clear panel,sec8 panel grid; glass thickness ASSUMED
f3c848b8-d588-4f43-b568-c69a1eae02ab,WINDOWS,CW UP GLASS,Brep,DER,08,12.734,-26.92,10.5,1.238,0.02,3.393,6.45,0.1,17.67,0.07,SIMPLIFY,glazing zone -> opening or clear panel,sec8 panel grid; glass thickness ASSUMED
b8388015-798e-401a-ae3b-949335cfc6e8,WINDOWS,CW UP TRANSOM,Brep,DER,08,12.774,-26.9,7.09,1.158,0.2,0.08,6.03,1.04,0.42,0.26,SIMPLIFY,engrave on glazing panel / omit physically,sec8 transom lines; section ASSUMED
4f1bd02b-bf6c-4ce5-9800-6c0aaf75eb49,WINDOWS,CW UP TRANSOM,Brep,DER,08,12.774,-26.9,8.46,1.158,0.2,0.08,6.03,1.04,0.42,0.26,SIMPLIFY,engrave on glazing panel / omit physically,sec8 transom lines; section ASSUMED
b9f241ce-de78-4748-b4d0-4a5ed3bd48e4,WINDOWS,CW UP TRANSOM,Brep,DER,08,12.774,-26.9,10.46,1.158,0.2,0.08,6.03,1.04,0.42,0.26,SIMPLIFY,engrave on glazing panel / omit physically,sec8 transom lines; section ASSUMED
8334f30f-27f2-40c9-a615-29e91219f554,WINDOWS,CW UP TRANSOM,Brep,DER,08,12.658,-26.9,13.849,1.389,0.214,0.048,7.24,1.11,0.25,0.16,SIMPLIFY,engrave on glazing panel / omit physically,sec8 transom lines; section ASSUMED
50815c8b-84eb-4ff4-b72c-e2ea09f93286,WINDOWS,CW UP GLASS,Brep,DER,08,11.496,-26.92,7.13,1.238,0.02,1.37,6.45,0.1,7.14,0.07,SIMPLIFY,glazing zone -> opening or clear panel,sec8 panel grid; glass thickness ASSUMED
4883dafb-be71-4037-91b8-7b81f0c21834,WINDOWS,CW UP GLASS,Brep,DER,08,11.496,-26.92,8.5,1.238,0.02,2.0,6.45,0.1,10.42,0.07,SIMPLIFY,glazing zone -> opening or clear panel,sec8 panel grid; glass thickness ASSUMED
4bd0f298-c4d6-4510-8d52-a6274bc5a848,WINDOWS,CW UP GLASS,Brep,DER,08,11.496,-26.92,10.5,1.238,0.02,3.393,6.45,0.1,17.67,0.07,SIMPLIFY,glazing zone -> opening or clear panel,sec8 panel grid; glass thickness ASSUMED
feb6228c-87e9-4d90-a093-98f06766d909,WINDOWS,CW UP TRANSOM,Brep,DER,08,11.536,-26.9,7.09,1.158,0.2,0.08,6.03,1.04,0.42,0.26,SIMPLIFY,engrave on glazing panel / omit physically,sec8 transom lines; section ASSUMED
851992a7-e179-4230-baed-202927ea97c9,WINDOWS,CW UP TRANSOM,Brep,DER,08,11.536,-26.9,8.46,1.158,0.2,0.08,6.03,1.04,0.42,0.26,SIMPLIFY,engrave on glazing panel / omit physically,sec8 transom lines; section ASSUMED
8ef4485e-3228-4f1f-9c60-012e9509e49b,WINDOWS,CW UP TRANSOM,Brep,DER,08,11.536,-26.9,10.46,1.158,0.2,0.08,6.03,1.04,0.42,0.26,SIMPLIFY,engrave on glazing panel / omit physically,sec8 transom lines; section ASSUMED
e27b6204-cdf4-4d49-8beb-d524bf9c2e52,WINDOWS,CW UP TRANSOM,Brep,DER,08,11.42,-26.9,13.849,1.389,0.214,0.048,7.24,1.11,0.25,0.16,SIMPLIFY,engrave on glazing panel / omit physically,sec8 transom lines; section ASSUMED
9c93f67c-1a3d-45c8-8f2c-91fe3f4f1bed,WINDOWS,CW UP GLASS,Brep,DER,08,10.308,-26.92,7.13,1.188,0.02,1.37,6.19,0.1,7.14,0.07,SIMPLIFY,glazing zone -> opening or clear panel,sec8 panel grid; glass thickness ASSUMED
4f60e306-a15a-43c7-8913-b3266fffd069,WINDOWS,CW UP GLASS,Brep,DER,08,10.308,-26.92,8.5,1.188,0.02,2.0,6.19,0.1,10.42,0.07,SIMPLIFY,glazing zone -> opening or clear panel,sec8 panel grid; glass thickness ASSUMED
d65d454a-4c21-44a0-8e92-cff66a9301a8,WINDOWS,CW UP GLASS,Brep,DER,08,10.308,-26.92,10.5,1.188,0.02,3.393,6.19,0.1,17.67,0.07,SIMPLIFY,glazing zone -> opening or clear panel,sec8 panel grid; glass thickness ASSUMED
c3372117-6fca-4803-9b00-0009c9574f57,WINDOWS,CW UP TRANSOM,Brep,DER,08,10.348,-26.9,7.09,1.108,0.2,0.08,5.77,1.04,0.42,0.26,SIMPLIFY,engrave on glazing panel / omit physically,sec8 transom lines; section ASSUMED
6bfb6f84-4b15-42ff-af6a-0392a6abff22,WINDOWS,CW UP TRANSOM,Brep,DER,08,10.348,-26.9,8.46,1.108,0.2,0.08,5.77,1.04,0.42,0.26,SIMPLIFY,engrave on glazing panel / omit physically,sec8 transom lines; section ASSUMED
03e5de7b-e102-478e-b651-6147ed0315da,WINDOWS,CW UP TRANSOM,Brep,DER,08,10.348,-26.9,10.46,1.108,0.2,0.08,5.77,1.04,0.42,0.26,SIMPLIFY,engrave on glazing panel / omit physically,sec8 transom lines; section ASSUMED
f8859f5f-0676-41f1-bd90-07900b5205b4,WINDOWS,CW UP TRANSOM,Brep,DER,08,10.237,-26.9,13.849,1.33,0.214,0.048,6.93,1.11,0.25,0.16,SIMPLIFY,engrave on glazing panel / omit physically,sec8 transom lines; section ASSUMED
944abc4d-25f4-4966-9439-b137c3a70385,WINDOWS,CW UP GLASS,Brep,DER,08,9.07,-26.92,7.13,1.238,0.02,1.37,6.45,0.1,7.14,0.07,SIMPLIFY,glazing zone -> opening or clear panel,sec8 panel grid; glass thickness ASSUMED
7309f309-3dde-4932-a8a8-1c2ce821f322,WINDOWS,CW UP GLASS,Brep,DER,08,9.07,-26.92,8.5,1.238,0.02,2.0,6.45,0.1,10.42,0.07,SIMPLIFY,glazing zone -> opening or clear panel,sec8 panel grid; glass thickness ASSUMED
a4eebe44-e1a5-4fff-9dbf-0cc49beec04b,WINDOWS,CW UP GLASS,Brep,DER,08,9.07,-26.92,10.5,1.238,0.02,3.393,6.45,0.1,17.67,0.07,SIMPLIFY,glazing zone -> opening or clear panel,sec8 panel grid; glass thickness ASSUMED
e1858a43-f891-4019-bb73-ec16daaa0da7,WINDOWS,CW UP TRANSOM,Brep,DER,08,9.11,-26.9,7.09,1.158,0.2,0.08,6.03,1.04,0.42,0.26,SIMPLIFY,engrave on glazing panel / omit physically,sec8 transom lines; section ASSUMED
5cc1a64b-7642-4139-af23-47b41f6c59d5,WINDOWS,CW UP TRANSOM,Brep,DER,08,9.11,-26.9,8.46,1.158,0.2,0.08,6.03,1.04,0.42,0.26,SIMPLIFY,engrave on glazing panel / omit physically,sec8 transom lines; section ASSUMED
f3e37b8f-2142-417b-8453-84430685fbe1,WINDOWS,CW UP TRANSOM,Brep,DER,08,9.11,-26.9,10.46,1.158,0.2,0.08,6.03,1.04,0.42,0.26,SIMPLIFY,engrave on glazing panel / omit physically,sec8 transom lines; section ASSUMED
309bba52-5608-4c38-93e4-9769569f6bc7,WINDOWS,CW UP TRANSOM,Brep,DER,08,8.995,-26.9,13.849,1.389,0.214,0.048,7.24,1.11,0.25,0.16,SIMPLIFY,engrave on glazing panel / omit physically,sec8 transom lines; section ASSUMED
1839c2fd-e675-4ec6-8b1a-4bc3b52c87ef,WINDOWS,CW UP GLASS,Brep,DER,08,7.833,-26.92,7.13,1.238,0.02,1.37,6.45,0.1,7.14,0.07,SIMPLIFY,glazing zone -> opening or clear panel,sec8 panel grid; glass thickness ASSUMED
914ba982-8f46-4bf5-b161-2f9ae5b3c299,WINDOWS,CW UP GLASS,Brep,DER,08,7.833,-26.92,8.5,1.238,0.02,2.0,6.45,0.1,10.42,0.07,SIMPLIFY,glazing zone -> opening or clear panel,sec8 panel grid; glass thickness ASSUMED
79b6842a-97ff-4bbd-9a0b-702c842383cd,WINDOWS,CW UP GLASS,Brep,DER,08,7.833,-26.92,10.5,1.238,0.02,3.393,6.45,0.1,17.67,0.07,SIMPLIFY,glazing zone -> opening or clear panel,sec8 panel grid; glass thickness ASSUMED
23a763e5-a27e-4765-8301-f72cdc97d27e,WINDOWS,CW UP TRANSOM,Brep,DER,08,7.983,-26.9,7.09,1.048,0.2,0.08,5.46,1.04,0.42,0.26,SIMPLIFY,engrave on glazing panel / omit physically,sec8 transom lines; section ASSUMED
932bc242-78b6-49ef-b44a-d5e3dc831e74,WINDOWS,CW UP TRANSOM,Brep,DER,08,7.983,-26.9,8.46,1.048,0.2,0.08,5.46,1.04,0.42,0.26,SIMPLIFY,engrave on glazing panel / omit physically,sec8 transom lines; section ASSUMED
617efdc2-c28a-4bb8-82ad-715152861ea0,WINDOWS,CW UP TRANSOM,Brep,DER,08,7.983,-26.9,10.46,1.048,0.2,0.08,5.46,1.04,0.42,0.26,SIMPLIFY,engrave on glazing panel / omit physically,sec8 transom lines; section ASSUMED
4479f564-2ce1-4ee7-a108-8bfcada139b0,WINDOWS,CW UP TRANSOM,Brep,DER,08,7.878,-26.9,13.849,1.257,0.214,0.048,6.55,1.11,0.25,0.16,SIMPLIFY,engrave on glazing panel / omit physically,sec8 transom lines; section ASSUMED
841368e1-1278-44a6-a445-8bb7d76f2773,WINDOWS,CW UP GLASS,Brep,DER,08,6.645,-26.92,7.13,1.188,0.02,1.37,6.19,0.1,7.14,0.07,SIMPLIFY,glazing zone -> opening or clear panel,sec8 panel grid; glass thickness ASSUMED
3e61b788-9f1f-4d43-9b9f-31373b2ba793,WINDOWS,CW UP GLASS,Brep,DER,08,6.645,-26.92,8.5,1.188,0.02,2.0,6.19,0.1,10.42,0.07,SIMPLIFY,glazing zone -> opening or clear panel,sec8 panel grid; glass thickness ASSUMED
e30415cf-a89b-47c0-985a-632f4a0ecd87,WINDOWS,CW UP GLASS,Brep,DER,08,6.645,-26.92,10.5,1.188,0.02,3.393,6.19,0.1,17.67,0.07,SIMPLIFY,glazing zone -> opening or clear panel,sec8 panel grid; glass thickness ASSUMED
7e6d924d-9fe7-4efa-9020-025deb4b1d1d,WINDOWS,CW UP TRANSOM,Brep,DER,08,6.685,-26.9,7.09,0.998,0.2,0.08,5.2,1.04,0.42,0.26,SIMPLIFY,engrave on glazing panel / omit physically,sec8 transom lines; section ASSUMED
21ba426b-7af9-407a-849e-2db85534e5f1,WINDOWS,CW UP TRANSOM,Brep,DER,08,6.685,-26.9,8.46,0.998,0.2,0.08,5.2,1.04,0.42,0.26,SIMPLIFY,engrave on glazing panel / omit physically,sec8 transom lines; section ASSUMED
e1909bd4-cb20-41cd-bbfd-6c2ed5af2feb,WINDOWS,CW UP TRANSOM,Brep,DER,08,6.685,-26.9,10.46,0.998,0.2,0.08,5.2,1.04,0.42,0.26,SIMPLIFY,engrave on glazing panel / omit physically,sec8 transom lines; section ASSUMED
d8a38be9-bd01-4930-a79c-c007734a2ad5,WINDOWS,CW UP TRANSOM,Brep,DER,08,6.585,-26.9,13.849,1.198,0.214,0.048,6.24,1.11,0.25,0.16,SIMPLIFY,engrave on glazing panel / omit physically,sec8 transom lines; section ASSUMED
57d467a9-bfe2-4c7d-8eff-e6af26339edf,WINDOWS,CW UP GLASS,Brep,DER,08,5.357,-26.92,7.13,1.287,0.02,1.37,6.7,0.1,7.14,0.07,SIMPLIFY,glazing zone -> opening or clear panel,sec8 panel grid; glass thickness ASSUMED
06c63533-e1a4-47a4-8490-c19433ef080f,WINDOWS,CW UP GLASS,Brep,DER,08,5.357,-26.92,8.5,1.287,0.02,2.0,6.7,0.1,10.42,0.07,SIMPLIFY,glazing zone -> opening or clear panel,sec8 panel grid; glass thickness ASSUMED
fab9bd06-d0c1-493d-b427-e3e1a14ec97e,WINDOWS,CW UP GLASS,Brep,DER,08,5.357,-26.92,10.5,1.287,0.02,3.393,6.7,0.1,17.67,0.07,SIMPLIFY,glazing zone -> opening or clear panel,sec8 panel grid; glass thickness ASSUMED
d9bf4669-c829-49f0-b0e9-4a8ea67595b1,WINDOWS,CW UP TRANSOM,Brep,DER,08,5.397,-26.9,7.09,1.207,0.2,0.08,6.29,1.04,0.42,0.26,SIMPLIFY,engrave on glazing panel / omit physically,sec8 transom lines; section ASSUMED
e5405bd0-b993-4edb-8f60-aac77f3d866b,WINDOWS,CW UP TRANSOM,Brep,DER,08,5.397,-26.9,8.46,1.207,0.2,0.08,6.29,1.04,0.42,0.26,SIMPLIFY,engrave on glazing panel / omit physically,sec8 transom lines; section ASSUMED
5682fc3f-7097-41ff-b4f4-2ac5440ff70d,WINDOWS,CW UP TRANSOM,Brep,DER,08,5.397,-26.9,10.46,1.207,0.2,0.08,6.29,1.04,0.42,0.26,SIMPLIFY,engrave on glazing panel / omit physically,sec8 transom lines; section ASSUMED
61c84aff-2e81-458f-a8c7-1c6d33313a6f,WINDOWS,CW UP TRANSOM,Brep,DER,08,5.277,-26.9,13.849,1.449,0.214,0.048,7.54,1.11,0.25,0.16,SIMPLIFY,engrave on glazing panel / omit physically,sec8 transom lines; section ASSUMED
14a7bcf7-ce50-4caa-b04f-13df62ed4cda,WINDOWS,CW UP GLASS,Brep,DER,08,4.169,-26.92,7.13,1.188,0.02,1.37,6.19,0.1,7.14,0.07,SIMPLIFY,glazing zone -> opening or clear panel,sec8 panel grid; glass thickness ASSUMED
d2762c90-3add-4d46-95b0-dbf6fe9c1e90,WINDOWS,CW UP GLASS,Brep,DER,08,4.169,-26.92,8.5,1.188,0.02,2.0,6.19,0.1,10.42,0.07,SIMPLIFY,glazing zone -> opening or clear panel,sec8 panel grid; glass thickness ASSUMED
c7808a42-bcd4-45e7-b944-62c594ac1783,WINDOWS,CW UP GLASS,Brep,DER,08,4.169,-26.92,10.5,1.188,0.02,3.393,6.19,0.1,17.67,0.07,SIMPLIFY,glazing zone -> opening or clear panel,sec8 panel grid; glass thickness ASSUMED
97c9f497-d96d-45d4-8c2d-a8b3556e0c62,WINDOWS,CW UP TRANSOM,Brep,DER,08,4.209,-26.9,7.09,1.108,0.2,0.08,5.77,1.04,0.42,0.26,SIMPLIFY,engrave on glazing panel / omit physically,sec8 transom lines; section ASSUMED
194cf6ad-2986-437c-bc06-1c320ee17bf6,WINDOWS,CW UP TRANSOM,Brep,DER,08,4.209,-26.9,8.46,1.108,0.2,0.08,5.77,1.04,0.42,0.26,SIMPLIFY,engrave on glazing panel / omit physically,sec8 transom lines; section ASSUMED
1c8702de-6652-46f7-bc08-fa554933568f,WINDOWS,CW UP TRANSOM,Brep,DER,08,4.209,-26.9,10.46,1.108,0.2,0.08,5.77,1.04,0.42,0.26,SIMPLIFY,engrave on glazing panel / omit physically,sec8 transom lines; section ASSUMED
90f325dc-7f37-4961-9040-f7332d6c5271,WINDOWS,CW UP TRANSOM,Brep,DER,08,4.098,-26.9,13.849,1.33,0.214,0.048,6.93,1.11,0.25,0.16,SIMPLIFY,engrave on glazing panel / omit physically,sec8 transom lines; section ASSUMED
352f03f7-0f9f-4ef3-b66f-9b92f2eb8436,WINDOWS,CW UP GLASS,Brep,DER,08,2.882,-26.92,7.13,1.287,0.02,1.37,6.7,0.1,7.14,0.07,SIMPLIFY,glazing zone -> opening or clear panel,sec8 panel grid; glass thickness ASSUMED
9047e5d3-6945-461f-9c76-e1fe15d72792,WINDOWS,CW UP GLASS,Brep,DER,08,2.882,-26.92,8.5,1.287,0.02,2.0,6.7,0.1,10.42,0.07,SIMPLIFY,glazing zone -> opening or clear panel,sec8 panel grid; glass thickness ASSUMED
e32eb066-5e6b-4124-acc3-e71dee3cedf0,WINDOWS,CW UP GLASS,Brep,DER,08,2.882,-26.92,10.5,1.287,0.02,3.393,6.7,0.1,17.67,0.07,SIMPLIFY,glazing zone -> opening or clear panel,sec8 panel grid; glass thickness ASSUMED
19e63d02-880c-40a7-827b-690851ac3c1a,WINDOWS,CW UP TRANSOM,Brep,DER,08,2.922,-26.9,7.09,1.207,0.2,0.08,6.29,1.04,0.42,0.26,SIMPLIFY,engrave on glazing panel / omit physically,sec8 transom lines; section ASSUMED
616c2b97-b427-4992-a200-8f6dc5262847,WINDOWS,CW UP TRANSOM,Brep,DER,08,2.922,-26.9,8.46,1.207,0.2,0.08,6.29,1.04,0.42,0.26,SIMPLIFY,engrave on glazing panel / omit physically,sec8 transom lines; section ASSUMED
83ed41ae-55f6-409f-95d5-fe39156a52b0,WINDOWS,CW UP TRANSOM,Brep,DER,08,2.922,-26.9,10.46,1.207,0.2,0.08,6.29,1.04,0.42,0.26,SIMPLIFY,engrave on glazing panel / omit physically,sec8 transom lines; section ASSUMED
9500cee1-dd70-4601-a106-fb2519e0e6ba,WINDOWS,CW UP TRANSOM,Brep,DER,08,2.801,-26.9,13.849,1.449,0.214,0.048,7.54,1.11,0.25,0.16,SIMPLIFY,engrave on glazing panel / omit physically,sec8 transom lines; section ASSUMED
54a84af8-0b52-4554-8557-652a9e2ce930,WINDOWS,CW UP GLASS,Brep,DER,08,1.694,-26.92,7.13,1.188,0.02,1.37,6.19,0.1,7.14,0.07,SIMPLIFY,glazing zone -> opening or clear panel,sec8 panel grid; glass thickness ASSUMED
f9482800-c826-4ec6-87bb-74326006308a,WINDOWS,CW UP GLASS,Brep,DER,08,1.694,-26.92,8.5,1.188,0.02,2.0,6.19,0.1,10.42,0.07,SIMPLIFY,glazing zone -> opening or clear panel,sec8 panel grid; glass thickness ASSUMED
8d6c76c1-1d55-4a24-bb20-70d1aa668880,WINDOWS,CW UP GLASS,Brep,DER,08,1.694,-26.92,10.5,1.188,0.02,3.393,6.19,0.1,17.67,0.07,SIMPLIFY,glazing zone -> opening or clear panel,sec8 panel grid; glass thickness ASSUMED
4b441363-a7bc-4b6b-8f58-3aa2623b1287,WINDOWS,CW UP TRANSOM,Brep,DER,08,1.734,-26.9,7.09,1.108,0.2,0.08,5.77,1.04,0.42,0.26,SIMPLIFY,engrave on glazing panel / omit physically,sec8 transom lines; section ASSUMED
1e2c1f8d-43e4-49ed-bb0d-4741e7ac9fda,WINDOWS,CW UP TRANSOM,Brep,DER,08,1.734,-26.9,8.46,1.108,0.2,0.08,5.77,1.04,0.42,0.26,SIMPLIFY,engrave on glazing panel / omit physically,sec8 transom lines; section ASSUMED
caf847cc-83d9-4e04-903c-e315af3f9b78,WINDOWS,CW UP TRANSOM,Brep,DER,08,1.734,-26.9,10.46,1.108,0.2,0.08,5.77,1.04,0.42,0.26,SIMPLIFY,engrave on glazing panel / omit physically,sec8 transom lines; section ASSUMED
e9897c13-b66d-45ac-b4c2-9aa99e4c9699,WINDOWS,CW UP TRANSOM,Brep,DER,08,1.623,-26.9,13.849,1.33,0.214,0.048,6.93,1.11,0.25,0.16,SIMPLIFY,engrave on glazing panel / omit physically,sec8 transom lines; section ASSUMED
0ddd7c31-a149-496f-81a3-c32d6c6d7f51,WINDOWS,CW UP GLASS,Brep,DER,08,0.4,-26.92,7.13,1.294,0.02,1.37,6.74,0.1,7.14,0.07,SIMPLIFY,glazing zone -> opening or clear panel,sec8 panel grid; glass thickness ASSUMED
6818d880-80b1-4252-961e-396931525b5e,WINDOWS,CW UP GLASS,Brep,DER,08,0.4,-26.92,8.5,1.294,0.02,2.0,6.74,0.1,10.42,0.07,SIMPLIFY,glazing zone -> opening or clear panel,sec8 panel grid; glass thickness ASSUMED
e3da5e86-83d5-4160-9a4a-408fc37660c4,WINDOWS,CW UP GLASS,Brep,DER,08,0.4,-26.92,10.5,1.294,0.02,3.393,6.74,0.1,17.67,0.07,SIMPLIFY,glazing zone -> opening or clear panel,sec8 panel grid; glass thickness ASSUMED
dba1616a-7515-420c-9eee-f43b9a509545,WINDOWS,CW UP TRANSOM,Brep,DER,08,0.4,-26.9,7.09,1.254,0.2,0.08,6.53,1.04,0.42,0.26,SIMPLIFY,engrave on glazing panel / omit physically,sec8 transom lines; section ASSUMED
4308a6ea-808f-4e1b-ac1e-2ccb8fa732a9,WINDOWS,CW UP TRANSOM,Brep,DER,08,0.4,-26.9,8.46,1.254,0.2,0.08,6.53,1.04,0.42,0.26,SIMPLIFY,engrave on glazing panel / omit physically,sec8 transom lines; section ASSUMED
c84d7693-b0b0-468e-8e13-fa5e853e9280,WINDOWS,CW UP TRANSOM,Brep,DER,08,0.4,-26.9,10.46,1.254,0.2,0.08,6.53,1.04,0.42,0.26,SIMPLIFY,engrave on glazing panel / omit physically,sec8 transom lines; section ASSUMED
c6cb4dc8-4eaa-47f9-af4c-f161c0f875e3,WINDOWS,CW UP TRANSOM,Brep,DER,08,0.4,-26.9,13.849,1.379,0.214,0.048,7.18,1.11,0.25,0.16,SIMPLIFY,engrave on glazing panel / omit physically,sec8 transom lines; section ASSUMED
1a12949a-b92d-4e04-9ec9-d52d35e3b539,WINDOWS,CW LOW GLASS,Brep,DER,08,50.605,-26.92,4.06,1.235,0.02,2.38,6.43,0.1,12.4,0.07,SIMPLIFY,glazing zone -> opening or clear panel,sec8 panel grid; glass thickness ASSUMED
bbb506e1-2990-4461-b4da-287ce8c19bd6,WINDOWS,CW LOW TRANSOM,Brep,DER,08,50.645,-26.9,4.02,1.195,0.2,0.08,6.22,1.04,0.42,0.26,SIMPLIFY,engrave on glazing panel / omit physically,sec8 transom lines; section ASSUMED
61784ae8-64e5-4339-b07e-f7774e3e38e9,WINDOWS,CW LOW TRANSOM,Brep,DER,08,50.645,-26.9,6.4,1.195,0.2,0.08,6.22,1.04,0.42,0.26,SIMPLIFY,engrave on glazing panel / omit physically,sec8 transom lines; section ASSUMED
523e4eba-bd6e-48dc-9696-91bd31556636,WINDOWS,CW LOW GLASS,Brep,DER,08,49.367,-26.92,4.06,1.238,0.02,2.38,6.45,0.1,12.4,0.07,SIMPLIFY,glazing zone -> opening or clear panel,sec8 panel grid; glass thickness ASSUMED
4bfb4249-1538-424e-bbbe-a711d5647d07,WINDOWS,CW LOW TRANSOM,Brep,DER,08,49.407,-26.9,4.02,1.158,0.2,0.08,6.03,1.04,0.42,0.26,SIMPLIFY,engrave on glazing panel / omit physically,sec8 transom lines; section ASSUMED
1e7967d9-e1cc-4db3-889b-fe5069b4c2ab,WINDOWS,CW LOW TRANSOM,Brep,DER,08,49.407,-26.9,6.4,1.158,0.2,0.08,6.03,1.04,0.42,0.26,SIMPLIFY,engrave on glazing panel / omit physically,sec8 transom lines; section ASSUMED
f29cac64-3755-48e1-b9f0-9b45c5cc6521,WINDOWS,CW LOW GLASS,Brep,DER,08,48.08,-26.92,4.06,1.287,0.02,2.38,6.7,0.1,12.4,0.07,SIMPLIFY,glazing zone -> opening or clear panel,sec8 panel grid; glass thickness ASSUMED
5112909f-fa42-44fa-bacb-d825070a0a62,WINDOWS,CW LOW TRANSOM,Brep,DER,08,48.12,-26.9,4.02,1.207,0.2,0.08,6.29,1.04,0.42,0.26,SIMPLIFY,engrave on glazing panel / omit physically,sec8 transom lines; section ASSUMED
13af2699-6c0f-4bc3-bdbf-7c36812e332f,WINDOWS,CW LOW TRANSOM,Brep,DER,08,48.12,-26.9,6.4,1.207,0.2,0.08,6.29,1.04,0.42,0.26,SIMPLIFY,engrave on glazing panel / omit physically,sec8 transom lines; section ASSUMED
b8644fa3-6a22-4138-9767-32349aeec1f1,WINDOWS,CW LOW GLASS,Brep,DER,08,46.942,-26.92,4.06,1.139,0.02,2.38,5.93,0.1,12.4,0.07,SIMPLIFY,glazing zone -> opening or clear panel,sec8 panel grid; glass thickness ASSUMED
06c3ecb2-7312-46cb-89ae-56364fb1aef0,WINDOWS,CW LOW TRANSOM,Brep,DER,08,46.982,-26.9,4.02,1.059,0.2,0.08,5.51,1.04,0.42,0.26,SIMPLIFY,engrave on glazing panel / omit physically,sec8 transom lines; section ASSUMED
36528817-0796-4632-9125-7fa9a4dd62e0,WINDOWS,CW LOW TRANSOM,Brep,DER,08,46.982,-26.9,6.4,1.059,0.2,0.08,5.51,1.04,0.42,0.26,SIMPLIFY,engrave on glazing panel / omit physically,sec8 transom lines; section ASSUMED
1df5fe08-9e4f-4e7a-a49c-4c26f66bf26e,WINDOWS,CW LOW GLASS,Brep,DER,08,45.704,-26.92,4.06,1.238,0.02,2.38,6.45,0.1,12.4,0.07,SIMPLIFY,glazing zone -> opening or clear panel,sec8 panel grid; glass thickness ASSUMED
01898bf0-78df-4da0-b17f-e0bb0d93bb49,WINDOWS,CW LOW TRANSOM,Brep,DER,08,45.744,-26.9,4.02,1.158,0.2,0.08,6.03,1.04,0.42,0.26,SIMPLIFY,engrave on glazing panel / omit physically,sec8 transom lines; section ASSUMED
a5071c1c-22f5-49b2-9c8e-3087a0206ecb,WINDOWS,CW LOW TRANSOM,Brep,DER,08,45.744,-26.9,6.4,1.158,0.2,0.08,6.03,1.04,0.42,0.26,SIMPLIFY,engrave on glazing panel / omit physically,sec8 transom lines; section ASSUMED
3694694b-0278-4889-84c1-c05b795299be,WINDOWS,CW LOW GLASS,Brep,DER,08,44.466,-26.92,4.06,1.238,0.02,2.38,6.45,0.1,12.4,0.07,SIMPLIFY,glazing zone -> opening or clear panel,sec8 panel grid; glass thickness ASSUMED
7297ec5d-f928-42c2-8e65-2dc0b132028f,WINDOWS,CW LOW TRANSOM,Brep,DER,08,44.609,-26.9,4.012,1.055,0.22,0.096,5.49,1.15,0.5,0.31,SIMPLIFY,engrave on glazing panel / omit physically,sec8 transom lines; section ASSUMED
ba6eebc8-91cd-43f4-944d-eecb9a22745c,WINDOWS,CW LOW TRANSOM,Brep,DER,08,44.616,-26.9,6.4,1.048,0.2,0.08,5.46,1.04,0.42,0.26,SIMPLIFY,engrave on glazing panel / omit physically,sec8 transom lines; section ASSUMED
5aa6f3ff-9f25-4e24-987a-d725c5f3e37b,WINDOWS,CW LOW GLASS,Brep,DER,08,43.278,-26.92,4.06,1.188,0.02,2.38,6.19,0.1,12.4,0.07,SIMPLIFY,glazing zone -> opening or clear panel,sec8 panel grid; glass thickness ASSUMED
25c67eb6-aec8-4878-8b14-99113a853178,WINDOWS,CW LOW TRANSOM,Brep,DER,08,43.318,-26.9,4.012,1.001,0.22,0.096,5.21,1.15,0.5,0.31,SIMPLIFY,engrave on glazing panel / omit physically,sec8 transom lines; section ASSUMED
2ee11c46-d162-4243-a357-6e2a13caef9e,WINDOWS,CW LOW TRANSOM,Brep,DER,08,43.318,-26.9,6.4,0.998,0.2,0.08,5.2,1.04,0.42,0.26,SIMPLIFY,engrave on glazing panel / omit physically,sec8 transom lines; section ASSUMED
bed12ad1-0be7-4e01-b690-6a04c80d5988,WINDOWS,CW LOW GLASS,Brep,DER,08,42.041,-26.92,4.06,1.238,0.02,2.38,6.45,0.1,12.4,0.07,SIMPLIFY,glazing zone -> opening or clear panel,sec8 panel grid; glass thickness ASSUMED
e1c9ef27-1c6f-44f6-ada5-163aacc7c3fe,WINDOWS,CW LOW TRANSOM,Brep,DER,08,42.081,-26.9,4.02,1.158,0.2,0.08,6.03,1.04,0.42,0.26,SIMPLIFY,engrave on glazing panel / omit physically,sec8 transom lines; section ASSUMED
cb649e28-756c-4fb8-8fb9-fe0344b547d9,WINDOWS,CW LOW TRANSOM,Brep,DER,08,42.081,-26.9,6.4,1.158,0.2,0.08,6.03,1.04,0.42,0.26,SIMPLIFY,engrave on glazing panel / omit physically,sec8 transom lines; section ASSUMED
a5c5c1a8-3a27-47e3-8c97-78409b257f89,WINDOWS,CW LOW GLASS,Brep,DER,08,40.803,-26.92,4.06,1.238,0.02,2.38,6.45,0.1,12.4,0.07,SIMPLIFY,glazing zone -> opening or clear panel,sec8 panel grid; glass thickness ASSUMED
c0566bb2-74d6-434c-8b15-b1e05647396b,WINDOWS,CW LOW TRANSOM,Brep,DER,08,40.843,-26.9,4.02,1.158,0.2,0.08,6.03,1.04,0.42,0.26,SIMPLIFY,engrave on glazing panel / omit physically,sec8 transom lines; section ASSUMED
ffce10e2-1c84-4a4e-b4ef-9f788aa0ce0d,WINDOWS,CW LOW TRANSOM,Brep,DER,08,40.843,-26.9,6.4,1.158,0.2,0.08,6.03,1.04,0.42,0.26,SIMPLIFY,engrave on glazing panel / omit physically,sec8 transom lines; section ASSUMED
dfa73a4f-8391-4fd3-a2f3-b9c9bf58adf7,WINDOWS,CW LOW GLASS,Brep,DER,08,39.615,-26.92,4.06,1.188,0.02,2.38,6.19,0.1,12.4,0.07,SIMPLIFY,glazing zone -> opening or clear panel,sec8 panel grid; glass thickness ASSUMED
fa0e667a-c1ca-4824-9d18-349267496fc7,WINDOWS,CW LOW TRANSOM,Brep,DER,08,39.655,-26.9,4.02,1.108,0.2,0.08,5.77,1.04,0.42,0.26,SIMPLIFY,engrave on glazing panel / omit physically,sec8 transom lines; section ASSUMED
5a449f42-0754-4fd5-8678-d74de8b93680,WINDOWS,CW LOW TRANSOM,Brep,DER,08,39.655,-26.9,6.4,1.108,0.2,0.08,5.77,1.04,0.42,0.26,SIMPLIFY,engrave on glazing panel / omit physically,sec8 transom lines; section ASSUMED
3d7b059f-8e9b-4ad1-86c6-1911ba088ae0,WINDOWS,CW LOW GLASS,Brep,DER,08,38.377,-26.92,4.06,1.238,0.02,2.38,6.45,0.1,12.4,0.07,SIMPLIFY,glazing zone -> opening or clear panel,sec8 panel grid; glass thickness ASSUMED
b7d18ca6-8fed-4082-8ad6-285bd85846e5,WINDOWS,CW LOW TRANSOM,Brep,DER,08,38.417,-26.9,4.02,1.158,0.2,0.08,6.03,1.04,0.42,0.26,SIMPLIFY,engrave on glazing panel / omit physically,sec8 transom lines; section ASSUMED
7ca587a3-fc1f-47a9-85f1-827ba4e2d6b3,WINDOWS,CW LOW TRANSOM,Brep,DER,08,38.417,-26.9,6.4,1.158,0.2,0.08,6.03,1.04,0.42,0.26,SIMPLIFY,engrave on glazing panel / omit physically,sec8 transom lines; section ASSUMED
dd140fc8-8006-456c-8ea7-57456d7dc9fa,WINDOWS,CW LOW GLASS,Brep,DER,08,37.09,-26.92,4.06,1.287,0.02,2.38,6.7,0.1,12.4,0.07,SIMPLIFY,glazing zone -> opening or clear panel,sec8 panel grid; glass thickness ASSUMED
a5827852-579a-4ed0-bc82-4627db5569cf,WINDOWS,CW LOW TRANSOM,Brep,DER,08,37.23,-26.9,4.012,1.107,0.22,0.096,5.77,1.15,0.5,0.31,SIMPLIFY,engrave on glazing panel / omit physically,sec8 transom lines; section ASSUMED
6e5a879a-00c0-490a-b94d-ae43052db749,WINDOWS,CW LOW TRANSOM,Brep,DER,08,37.24,-26.9,6.4,1.097,0.2,0.08,5.71,1.04,0.42,0.26,SIMPLIFY,engrave on glazing panel / omit physically,sec8 transom lines; section ASSUMED
669c495a-52ff-4c5c-87cc-03381645f490,WINDOWS,CW LOW GLASS,Brep,DER,08,35.951,-26.92,4.06,1.139,0.02,2.38,5.93,0.1,12.4,0.07,SIMPLIFY,glazing zone -> opening or clear panel,sec8 panel grid; glass thickness ASSUMED
9bb8caff-7392-40f1-b92c-0bf0e4572a76,WINDOWS,CW LOW TRANSOM,Brep,DER,08,35.991,-26.9,4.012,0.949,0.22,0.096,4.94,1.15,0.5,0.31,SIMPLIFY,engrave on glazing panel / omit physically,sec8 transom lines; section ASSUMED
c8fe2c31-6aa2-43d8-ad8d-86b966edaffe,WINDOWS,CW LOW TRANSOM,Brep,DER,08,35.991,-26.9,6.4,0.949,0.2,0.08,4.94,1.04,0.42,0.26,SIMPLIFY,engrave on glazing panel / omit physically,sec8 transom lines; section ASSUMED
929a3824-4049-4e4e-95a8-80f255df25d4,WINDOWS,CW LOW GLASS,Brep,DER,08,34.664,-26.92,4.06,1.287,0.02,2.38,6.7,0.1,12.4,0.07,SIMPLIFY,glazing zone -> opening or clear panel,sec8 panel grid; glass thickness ASSUMED
a38f7047-ae0b-4cfe-aecc-cc08b54965d7,WINDOWS,CW LOW TRANSOM,Brep,DER,08,34.704,-26.9,4.02,1.207,0.2,0.08,6.29,1.04,0.42,0.26,SIMPLIFY,engrave on glazing panel / omit physically,sec8 transom lines; section ASSUMED
8c6b0ff1-e7f0-40a2-935c-67fad0e014dc,WINDOWS,CW LOW TRANSOM,Brep,DER,08,34.704,-26.9,6.4,1.207,0.2,0.08,6.29,1.04,0.42,0.26,SIMPLIFY,engrave on glazing panel / omit physically,sec8 transom lines; section ASSUMED
241448a5-1821-435f-a828-5e3c33aff492,WINDOWS,CW LOW GLASS,Brep,DER,08,33.476,-26.92,4.06,1.188,0.02,2.38,6.19,0.1,12.4,0.07,SIMPLIFY,glazing zone -> opening or clear panel,sec8 panel grid; glass thickness ASSUMED
d883693c-d73e-4c48-b121-85e201d54329,WINDOWS,CW LOW TRANSOM,Brep,DER,08,33.516,-26.9,4.02,1.108,0.2,0.08,5.77,1.04,0.42,0.26,SIMPLIFY,engrave on glazing panel / omit physically,sec8 transom lines; section ASSUMED
1e13fb60-9064-4e21-ae02-23a5f7df5a04,WINDOWS,CW LOW TRANSOM,Brep,DER,08,33.516,-26.9,6.4,1.108,0.2,0.08,5.77,1.04,0.42,0.26,SIMPLIFY,engrave on glazing panel / omit physically,sec8 transom lines; section ASSUMED
9aaa9479-d258-4be5-9cf6-1f72494a7728,WINDOWS,CW LOW GLASS,Brep,DER,08,32.239,-26.92,4.06,1.238,0.02,2.38,6.45,0.1,12.4,0.07,SIMPLIFY,glazing zone -> opening or clear panel,sec8 panel grid; glass thickness ASSUMED
dad36bd8-239d-4674-94b7-6091d5c15b2a,WINDOWS,CW LOW TRANSOM,Brep,DER,08,32.279,-26.9,4.02,1.158,0.2,0.08,6.03,1.04,0.42,0.26,SIMPLIFY,engrave on glazing panel / omit physically,sec8 transom lines; section ASSUMED
fcb5d2b3-336b-440d-aafc-574e0752681d,WINDOWS,CW LOW TRANSOM,Brep,DER,08,32.279,-26.9,6.4,1.158,0.2,0.08,6.03,1.04,0.42,0.26,SIMPLIFY,engrave on glazing panel / omit physically,sec8 transom lines; section ASSUMED
c21c470f-570f-468a-9b31-b1da7de4dfc4,WINDOWS,CW LOW GLASS,Brep,DER,08,31.001,-26.92,4.06,1.238,0.02,2.38,6.45,0.1,12.4,0.07,SIMPLIFY,glazing zone -> opening or clear panel,sec8 panel grid; glass thickness ASSUMED
fa60f303-8284-4c26-b290-17f918c4ba9c,WINDOWS,CW LOW TRANSOM,Brep,DER,08,31.041,-26.9,4.02,1.158,0.2,0.08,6.03,1.04,0.42,0.26,SIMPLIFY,engrave on glazing panel / omit physically,sec8 transom lines; section ASSUMED
005c4fa0-5b1d-47fd-bf6f-f94dd037b534,WINDOWS,CW LOW TRANSOM,Brep,DER,08,31.041,-26.9,6.4,1.158,0.2,0.08,6.03,1.04,0.42,0.26,SIMPLIFY,engrave on glazing panel / omit physically,sec8 transom lines; section ASSUMED
b57c83d7-11f3-4efe-9c2a-46d065b30077,WINDOWS,CW LOW GLASS,Brep,DER,08,29.763,-26.92,4.06,1.238,0.02,2.38,6.45,0.1,12.4,0.07,SIMPLIFY,glazing zone -> opening or clear panel,sec8 panel grid; glass thickness ASSUMED
e83d0f2c-6650-46c5-886d-d453c124d455,WINDOWS,CW LOW TRANSOM,Brep,DER,08,29.906,-26.9,4.012,1.055,0.22,0.096,5.5,1.15,0.5,0.31,SIMPLIFY,engrave on glazing panel / omit physically,sec8 transom lines; section ASSUMED
4fc87ce4-0fe0-4f04-b17f-d3c47e853e78,WINDOWS,CW LOW TRANSOM,Brep,DER,08,29.913,-26.9,6.4,1.048,0.2,0.08,5.46,1.04,0.42,0.26,SIMPLIFY,engrave on glazing panel / omit physically,sec8 transom lines; section ASSUMED
2e02054c-8f21-4d05-88e4-92e76dd85028,WINDOWS,CW LOW GLASS,Brep,DER,08,28.575,-26.92,4.06,1.188,0.02,2.38,6.19,0.1,12.4,0.07,SIMPLIFY,glazing zone -> opening or clear panel,sec8 panel grid; glass thickness ASSUMED
52cc9dc2-0eea-4f7b-8f25-4e7ac5421a37,WINDOWS,CW LOW TRANSOM,Brep,DER,08,28.615,-26.9,4.012,1.0,0.22,0.096,5.21,1.15,0.5,0.31,SIMPLIFY,engrave on glazing panel / omit physically,sec8 transom lines; section ASSUMED
40738af0-6534-4a91-8777-47a5c7385abc,WINDOWS,CW LOW TRANSOM,Brep,DER,08,28.615,-26.9,6.4,0.998,0.2,0.08,5.2,1.04,0.42,0.26,SIMPLIFY,engrave on glazing panel / omit physically,sec8 transom lines; section ASSUMED
6be65ef8-04ba-4f8b-9f81-8cc3048dd9bf,WINDOWS,CW LOW GLASS,Brep,DER,08,27.338,-26.92,4.06,1.238,0.02,2.38,6.45,0.1,12.4,0.07,SIMPLIFY,glazing zone -> opening or clear panel,sec8 panel grid; glass thickness ASSUMED
cb2788b1-c57d-4873-98bb-db43f10a3722,WINDOWS,CW LOW TRANSOM,Brep,DER,08,27.378,-26.9,4.02,1.158,0.2,0.08,6.03,1.04,0.42,0.26,SIMPLIFY,engrave on glazing panel / omit physically,sec8 transom lines; section ASSUMED
25f8b0fc-1320-4011-8ae1-b191d20c1e53,WINDOWS,CW LOW TRANSOM,Brep,DER,08,27.378,-26.9,6.4,1.158,0.2,0.08,6.03,1.04,0.42,0.26,SIMPLIFY,engrave on glazing panel / omit physically,sec8 transom lines; section ASSUMED
088f3f1f-126e-4fa2-b1c7-856cb9f59ccb,WINDOWS,CW LOW GLASS,Brep,DER,08,26.15,-26.92,4.06,1.188,0.02,2.38,6.19,0.1,12.4,0.07,SIMPLIFY,glazing zone -> opening or clear panel,sec8 panel grid; glass thickness ASSUMED
5ec786e7-6878-4447-9db6-c1e524be0d90,WINDOWS,CW LOW TRANSOM,Brep,DER,08,26.19,-26.9,4.02,1.108,0.2,0.08,5.77,1.04,0.42,0.26,SIMPLIFY,engrave on glazing panel / omit physically,sec8 transom lines; section ASSUMED
3a44a672-3902-43f6-90db-0f6327f5ba39,WINDOWS,CW LOW TRANSOM,Brep,DER,08,26.19,-26.9,6.4,1.108,0.2,0.08,5.77,1.04,0.42,0.26,SIMPLIFY,engrave on glazing panel / omit physically,sec8 transom lines; section ASSUMED
d865c987-bd42-4cea-ab11-97c795cedc26,WINDOWS,CW LOW GLASS,Brep,DER,08,24.912,-26.92,4.06,1.238,0.02,2.38,6.45,0.1,12.4,0.07,SIMPLIFY,glazing zone -> opening or clear panel,sec8 panel grid; glass thickness ASSUMED
10a34309-fe33-449e-b00b-1c64703c4fbe,WINDOWS,CW LOW TRANSOM,Brep,DER,08,24.952,-26.9,4.02,1.158,0.2,0.08,6.03,1.04,0.42,0.26,SIMPLIFY,engrave on glazing panel / omit physically,sec8 transom lines; section ASSUMED
bfa42b10-9f5c-4392-b005-03e0d78d5ff0,WINDOWS,CW LOW TRANSOM,Brep,DER,08,24.952,-26.9,6.4,1.158,0.2,0.08,6.03,1.04,0.42,0.26,SIMPLIFY,engrave on glazing panel / omit physically,sec8 transom lines; section ASSUMED
a18eed84-818c-4f2d-a12b-92d4e8d1921a,WINDOWS,CW LOW GLASS,Brep,DER,08,23.674,-26.92,4.06,1.238,0.02,2.38,6.45,0.1,12.4,0.07,SIMPLIFY,glazing zone -> opening or clear panel,sec8 panel grid; glass thickness ASSUMED
df366394-b625-4554-918a-42276b190334,WINDOWS,CW LOW TRANSOM,Brep,DER,08,23.714,-26.9,4.02,1.158,0.2,0.08,6.03,1.04,0.42,0.26,SIMPLIFY,engrave on glazing panel / omit physically,sec8 transom lines; section ASSUMED
b5940a1e-4fa3-4d05-abab-7d37a3c2fcc6,WINDOWS,CW LOW TRANSOM,Brep,DER,08,23.714,-26.9,6.4,1.158,0.2,0.08,6.03,1.04,0.42,0.26,SIMPLIFY,engrave on glazing panel / omit physically,sec8 transom lines; section ASSUMED
09b6c71c-912b-4bfa-856f-aea184c95e0a,WINDOWS,CW LOW GLASS,Brep,DER,08,22.486,-26.92,4.06,1.188,0.02,2.38,6.19,0.1,12.4,0.07,SIMPLIFY,glazing zone -> opening or clear panel,sec8 panel grid; glass thickness ASSUMED
63891c16-526c-4d38-9f5a-4f685d6253d1,WINDOWS,CW LOW TRANSOM,Brep,DER,08,22.635,-26.9,4.012,1.0,0.22,0.096,5.21,1.15,0.5,0.31,SIMPLIFY,engrave on glazing panel / omit physically,sec8 transom lines; section ASSUMED
773c70e3-03a4-4c02-9742-aec8b3da5616,WINDOWS,CW LOW TRANSOM,Brep,DER,08,22.536,-26.9,6.4,1.198,0.2,0.083,6.24,1.04,0.43,0.27,SIMPLIFY,engrave on glazing panel / omit physically,sec8 transom lines; section ASSUMED
a7519b14-2a7e-4f3f-8502-effa68b5e695,WINDOWS,CW UP MULLION,Brep,DER,08,50.557,-26.9,7.13,0.096,0.22,6.763,0.5,1.15,35.22,0.31,SIMPLIFY,engrave on glazing panel / omit physically,sec8 panel gaps (posts at grid lines); section ASSUMED
181ae0aa-d605-4879-ba83-97de332f7b3d,WINDOWS,CW LOW MULLION,Brep,DER,08,50.565,-26.9,4.06,0.08,0.2,2.38,0.42,1.04,12.4,0.26,SIMPLIFY,engrave on glazing panel / omit physically,sec8 panel gaps (posts at grid lines); section ASSUMED
e49bbdec-fae3-4dd8-bff1-3d44bb0dfeec,WINDOWS,CW UP MULLION,Brep,DER,08,49.319,-26.9,7.13,0.096,0.22,6.763,0.5,1.15,35.22,0.31,SIMPLIFY,engrave on glazing panel / omit physically,sec8 panel gaps (posts at grid lines); section ASSUMED
e8628260-6c84-4aab-a4ea-26639b9e9e18,WINDOWS,CW LOW MULLION,Brep,DER,08,49.327,-26.9,4.06,0.08,0.2,2.38,0.42,1.04,12.4,0.26,SIMPLIFY,engrave on glazing panel / omit physically,sec8 panel gaps (posts at grid lines); section ASSUMED
555eef91-b989-4a54-9b77-885607c344e8,WINDOWS,CW UP MULLION,Brep,DER,08,48.032,-26.9,7.13,0.096,0.22,6.763,0.5,1.15,35.22,0.31,SIMPLIFY,engrave on glazing panel / omit physically,sec8 panel gaps (posts at grid lines); section ASSUMED
f0f4098c-5caf-4ade-99d3-a8ac88da4dca,WINDOWS,CW LOW MULLION,Brep,DER,08,48.04,-26.9,4.06,0.08,0.2,2.38,0.42,1.04,12.4,0.26,SIMPLIFY,engrave on glazing panel / omit physically,sec8 panel gaps (posts at grid lines); section ASSUMED
883fb929-bd7a-421a-b4e0-327cdeb0a561,WINDOWS,CW UP MULLION,Brep,DER,08,46.894,-26.9,7.13,0.096,0.22,6.763,0.5,1.15,35.22,0.31,SIMPLIFY,engrave on glazing panel / omit physically,sec8 panel gaps (posts at grid lines); section ASSUMED
1a522879-d0d5-4b17-b75e-091bc168a289,WINDOWS,CW LOW MULLION,Brep,DER,08,46.902,-26.9,4.06,0.08,0.2,2.38,0.42,1.04,12.4,0.26,SIMPLIFY,engrave on glazing panel / omit physically,sec8 panel gaps (posts at grid lines); section ASSUMED
e0fb1c26-17a8-4c70-97ef-719baf570132,WINDOWS,CW UP MULLION,Brep,DER,08,45.656,-26.9,7.13,0.096,0.22,6.763,0.5,1.15,35.22,0.31,SIMPLIFY,engrave on glazing panel / omit physically,sec8 panel gaps (posts at grid lines); section ASSUMED
8ec9f157-ef29-40a7-9476-bcf0820deb4d,WINDOWS,CW LOW MULLION,Brep,DER,08,45.664,-26.9,4.06,0.08,0.2,2.38,0.42,1.04,12.4,0.26,SIMPLIFY,engrave on glazing panel / omit physically,sec8 panel gaps (posts at grid lines); section ASSUMED
a994c82a-d5a7-46fe-97b1-942ec8c65a54,WINDOWS,CW UP POST,Brep,DER,08,44.286,-26.9,7.13,0.36,0.22,6.763,1.87,1.15,35.22,0.72,SIMPLIFY,grid posts -> 1-ply strips,sec8 panel gaps (posts at grid lines); section ASSUMED
9e19ab0e-5e4c-4cca-b938-d44d65c792c1,WINDOWS,CW LOW POST,Brep,DER,08,44.29,-26.9,4.0,0.356,0.208,2.44,1.86,1.08,12.71,0.68,SIMPLIFY,grid posts -> 1-ply strips,sec8 panel gaps (posts at grid lines); section ASSUMED
2de52195-783b-4066-b6e9-91e4d5e941b2,WINDOWS,CW UP MULLION,Brep,DER,08,43.23,-26.9,7.13,0.096,0.22,6.763,0.5,1.15,35.22,0.31,SIMPLIFY,engrave on glazing panel / omit physically,sec8 panel gaps (posts at grid lines); section ASSUMED
4c8be7bf-307b-4c10-a49c-b967603b5608,WINDOWS,CW LOW MULLION,Brep,DER,08,43.238,-26.9,4.06,0.08,0.2,2.38,0.42,1.04,12.4,0.26,SIMPLIFY,engrave on glazing panel / omit physically,sec8 panel gaps (posts at grid lines); section ASSUMED
c0d040e0-722b-4470-85dd-353740e13eae,WINDOWS,CW UP MULLION,Brep,DER,08,41.993,-26.9,7.13,0.096,0.22,6.763,0.5,1.15,35.22,0.31,SIMPLIFY,engrave on glazing panel / omit physically,sec8 panel gaps (posts at grid lines); section ASSUMED
07e22547-2b47-4a69-95f6-ce40a7323fb6,WINDOWS,CW LOW MULLION,Brep,DER,08,42.001,-26.9,4.06,0.08,0.2,2.38,0.42,1.04,12.4,0.26,SIMPLIFY,engrave on glazing panel / omit physically,sec8 panel gaps (posts at grid lines); section ASSUMED
c83a21ba-447a-4f8f-a17b-8164c3f42eb9,WINDOWS,CW UP MULLION,Brep,DER,08,40.755,-26.9,7.13,0.096,0.22,6.763,0.5,1.15,35.22,0.31,SIMPLIFY,engrave on glazing panel / omit physically,sec8 panel gaps (posts at grid lines); section ASSUMED
d0e671f1-cc64-4284-b8ea-4f107d06a6a7,WINDOWS,CW LOW MULLION,Brep,DER,08,40.763,-26.9,4.06,0.08,0.2,2.38,0.42,1.04,12.4,0.26,SIMPLIFY,engrave on glazing panel / omit physically,sec8 panel gaps (posts at grid lines); section ASSUMED
6fc1426d-36f1-4b0c-b353-91c2f59d628a,WINDOWS,CW UP MULLION,Brep,DER,08,39.567,-26.9,7.13,0.096,0.22,6.763,0.5,1.15,35.22,0.31,SIMPLIFY,engrave on glazing panel / omit physically,sec8 panel gaps (posts at grid lines); section ASSUMED
83267abf-724f-4ff4-ad40-70b146d6bc08,WINDOWS,CW LOW MULLION,Brep,DER,08,39.575,-26.9,4.06,0.08,0.2,2.38,0.42,1.04,12.4,0.26,SIMPLIFY,engrave on glazing panel / omit physically,sec8 panel gaps (posts at grid lines); section ASSUMED
86dcba0e-648a-4162-a5f2-375a574b3cdf,WINDOWS,CW UP MULLION,Brep,DER,08,38.329,-26.9,7.13,0.096,0.22,6.763,0.5,1.15,35.22,0.31,SIMPLIFY,engrave on glazing panel / omit physically,sec8 panel gaps (posts at grid lines); section ASSUMED
c63341c2-a0cf-4c5a-bb2e-abd56ed2cd3a,WINDOWS,CW LOW MULLION,Brep,DER,08,38.337,-26.9,4.06,0.08,0.2,2.38,0.42,1.04,12.4,0.26,SIMPLIFY,engrave on glazing panel / omit physically,sec8 panel gaps (posts at grid lines); section ASSUMED
682b5667-8c81-4bae-8d03-1b0f56d87f7e,WINDOWS,CW UP POST,Brep,DER,08,36.91,-26.9,7.13,0.36,0.22,6.763,1.87,1.15,35.22,0.72,SIMPLIFY,grid posts -> 1-ply strips,sec8 panel gaps (posts at grid lines); section ASSUMED
721aaa04-b89d-46c8-bd04-50ed56003159,WINDOWS,CW LOW POST,Brep,DER,08,36.94,-26.9,4.0,0.33,0.208,2.44,1.72,1.08,12.71,0.68,SIMPLIFY,grid posts -> 1-ply strips,sec8 panel gaps (posts at grid lines); section ASSUMED
d2f27fd7-df65-4bac-8796-ded14065fa52,WINDOWS,CW UP MULLION,Brep,DER,08,35.903,-26.9,7.13,0.096,0.22,6.763,0.5,1.15,35.22,0.31,SIMPLIFY,engrave on glazing panel / omit physically,sec8 panel gaps (posts at grid lines); section ASSUMED
09e3526b-6bd2-4a9a-bd74-32cb82ed0279,WINDOWS,CW LOW MULLION,Brep,DER,08,35.911,-26.9,4.06,0.08,0.2,2.38,0.42,1.04,12.4,0.26,SIMPLIFY,engrave on glazing panel / omit physically,sec8 panel gaps (posts at grid lines); section ASSUMED
2f2f7b41-97cf-41b2-83f6-c50b7f8a6329,WINDOWS,CW UP MULLION,Brep,DER,08,34.616,-26.9,7.13,0.096,0.22,6.763,0.5,1.15,35.22,0.31,SIMPLIFY,engrave on glazing panel / omit physically,sec8 panel gaps (posts at grid lines); section ASSUMED
82eda1c5-a9e0-4436-8c0a-59a5c2588e4a,WINDOWS,CW LOW MULLION,Brep,DER,08,34.624,-26.9,4.06,0.08,0.2,2.38,0.42,1.04,12.4,0.26,SIMPLIFY,engrave on glazing panel / omit physically,sec8 panel gaps (posts at grid lines); section ASSUMED
58a199b3-b418-454b-a855-372cdf4277d3,WINDOWS,CW UP MULLION,Brep,DER,08,33.428,-26.9,7.13,0.096,0.22,6.763,0.5,1.15,35.22,0.31,SIMPLIFY,engrave on glazing panel / omit physically,sec8 panel gaps (posts at grid lines); section ASSUMED
15663534-53d2-4e4f-9c23-336d10224ae8,WINDOWS,CW LOW MULLION,Brep,DER,08,33.436,-26.9,4.06,0.08,0.2,2.38,0.42,1.04,12.4,0.26,SIMPLIFY,engrave on glazing panel / omit physically,sec8 panel gaps (posts at grid lines); section ASSUMED
0752c291-3835-431e-9eee-282cd6ff2fbb,WINDOWS,CW UP MULLION,Brep,DER,08,32.191,-26.9,7.13,0.096,0.22,6.763,0.5,1.15,35.22,0.31,SIMPLIFY,engrave on glazing panel / omit physically,sec8 panel gaps (posts at grid lines); section ASSUMED
b128db83-7147-4080-8585-1b0a5ac8f4a1,WINDOWS,CW LOW MULLION,Brep,DER,08,32.199,-26.9,4.06,0.08,0.2,2.38,0.42,1.04,12.4,0.26,SIMPLIFY,engrave on glazing panel / omit physically,sec8 panel gaps (posts at grid lines); section ASSUMED
ba672489-4bf4-475c-bddf-16ca2862839f,WINDOWS,CW UP MULLION,Brep,DER,08,30.953,-26.9,7.13,0.096,0.22,6.763,0.5,1.15,35.22,0.31,SIMPLIFY,engrave on glazing panel / omit physically,sec8 panel gaps (posts at grid lines); section ASSUMED
70a51a8d-1292-40b7-ae84-8c335f030bcd,WINDOWS,CW LOW MULLION,Brep,DER,08,30.961,-26.9,4.06,0.08,0.2,2.38,0.42,1.04,12.4,0.26,SIMPLIFY,engrave on glazing panel / omit physically,sec8 panel gaps (posts at grid lines); section ASSUMED
d94c27bb-6fb5-4ac5-ab5f-54f11dff5cab,WINDOWS,CW UP POST,Brep,DER,08,29.583,-26.9,7.13,0.36,0.22,6.763,1.88,1.15,35.22,0.72,SIMPLIFY,grid posts -> 1-ply strips,sec8 panel gaps (posts at grid lines); section ASSUMED
70a99bff-79d2-4067-b6fb-dace37babc4f,WINDOWS,CW LOW POST,Brep,DER,08,29.59,-26.9,4.0,0.353,0.208,2.44,1.84,1.08,12.71,0.68,SIMPLIFY,grid posts -> 1-ply strips,sec8 panel gaps (posts at grid lines); section ASSUMED
994a06ab-5d4b-4444-8d89-f7a49e535169,WINDOWS,CW UP MULLION,Brep,DER,08,28.527,-26.9,7.13,0.096,0.22,6.763,0.5,1.15,35.22,0.31,SIMPLIFY,engrave on glazing panel / omit physically,sec8 panel gaps (posts at grid lines); section ASSUMED
9c76b1f6-ce31-4f71-9cef-aac6bb0bbb21,WINDOWS,CW LOW MULLION,Brep,DER,08,28.535,-26.9,4.06,0.08,0.2,2.38,0.42,1.04,12.4,0.26,SIMPLIFY,engrave on glazing panel / omit physically,sec8 panel gaps (posts at grid lines); section ASSUMED
f86156b3-029b-4bad-85a2-90821771cb14,WINDOWS,CW UP MULLION,Brep,DER,08,27.29,-26.9,7.13,0.096,0.22,6.763,0.5,1.15,35.22,0.31,SIMPLIFY,engrave on glazing panel / omit physically,sec8 panel gaps (posts at grid lines); section ASSUMED
3b6dcaf3-74ac-4909-950d-ec7dd791c403,WINDOWS,CW LOW MULLION,Brep,DER,08,27.298,-26.9,4.06,0.08,0.2,2.38,0.42,1.04,12.4,0.26,SIMPLIFY,engrave on glazing panel / omit physically,sec8 panel gaps (posts at grid lines); section ASSUMED
35cd5401-da29-4253-8792-45484092fc64,WINDOWS,CW UP MULLION,Brep,DER,08,26.102,-26.9,7.13,0.096,0.22,6.763,0.5,1.15,35.22,0.31,SIMPLIFY,engrave on glazing panel / omit physically,sec8 panel gaps (posts at grid lines); section ASSUMED
c52dcc61-972b-4294-8bf1-5cd73916c34a,WINDOWS,CW LOW MULLION,Brep,DER,08,26.11,-26.9,4.06,0.08,0.2,2.38,0.42,1.04,12.4,0.26,SIMPLIFY,engrave on glazing panel / omit physically,sec8 panel gaps (posts at grid lines); section ASSUMED
40dec332-5b06-4822-9b99-de54e9db9a39,WINDOWS,CW UP MULLION,Brep,DER,08,24.864,-26.9,7.13,0.096,0.22,6.763,0.5,1.15,35.22,0.31,SIMPLIFY,engrave on glazing panel / omit physically,sec8 panel gaps (posts at grid lines); section ASSUMED
ecb05479-c607-4e64-8df3-385aa9c32dd6,WINDOWS,CW LOW MULLION,Brep,DER,08,24.872,-26.9,4.06,0.08,0.2,2.38,0.42,1.04,12.4,0.26,SIMPLIFY,engrave on glazing panel / omit physically,sec8 panel gaps (posts at grid lines); section ASSUMED
a50ad57f-3760-487b-a0b2-8c566a7d513d,WINDOWS,CW UP MULLION,Brep,DER,08,23.626,-26.9,7.13,0.096,0.22,6.763,0.5,1.15,35.22,0.31,SIMPLIFY,engrave on glazing panel / omit physically,sec8 panel gaps (posts at grid lines); section ASSUMED
72646799-ca8a-4b12-b27d-a1b1fb2d3f24,WINDOWS,CW LOW MULLION,Brep,DER,08,23.634,-26.9,4.06,0.08,0.2,2.38,0.42,1.04,12.4,0.26,SIMPLIFY,engrave on glazing panel / omit physically,sec8 panel gaps (posts at grid lines); section ASSUMED
d09a1060-9a4a-443d-b862-34b9bb21fb0d,WINDOWS,CW UP POST,Brep,DER,08,22.306,-26.9,7.13,0.36,0.22,6.763,1.87,1.15,35.22,0.72,SIMPLIFY,grid posts -> 1-ply strips,sec8 panel gaps (posts at grid lines); section ASSUMED
49faeee7-0b41-481f-ab7d-3393e155f5c0,WINDOWS,CW UP MULLION,Brep,DER,08,21.25,-26.9,7.13,0.096,0.22,6.763,0.5,1.15,35.22,0.31,SIMPLIFY,engrave on glazing panel / omit physically,sec8 panel gaps (posts at grid lines); section ASSUMED
f74f89f6-a5ad-41a6-ba64-53568695342d,WINDOWS,CW UP MULLION,Brep,DER,08,20.012,-26.9,7.13,0.096,0.22,6.763,0.5,1.15,35.22,0.31,SIMPLIFY,engrave on glazing panel / omit physically,sec8 panel gaps (posts at grid lines); section ASSUMED
faa1f72c-ce42-4527-abc5-8f6c78384e12,WINDOWS,CW UP MULLION,Brep,DER,08,18.775,-26.9,7.13,0.096,0.22,6.763,0.5,1.15,35.22,0.31,SIMPLIFY,engrave on glazing panel / omit physically,sec8 panel gaps (posts at grid lines); section ASSUMED
06f78631-3337-4765-80f2-1c7b67753857,WINDOWS,CW UP MULLION,Brep,DER,08,17.587,-26.9,7.13,0.096,0.22,6.763,0.5,1.15,35.22,0.31,SIMPLIFY,engrave on glazing panel / omit physically,sec8 panel gaps (posts at grid lines); section ASSUMED
daf37cd0-5280-4ce4-bd2e-69eec9a5a921,WINDOWS,CW UP MULLION,Brep,DER,08,16.349,-26.9,7.13,0.096,0.22,6.763,0.5,1.15,35.22,0.31,SIMPLIFY,engrave on glazing panel / omit physically,sec8 panel gaps (posts at grid lines); section ASSUMED
f604c354-34e4-4750-a44b-e33edc2595bd,WINDOWS,CW UP POST,Brep,DER,08,14.979,-26.9,7.13,0.36,0.22,6.763,1.87,1.15,35.22,0.72,SIMPLIFY,grid posts -> 1-ply strips,sec8 panel gaps (posts at grid lines); section ASSUMED
b029a02a-323c-4817-b42b-db96ffb31958,WINDOWS,CW UP MULLION,Brep,DER,08,13.923,-26.9,7.13,0.096,0.22,6.763,0.5,1.15,35.22,0.31,SIMPLIFY,engrave on glazing panel / omit physically,sec8 panel gaps (posts at grid lines); section ASSUMED
e112fc58-820b-4afc-8962-e7a979bcd704,WINDOWS,CW UP MULLION,Brep,DER,08,12.686,-26.9,7.13,0.096,0.22,6.763,0.5,1.15,35.22,0.31,SIMPLIFY,engrave on glazing panel / omit physically,sec8 panel gaps (posts at grid lines); section ASSUMED
91823455-cfe0-4f11-b117-5cd72edd9591,WINDOWS,CW UP MULLION,Brep,DER,08,11.448,-26.9,7.13,0.096,0.22,6.763,0.5,1.15,35.22,0.31,SIMPLIFY,engrave on glazing panel / omit physically,sec8 panel gaps (posts at grid lines); section ASSUMED
0496d0e9-c4d2-499f-88fd-0f3f48442e52,WINDOWS,CW UP MULLION,Brep,DER,08,10.26,-26.9,7.13,0.096,0.22,6.763,0.5,1.15,35.22,0.31,SIMPLIFY,engrave on glazing panel / omit physically,sec8 panel gaps (posts at grid lines); section ASSUMED
7642d3f6-eef6-45e2-b6a5-a6cfb52980d0,WINDOWS,CW UP MULLION,Brep,DER,08,9.022,-26.9,7.13,0.096,0.22,6.763,0.5,1.15,35.22,0.31,SIMPLIFY,engrave on glazing panel / omit physically,sec8 panel gaps (posts at grid lines); section ASSUMED
5a86de26-9775-49b5-a637-0ac55c1b750f,WINDOWS,CW UP POST,Brep,DER,08,7.653,-26.9,7.13,0.36,0.22,6.763,1.88,1.15,35.22,0.72,SIMPLIFY,grid posts -> 1-ply strips,sec8 panel gaps (posts at grid lines); section ASSUMED
c6c71a62-f112-45e4-9b3e-d72105bc964d,WINDOWS,CW UP MULLION,Brep,DER,08,6.597,-26.9,7.13,0.096,0.22,6.763,0.5,1.15,35.22,0.31,SIMPLIFY,engrave on glazing panel / omit physically,sec8 panel gaps (posts at grid lines); section ASSUMED
96d89dfd-ed28-475f-adc8-5ce2a3f9fbf0,WINDOWS,CW UP MULLION,Brep,DER,08,5.309,-26.9,7.13,0.096,0.22,6.763,0.5,1.15,35.22,0.31,SIMPLIFY,engrave on glazing panel / omit physically,sec8 panel gaps (posts at grid lines); section ASSUMED
a95169e9-51b4-480c-bb10-439466f4cecb,WINDOWS,CW UP MULLION,Brep,DER,08,4.121,-26.9,7.13,0.096,0.22,6.763,0.5,1.15,35.22,0.31,SIMPLIFY,engrave on glazing panel / omit physically,sec8 panel gaps (posts at grid lines); section ASSUMED
ef69d08f-68e2-4883-848c-257329f1fe6a,WINDOWS,CW UP MULLION,Brep,DER,08,2.834,-26.9,7.13,0.096,0.22,6.763,0.5,1.15,35.22,0.31,SIMPLIFY,engrave on glazing panel / omit physically,sec8 panel gaps (posts at grid lines); section ASSUMED
13f636ce-38e0-420c-9b56-56a7844f7d8a,WINDOWS,CW UP MULLION,Brep,DER,08,1.646,-26.9,7.13,0.096,0.22,6.763,0.5,1.15,35.22,0.31,SIMPLIFY,engrave on glazing panel / omit physically,sec8 panel gaps (posts at grid lines); section ASSUMED
38231278-f6ee-4e12-a94b-7b6213ee8142,WINDOWS,GL GARDEN E,Brep,DER,08,-1.22,-34.074,0.0,0.06,11.688,2.48,0.31,60.87,12.92,0.2,SIMPLIFY,glazing zone -> opening or clear panel,GF plan thin line; DER head = sec8 elevation line y400
49b3c7b2-8ff1-4e16-8468-2229e3a45808,WALLS::WALLS-EXTERIOR,EXT S WALL GF-L1,Brep,DER,06,-6.581,-43.405,0.0,34.469,0.778,7.247,179.52,4.05,37.74,2.55,FABRICATE,,GF y577-584; L1 1.12 S wall
411a0d33-9cf1-4aa7-83a1-5837ed280e98,WALLS::WALLS-EXTERIOR,EXT BLOCK S,Brep,DER,06,-5.934,-45.07,6.3,30.908,2.646,8.25,160.98,13.78,42.97,8.68,FABRICATE,,L2 outline S edge; S elev top y145 (parapet)
fa456e4a-998b-46f6-8746-1e7f250cc503,WINDOWS,BLOCK S BAY GLASS,Brep,DER,08,6.71,-43.626,5.08,1.39,0.02,2.55,7.24,0.1,13.28,0.07,SIMPLIFY,glazing zone -> opening or clear panel,S elevation x266-332 y194.5-254.5; 4 x 2 panes
83f68508-5bad-4b60-a373-3545eb65e055,WINDOWS,BLOCK S BAY GLASS,Brep,DER,08,6.71,-43.626,7.71,1.39,0.02,2.54,7.24,0.1,13.23,0.07,SIMPLIFY,glazing zone -> opening or clear panel,S elevation x266-332 y194.5-254.5; 4 x 2 panes
3e4bcdc9-9ba0-4d53-89ed-7937118e455f,WINDOWS,BLOCK S BAY TRANSOM,Brep,DER,08,6.71,-43.716,7.63,1.39,0.2,0.08,7.24,1.04,0.42,0.26,SIMPLIFY,engrave on glazing panel / omit physically,S elevation y225
74ce05b8-a89e-4c85-b141-cb706bbf7ed1,WINDOWS,BLOCK S BAY GLASS,Brep,DER,08,8.18,-43.723,5.08,1.29,0.02,2.55,6.72,0.1,13.28,0.07,SIMPLIFY,glazing zone -> opening or clear panel,S elevation x266-332 y194.5-254.5; 4 x 2 panes
76786ad9-2be6-47bc-8f92-912453419e05,WINDOWS,BLOCK S BAY GLASS,Brep,DER,08,8.18,-43.723,7.71,1.29,0.02,2.54,6.72,0.1,13.23,0.07,SIMPLIFY,glazing zone -> opening or clear panel,S elevation x266-332 y194.5-254.5; 4 x 2 panes
7d2f394c-146f-452e-b3c3-37baddc698b0,WINDOWS,BLOCK S BAY TRANSOM,Brep,DER,08,8.18,-43.813,7.63,1.29,0.2,0.08,6.72,1.04,0.42,0.26,SIMPLIFY,engrave on glazing panel / omit physically,S elevation y225
7001cd7c-2ef2-486c-9dc5-2c8879315389,WINDOWS,BLOCK S BAY GLASS,Brep,DER,08,9.55,-43.818,5.08,1.3,0.02,2.55,6.77,0.1,13.28,0.07,SIMPLIFY,glazing zone -> opening or clear panel,S elevation x266-332 y194.5-254.5; 4 x 2 panes
c3f01934-c50a-4a3d-a2df-5dcea46dabfa,WINDOWS,BLOCK S BAY GLASS,Brep,DER,08,9.55,-43.818,7.71,1.3,0.02,2.54,6.77,0.1,13.23,0.07,SIMPLIFY,glazing zone -> opening or clear panel,S elevation x266-332 y194.5-254.5; 4 x 2 panes
49df24fd-be8c-4ca2-b742-2fe9eba84b95,WINDOWS,BLOCK S BAY TRANSOM,Brep,DER,08,9.55,-43.908,7.63,1.3,0.2,0.08,6.77,1.04,0.42,0.26,SIMPLIFY,engrave on glazing panel / omit physically,S elevation y225
559b3042-b6e8-4b0f-9ce8-0a937e1a2d3c,WINDOWS,BLOCK S BAY GLASS,Brep,DER,08,10.93,-43.915,5.08,1.38,0.02,2.55,7.19,0.1,13.28,0.07,SIMPLIFY,glazing zone -> opening or clear panel,S elevation x266-332 y194.5-254.5; 4 x 2 panes
9e2ddb33-264e-414b-a1b1-0893d9bf3b6b,WINDOWS,BLOCK S BAY GLASS,Brep,DER,08,10.93,-43.915,7.71,1.38,0.02,2.54,7.19,0.1,13.23,0.07,SIMPLIFY,glazing zone -> opening or clear panel,S elevation x266-332 y194.5-254.5; 4 x 2 panes
834d15d6-83e3-4bb6-abca-42ceb3e36139,WINDOWS,BLOCK S BAY TRANSOM,Brep,DER,08,10.93,-44.005,7.63,1.38,0.2,0.08,7.19,1.04,0.42,0.26,SIMPLIFY,engrave on glazing panel / omit physically,S elevation y225
c928b5ee-2bc5-4f64-82b0-df947645bcb3,WINDOWS,BLOCK S BAY MULLION,Brep,DER,08,8.1,-43.766,5.08,0.08,0.2,5.17,0.42,1.04,26.93,0.26,SIMPLIFY,engrave on glazing panel / omit physically,S elevation x283/299/315
d283b883-a0f0-492b-b12b-28eca1e36d7e,WINDOWS,BLOCK S BAY MULLION,Brep,DER,08,9.47,-43.86,5.08,0.08,0.2,5.17,0.42,1.04,26.93,0.26,SIMPLIFY,engrave on glazing panel / omit physically,S elevation x283/299/315
42afc674-56a8-410a-a6d5-052c9b601295,WINDOWS,BLOCK S BAY MULLION,Brep,DER,08,10.85,-43.955,5.08,0.08,0.2,5.17,0.42,1.04,26.93,0.26,SIMPLIFY,engrave on glazing panel / omit physically,S elevation x283/299/315
bde8a6d0-aedc-46cb-b822-4a4d98478042,DOORS,GROUND EXT N WALL DOOR/OPENING w1.09,PolylineCurve,ASM,08,2.74,0.0,0.0,1.094,0.0,2.08,5.7,0.0,10.83,3.59,SIMPLIFY,engraved outline; major entrances as openings,"plan gap px [289, 299]; Z from sec7 at X 11.3"
02df9049-cb0f-468f-8246-32e5e68a6342,DOORS,GROUND EXT N WALL DOOR/OPENING w1.69,PolylineCurve,DER,08,10.792,0.0,0.0,1.69,0.0,2.08,8.8,0.0,10.83,5.54,SIMPLIFY,engraved outline; major entrances as openings,"plan gap px [370, 386]; Z from sec7 at X 11.3"
3d52c1bb-d803-4d62-a077-c9545c58f203,DOORS,GROUND EXT N WALL DOOR/OPENING w1.69,PolylineCurve,ASM,08,12.581,0.0,0.0,1.69,0.0,2.08,8.8,0.0,10.83,5.54,SIMPLIFY,engraved outline; major entrances as openings,"plan gap px [388, 404]; Z from sec7 at X 11.3"
fc14dfba-d3bf-425c-a225-11d7a0a27c24,DOORS,GROUND EXT N WALL DOOR/OPENING w1.59,PolylineCurve,ASM,08,20.633,0.0,0.0,1.59,0.0,2.08,8.28,0.0,10.83,5.22,SIMPLIFY,engraved outline; major entrances as openings,"plan gap px [469, 484]; Z from sec7 at X 11.3"
8857c4e7-b0d3-47b5-aac3-33d8f2a95c55,DOORS,GROUND EXT N WALL DOOR/OPENING w1.59,PolylineCurve,ASM,08,28.088,0.0,0.0,1.591,0.0,2.08,8.29,0.0,10.83,5.22,SIMPLIFY,engraved outline; major entrances as openings,"plan gap px [544, 559]; Z from sec7 at X 11.3"
38ec8d28-4969-4b31-8921-23e16f87a992,DOORS,GROUND EXT N WALL DOOR/OPENING w0.99,PolylineCurve,ASM,08,30.076,0.0,0.0,0.994,0.0,2.08,5.18,0.0,10.83,3.26,SIMPLIFY,engraved outline; major entrances as openings,"plan gap px [564, 573]; Z from sec7 at X 11.3"
91b0b2c7-f87b-4363-a5c9-4d996bab9f1a,DOORS,GROUND EXT N WALL DOOR/OPENING w1.49,PolylineCurve,ASM,08,37.134,0.0,0.0,1.491,0.0,2.08,7.77,0.0,10.83,4.89,SIMPLIFY,engraved outline; major entrances as openings,"plan gap px [635, 649]; Z from sec7 at X 11.3"
d25d1a81-2a5e-4fb2-9c35-d0e0ed734cfc,DOORS,GROUND EXT N WALL DOOR/OPENING w0.89,PolylineCurve,ASM,08,39.122,0.0,0.0,0.895,0.0,2.08,4.66,0.0,10.83,2.94,SIMPLIFY,engraved outline; major entrances as openings,"plan gap px [655, 663]; Z from sec7 at X 11.3"
ecf137df-3e02-4c3d-9d03-b059be11aa7a,DOORS,GROUND EXT N WALL DOOR/OPENING w1.59,PolylineCurve,ASM,08,48.267,0.0,0.0,1.59,0.0,2.08,8.28,0.0,10.83,5.22,SIMPLIFY,engraved outline; major entrances as openings,"plan gap px [747, 762]; Z from sec7 at X 11.3"
edf92a83-6b99-4832-b397-c50308cc9d30,DOORS,GROUND EXT N WALL DOOR/OPENING w1.49,PolylineCurve,ASM,08,50.354,0.0,0.0,1.492,0.0,2.08,7.77,0.0,10.83,4.9,SIMPLIFY,engraved outline; major entrances as openings,"plan gap px [768, 782]; Z from sec7 at X 11.3"
2fe27f4e-2155-4092-9292-9c96fad94084,DOORS,GROUND EXT HALL W DOOR/OPENING w1.79,PolylineCurve,ASM,08,0.0,-9.742,0.0,0.0,1.79,2.08,0.0,9.32,10.83,5.87,SIMPLIFY,engraved outline; major entrances as openings,"plan gap px [228, 245]; Z from sec7 at X 11.3"
b1322aaa-d340-4ca0-a9ae-243e020f93d0,DOORS,GROUND EXT HALL W DOOR/OPENING w1.59,PolylineCurve,ASM,08,0.0,-13.419,0.0,0.0,1.59,2.08,0.0,8.28,10.83,5.22,SIMPLIFY,engraved outline; major entrances as openings,"plan gap px [267, 282]; Z from sec7 at X 11.3"
7330a7ad-d4f5-4b59-a15c-810a090f8350,DOORS,GROUND EXT HALL W DOOR/OPENING w1.69,PolylineCurve,ASM,08,0.0,-20.179,0.0,0.0,1.69,2.08,0.0,8.8,10.83,5.54,SIMPLIFY,engraved outline; major entrances as openings,"plan gap px [334, 350]; Z from sec7 at X 11.3"
afa428bc-ccc7-49af-83ad-9b0df1fa5316,WALLS::WALLS-EXTERIOR,EXT HALL W,Brep,DER,06,-0.04,-27.294,0.0,0.48,22.842,2.75,2.5,118.97,14.32,1.57,FABRICATE,,plans x259-262; sec8 x728-731 to y278
db7eb7cb-89c9-4947-8a40-de93b7d045d9,DOORS,GROUND EXT HALL W DOOR/OPENING w1.89,PolylineCurve,ASM,08,0.0,-22.962,0.0,0.0,1.888,2.08,0.0,9.83,10.83,6.19,SIMPLIFY,engraved outline; major entrances as openings,"plan gap px [360, 378]; Z from sec7 at X 11.3"
4d4442e8-c4ba-43f7-9ad2-de2e1171df75,DOORS,GROUND EXT HALL E DOOR/OPENING w0.99,PolylineCurve,ASM,08,52.24,-20.875,0.0,0.0,0.994,2.08,0.0,5.18,10.83,3.26,SIMPLIFY,engraved outline; major entrances as openings,"plan gap px [348, 357]; Z from sec7 at X 11.3"
95dabf5d-54bf-4581-83f1-d55a3964b261,WALLS::WALLS-EXTERIOR,EXT HALL E,Brep,DER,06,51.8,-26.976,0.0,0.48,28.634,4.07,2.5,149.13,21.2,1.57,FABRICATE,,plans x783-786; sec8 x205-209 to y278
67758483-58f0-493e-8106-65f6dc3f1a49,DOORS,GROUND EXT HALL E DOOR/OPENING w2.09,PolylineCurve,ASM,08,52.24,-26.143,0.0,0.0,2.087,2.08,0.0,10.87,10.83,6.82,SIMPLIFY,engraved outline; major entrances as openings,"plan gap px [390, 410]; Z from sec7 at X 11.3"
a1083167-25e9-48d8-acc1-ca2cfbf3399f,WINDOWS,L1 EXT N WALL WINDOW w3.58,PolylineCurve,ASM,08,0.156,0.0,3.86,3.578,0.0,2.48,18.64,0.0,12.92,8.14,SIMPLIFY,glazing zone -> opening or clear panel,"plan gap px [262, 297]; Z from sec7 at X 11.3"
6cd2479e-db4a-45fb-b551-fa030cc427d1,WINDOWS,L1 N WINDOW GLASS w3.58,Brep,ASM,08,-0.202,-0.162,3.86,4.294,0.024,2.48,22.36,0.12,12.92,0.08,SIMPLIFY,glazing zone -> opening or clear panel,"plan gap; Z sec7, trimmed to slabs"
a38dae91-0db5-41da-998b-e92312639d06,WALLS::WALLS-EXTERIOR,EXT N WALL,Brep,DER,06,-0.762,-0.33,0.0,53.041,0.36,6.875,276.26,1.88,35.81,1.18,FABRICATE,,GF/L1 y148-150; secs top y278
2ceac3bf-0dc4-4f79-ae6c-63f9e6acfd98,WINDOWS,L1 EXT N WALL WINDOW w3.58,PolylineCurve,DER,08,10.792,0.0,3.86,3.578,0.0,2.48,18.64,0.0,12.92,8.14,SIMPLIFY,glazing zone -> opening or clear panel,"plan gap px [369, 404]; Z from sec7 at X 11.3"
2c43ba11-8e67-4721-8fd0-1702a7234138,WINDOWS,L1 N WINDOW GLASS w3.58,Brep,DER,08,10.434,-0.162,3.86,4.294,0.024,2.48,22.36,0.13,12.92,0.08,SIMPLIFY,glazing zone -> opening or clear panel,"plan gap; Z sec7, trimmed to slabs"
b39af866-2bf9-44ff-9607-858944bbc476,WALLS::WALLS-EXTERIOR,EXT N WALL,Brep,DER,06,13.923,-0.33,3.775,5.369,0.36,2.7,27.96,1.88,14.06,1.18,FABRICATE,,GF/L1 y148-150; secs top y278
b4571274-1371-4ccf-a8cd-930639d90cb7,WINDOWS,L1 EXT N WALL WINDOW w10.83,PolylineCurve,ASM,08,18.844,0.0,3.86,10.835,0.0,2.48,56.43,0.0,12.92,8.14,SIMPLIFY,glazing zone -> opening or clear panel,"plan gap px [450, 558]; Z from sec7 at X 11.3"
cbd59275-7148-48bf-9383-1bdb877cbc09,WINDOWS,L1 N WINDOW GLASS w10.83,Brep,ASM,08,17.76,-0.162,3.86,13.002,0.024,2.48,67.72,0.13,12.92,0.08,SIMPLIFY,glazing zone -> opening or clear panel,"plan gap; Z sec7, trimmed to slabs"
569c2185-dee0-47a5-9c1f-660251c7ccab,WALLS::WALLS-EXTERIOR,EXT N WALL,Brep,DER,06,30.156,-0.33,3.775,22.613,0.36,2.7,117.77,1.88,14.06,1.18,FABRICATE,,GF/L1 y148-150; secs top y278
4f19d14c-1e08-4af9-bb19-17fac30ac2e2,WALLS::WALLS-EXTERIOR,EXT N WALL,Brep,DER,06,29.55,-0.33,3.775,1.55,0.36,2.7,8.08,1.88,14.06,1.18,FABRICATE,,GF/L1 y148-150; secs top y278
39d3c8f6-1b07-4bbf-a573-d3aea27a2929,WINDOWS,L1 EXT N WALL WINDOW w1.19,PolylineCurve,ASM,08,30.971,0.0,3.86,1.193,0.0,2.48,6.21,0.0,12.92,3.91,SIMPLIFY,glazing zone -> opening or clear panel,"plan gap px [572, 583]; Z from sec7 at X 11.3"
24bf504e-39ab-4770-af61-f8ac1c5541ae,WINDOWS,L1 N WINDOW GLASS w1.19,Brep,ASM,08,30.852,-0.162,3.86,1.432,0.024,2.48,7.46,0.13,12.92,0.08,SIMPLIFY,glazing zone -> opening or clear panel,"plan gap; Z sec7, trimmed to slabs"
f2b28f3b-66e1-4ecd-ae87-24507825e2bb,WALLS::WALLS-EXTERIOR,EXT HALL W,Brep,DER,06,-0.04,-26.976,2.945,0.48,22.427,11.605,2.5,116.81,60.44,1.57,FABRICATE,,plans x259-262; sec8 x728-731 to y278
82480c27-09d8-485c-bcfa-4c3a6d889e02,DOORS,L1 EXT HALL W DOOR w2.68,PolylineCurve,ASM,08,0.0,-26.143,4.0,0.0,2.684,2.1,0.0,13.98,10.94,6.89,SIMPLIFY,engraved outline; major entrances as openings,"plan gap px [384, 410]; Z from sec7 at X 11.3"
b66d52cf-330f-4898-a6a5-a168251c2e8b,REFERENCE::REFERENCE-ELEVATIONS,ELEV SOUTH,Brep,DER,01b,-16.24,-55.0,-11.283,81.826,0.0,38.329,426.18,0.0,199.63,125.75,NON-PHYSICAL,reference / setting-out / analysis volume,
f081d31b-5104-4817-8242-f771cfe34e19,REFERENCE::REFERENCE-ELEVATIONS,ELEV EAST,Brep,DER,01b,62.0,-63.406,-11.283,0.0,81.826,38.329,0.0,426.18,199.63,125.75,NON-PHYSICAL,reference / setting-out / analysis volume,
d9040559-21e7-4371-8661-0b6beba219e3,SLABS,SL-21 L2 N BAR,Brep,DER,05,-1.2,-4.818,6.17,53.969,4.865,0.96,281.09,25.34,5.0,3.15,FABRICATE,,sec7 y353-361; absent in sec6 (conflict)
e7077aae-52ea-446a-8502-49aafcd2e0c3,SLABS,SL-12 L1 N BAR EAST,Brep,DER,05,8.4,-4.77,3.67,43.84,4.77,0.36,228.33,24.84,1.88,1.18,FABRICATE,,sec7 X11.3 y386-388
dfd9d776-fd38-4df2-8dcc-895d6efa25fd,SLABS,SL-14 L1 HALL DECK EAST,Brep,DER,05,47.67,-26.9,3.67,4.57,22.13,0.36,23.8,115.26,1.88,1.18,FABRICATE,,sec8 y385-387 E of main pool
c8d6f688-d73b-4fc2-a0c1-cce06905cdba,STAIRS,ST-A1 NW GF-L1 flight 1,Brep,DER,09,14.343,-3.18,-0.02,2.734,1.49,2.04,14.24,7.76,10.62,4.89,SIMPLIFY,stepped block / scored; mostly enclosed,GF x405-420 + L1 x405-433 y165-180; direction from GF cut; going 0.223 riser 0.167
149c1166-bc6b-45d2-ac54-fcc6ef8ce24c,STAIRS,ST-A2 NW GF-L1 flight 2,Brep,DER,09,14.321,-1.829,1.83,2.977,1.668,2.2,15.51,8.69,11.46,5.47,SIMPLIFY,stepped block / scored; mostly enclosed,"L1 x405-433 y150-165, 11 lines; going 0.223 riser 0.167"
2a157dac-25d4-4f9e-863b-ce715ff27437,STAIRS,ST-B1 N BAR GF-L1,Brep,ASM,09,20.351,-3.364,-0.04,8.017,1.624,4.08,41.76,8.46,21.25,5.33,SIMPLIFY,stepped block / scored; mostly enclosed,GF x466-485 y167-185 + L1 lower band y166-181; risers ASSUMED; going 0.327 riser 0.167
d6e78e27-9027-4c29-9442-fd9f3d9e6264,STAIRS,ST-B2 N BAR L1-L2,Brep,DER,09,23.6,-1.69,3.97,4.736,1.39,3.161,24.67,7.24,16.46,4.56,SIMPLIFY,stepped block / scored; mostly enclosed,"L1 upper band x499-545 y151-165, 17 lines; direction ASSUMED; going 0.254 riser 0.169"
a95e252b-d778-40ca-8f7f-cd8b9493cc87,STAIRS,ST-D1 WING GF-L1 flight 1,Brep,DER,09,18.048,-38.37,0.0,4.403,1.531,2.64,22.93,7.98,13.75,5.02,SIMPLIFY,stepped block / scored; mostly enclosed,GF x445-470 y518-534 + L1 x463-479 (14 lines); going 0.261 riser 0.160
4671097f-d2a8-4fad-8f6c-390da998d60d,STAIRS,ST-D2 WING GF-L1 flight 2,Brep,DER,09,19.343,-36.58,2.384,2.744,1.59,1.632,14.29,8.28,8.5,5.22,SIMPLIFY,stepped block / scored; mostly enclosed,L1 x456-481 y500-516 (9 lines); going 0.269 riser 0.160
43460472-0c0f-4058-8927-c193057bdfd4,STAIRS,LD-A NW landing,Brep,ASM,09,16.935,-3.18,1.78,1.38,2.88,0.24,7.19,15.0,1.25,0.79,SIMPLIFY,stepped block / scored; mostly enclosed,between flights; extent ASSUMED
477904c2-8261-428a-b2a1-99e19f018447,STAIRS,LD-D WING landing,Brep,DER,09,21.964,-38.37,2.18,1.386,3.38,0.24,7.22,17.6,1.25,0.79,SIMPLIFY,stepped block / scored; mostly enclosed,L1 oval: flights turn at x482-495
9e23e69a-4fdd-498c-b286-7375fae5f4d6,RAILINGS,OVAL STAIR DRUM GUARD,Brep,ASM,09,16.054,-38.83,4.0,9.062,6.548,1.1,47.2,34.11,5.73,3.61,SIMPLIFY,solid curved guard strip,L1 oval x430-510 y478-538 (DER); height ASSUMED 1.10
ed22a11b-beb2-49df-94b9-9a278a83e294,STAIRS,BLEACHER TIER 1,Brep,ASM,09,19.785,-6.664,4.0,28.385,1.848,1.98,147.84,9.63,10.31,6.06,FABRICATE,stacked strips,L1 plan 1.06 bands (DER); tier rise ASSUMED 0.45
f34764a2-d852-4875-83c2-d60be8d96264,STAIRS,BLEACHER TIER 2,Brep,ASM,09,19.785,-7.335,4.0,28.385,0.9,1.485,147.84,4.69,7.73,2.95,FABRICATE,stacked strips,L1 plan 1.06 bands (DER); tier rise ASSUMED 0.45
5b7cc9ed-3808-4010-9d37-70f9565d121a,STAIRS,BLEACHER TIER 3,Brep,ASM,09,20.006,-8.019,4.0,28.164,0.828,0.99,146.69,4.31,5.16,2.72,FABRICATE,stacked strips,L1 plan 1.06 bands (DER); tier rise ASSUMED 0.45
be522680-86cd-4342-943e-870c2dfd946c,STAIRS,BLEACHER TIER 4,Brep,ASM,09,19.785,-8.72,4.0,28.435,0.84,0.495,148.1,4.38,2.58,1.62,FABRICATE,stacked strips,L1 plan 1.06 bands (DER); tier rise ASSUMED 0.45
d1b487a7-d05f-4e1d-8e7a-49510e77df54,WALLS::WALLS-INTERIOR,"INT GROUND H px[768, 195, 782, 198]",Brep,DER,06,50.205,-5.11,2.63,1.783,0.478,1.167,9.29,2.49,6.08,1.57,OMIT,"interior partition, not visible in closed model (see clarification)","auto-extracted PLAN GROUND rect px [768, 195, 782, 198]; height = storey, slabs subtracted"
7b0309ad-c69d-414f-a25e-db8d3d8c3719,WALLS::WALLS-INTERIOR,"INT GROUND H px[768, 195, 782, 198]",Brep,DER,06,50.205,-5.11,0.0,1.783,0.478,2.783,9.29,2.49,14.5,1.57,OMIT,"interior partition, not visible in closed model (see clarification)","auto-extracted PLAN GROUND rect px [768, 195, 782, 198]; height = storey, slabs subtracted"
21fffbf3-9070-4b6d-b549-5db6e343ff8b,WALLS::WALLS-INTERIOR,"INT GROUND H px[498, 165, 537, 166]",Brep,DER,06,23.118,-1.909,0.0,4.771,0.239,4.0,24.85,1.24,20.83,0.78,OMIT,"interior partition, not visible in closed model (see clarification)","auto-extracted PLAN GROUND rect px [498, 165, 537, 166]; height = storey, slabs subtracted"
bb72bd6e-faf4-4a6b-9ab6-fa35f0efc797,SLABS,SL-15 L1 EXTENSION WING,Brep,DER,05,-6.295,-43.504,2.24,31.411,16.769,1.92,163.6,87.34,10.0,6.3,FABRICATE,,"sec6/7 y385-401; 1.12 void = L1 inner wall faces (x212-325, y516-579)"
e0d30578-b487-47cc-b56f-13ef6e77d4ea,ANALYSIS::WATER,WATER 1.09 SWIMMING POOL,Brep,DER,10,22.37,-22.96,0.263,25.551,12.52,3.733,133.08,65.21,19.44,12.25,SIMPLIFY,water surface -> pool basin floor / tint,sec8 floor profile + L1 opening
1e2fd848-df9b-4c6d-934f-326aac0abf27,STRUCTURE::STRUCTURE-OTHER,POOL 1.07 STEP 1,Brep,ASM,10,5.03,-21.688,2.77,12.52,0.318,0.198,65.21,1.66,1.03,0.65,SIMPLIFY,5 steps -> engraved lines / 1 stepped strip,L1 plan step lines y363-378 (DER); heights ASSUMED equal
f63c2bb1-89a5-4fee-af02-fa1d771d0bb0,STRUCTURE::STRUCTURE-OTHER,POOL 1.07 STEP 2,Brep,ASM,10,5.03,-22.006,2.77,12.52,0.318,0.397,65.21,1.66,2.07,1.04,SIMPLIFY,5 steps -> engraved lines / 1 stepped strip,L1 plan step lines y363-378 (DER); heights ASSUMED equal
2b2c9ed7-71f6-4209-8e6e-638329ee0e1f,STRUCTURE::STRUCTURE-OTHER,POOL 1.07 STEP 3,Brep,ASM,10,5.03,-22.324,2.77,12.52,0.318,0.595,65.21,1.66,3.1,1.04,SIMPLIFY,5 steps -> engraved lines / 1 stepped strip,L1 plan step lines y363-378 (DER); heights ASSUMED equal
6de425d6-30a4-4e98-840f-f54151a11a0e,STRUCTURE::STRUCTURE-OTHER,POOL 1.07 STEP 4,Brep,ASM,10,5.03,-22.642,2.77,12.52,0.318,0.793,65.21,1.66,4.13,1.04,SIMPLIFY,5 steps -> engraved lines / 1 stepped strip,L1 plan step lines y363-378 (DER); heights ASSUMED equal
b11932e9-a787-442b-9cea-c1c915a076f9,STRUCTURE::STRUCTURE-OTHER,POOL 1.07 STEP 5,Brep,ASM,10,5.03,-22.96,2.77,12.52,0.318,0.992,65.21,1.66,5.16,1.04,SIMPLIFY,5 steps -> engraved lines / 1 stepped strip,L1 plan step lines y363-378 (DER); heights ASSUMED equal
6ff45308-228e-441f-b48c-e2d87246d32d,ANALYSIS::WATER,WATER 1.07 LEARNERS POOL,Brep,DER,10,5.03,-22.96,2.77,12.52,12.52,1.19,65.21,65.21,6.2,3.9,SIMPLIFY,water surface -> pool basin floor / tint,"sec8 floor y397, water y385"
bb42f4fe-af10-4b50-88c8-504df242b158,STRUCTURE::STRUCTURE-OTHER,POOL TANK 1.07,Brep,ASM,10,3.418,-24.572,2.467,15.744,15.744,0.33,82.0,82.0,1.72,1.08,FABRICATE,,thickness ASSUMED
3767ed20-fb61-4386-9d34-09cd74247008,ANALYSIS::WATER,WATER 1.10 PADDLING POOL,Brep,DER,10,9.681,-39.529,3.66,6.793,11.762,0.3,35.38,61.26,1.56,0.98,SIMPLIFY,water surface -> pool basin floor / tint,L1 cyan outline (DER); depth ASSUMED
200cff62-45bf-435a-8670-6be8a6397afb,WALLS::WALLS-INTERIOR,CURVED WALL 1.04 STORE,Brep,DER,10,2.59,-41.897,4.0,6.79,15.339,2.695,35.36,79.89,14.04,8.84,FABRICATE,curved wall at oval light well / stair drum (scored bend),L1 grey outline (DER); height to terrace soffit ASSUMED
064a7c0e-2fdf-4f2c-aff6-28645c757f74,WALLS::WALLS-INTERIOR,CURVED WALL 1.04 STORE,Brep,DER,10,6.362,-40.429,4.0,0.061,2.926,2.695,0.32,15.24,14.04,0.2,FABRICATE,curved wall at oval light well / stair drum (scored bend),L1 grey outline (DER); height to terrace soffit ASSUMED
6c277590-5371-430d-9e5d-1ed3651ead01,WALLS::WALLS-INTERIOR,CURVED WALL 1.04 STORE,Brep,DER,10,6.711,-37.948,4.0,0.06,0.904,2.695,0.31,4.71,14.04,0.2,FABRICATE,curved wall at oval light well / stair drum (scored bend),L1 grey outline (DER); height to terrace soffit ASSUMED
75d66b32-fba6-4e56-8283-4a64ff116179,WALLS::WALLS-INTERIOR,CURVED WALL 2.05 LIGHT WELL,Brep,DER,10,10.288,-39.25,7.05,6.589,4.941,5.575,34.32,25.73,29.04,16.21,FABRICATE,curved wall at oval light well / stair drum (scored bend),"L2 outline (DER); top = arch apex sec7 (DER), vertical sides ASSUMED"
8aa6b6fc-80b1-448b-9a0a-4931aabbe057,WALLS::WALLS-INTERIOR,CURVED WALL 2.05 LIGHT WELL,Brep,DER,10,11.227,-34.91,11.175,5.633,0.486,1.314,29.34,2.53,6.85,1.59,FABRICATE,curved wall at oval light well / stair drum (scored bend),"L2 outline (DER); top = arch apex sec7 (DER), vertical sides ASSUMED"
f0855cf0-9672-42d2-a0c7-cd7eae46551b,ANALYSIS::SPACES,SPACE POOL HALL (1.07-1.09),Brep,DER,10,0.4,-27.121,3.901,51.44,22.573,10.091,267.92,117.57,52.56,33.11,NON-PHYSICAL,reference / setting-out / analysis volume,deck +4.0 to sloped roof soffit
4fbc7f19-1399-48af-b8f2-77836a53fbde,ANALYSIS::SPACES,SPACE PADDLING HALL (1.10),Brep,DER,10,0.159,-41.04,4.0,24.582,14.28,2.45,128.03,74.38,12.76,8.04,NON-PHYSICAL,reference / setting-out / analysis volume,"L1 wing, deck to terrace soffit"
dab57b5d-97eb-40e8-b61a-e62f654ecc7c,ANALYSIS::SPACES,SPACE 2.05 LIGHT WELL over paddling pool,Brep,DER,10,10.614,-38.944,6.45,5.509,4.329,5.93,28.69,22.55,30.89,14.2,NON-PHYSICAL,reference / setting-out / analysis volume,L2 oval; arch apex sec7; opens to the paddling hall (kids-pool photo oval opening)
30bb55e0-ee52-43fd-91fd-b30c2f91bfd9,ANALYSIS::SPACES,SPACE 1.12 VOID over resting / relaxation 0.13,Brep,DER,10,-5.65,-42.903,0.0,12.189,6.385,10.59,63.48,33.26,55.16,20.95,NON-PHYSICAL,reference / setting-out / analysis volume,L1 1.12 inner faces; sec6 void to +10.6
71157910-ce4e-403d-96c6-e087bafa39de,ANALYSIS::SPACES,SPACE ENTRANCE HALL 0.11,Brep,DER,10,24.632,-38.685,0.0,18.146,11.699,3.01,94.51,60.93,15.68,9.88,NON-PHYSICAL,reference / setting-out / analysis volume,GF plan approx; soffit +3.01 (elevations)
be0ecef0-16dd-4a07-9754-947c6b01d7b1,ANALYSIS::SPACES,SPACE GARDEN COURT + 1.11 VOID,Brep,ASM,10,-4.579,-35.708,0.0,3.376,12.471,14.25,17.58,64.95,74.22,11.08,NON-PHYSICAL,reference / setting-out / analysis volume,GF garden (DER); height through west zone ASSUMED
41ecf9c6-990b-4342-acf7-b788b35e57f6,ANALYSIS::SPACES,"SPACE SOLARIUM 1.13 (open air, parapet height)",Brep,DER,10,24.525,-43.302,4.0,28.895,16.565,2.29,150.49,86.28,11.93,7.51,NON-PHYSICAL,reference / setting-out / analysis volume,L1 1.13 + E elevation parapet top
b2e8ac74-cd37-47f3-ae53-51f8b4e718f1,WALLS::WALLS-INTERIOR,"INT L1 H px[296, 513, 324, 514]",Brep,DER,06,3.247,-36.501,4.0,3.46,0.239,3.05,18.02,1.24,15.89,0.78,OMIT,"interior partition, not visible in closed model (see clarification)","auto-extracted PLAN L1 rect px [296, 513, 324, 514]; height = storey, slabs subtracted"
0b1cb529-cfa9-4104-bcc4-19846ca7d0cb,WALLS::WALLS-INTERIOR,"INT GROUND H px[428, 379, 437, 380]",Brep,DER,06,16.458,-23.181,0.0,1.193,0.239,2.717,6.21,1.24,14.15,0.78,OMIT,"interior partition, not visible in closed model (see clarification)","auto-extracted PLAN GROUND rect px [428, 379, 437, 380]; height = storey, slabs subtracted"
f4ed4022-b18a-416c-a6ca-357db7089be9,WALLS::WALLS-INTERIOR,"INT GROUND H px[363, 334, 372, 336]",Brep,DER,06,9.997,-18.817,0.0,1.193,0.358,2.5,6.21,1.86,13.02,1.17,OMIT,"interior partition, not visible in closed model (see clarification)","auto-extracted PLAN GROUND rect px [363, 334, 372, 336]; height = storey, slabs subtracted"
a9b2c520-8ee1-48ed-86ba-fed0e119efd8,WALLS::WALLS-INTERIOR,"INT GROUND H px[487, 379, 526, 383]",Brep,DER,06,22.024,-23.509,0.0,4.771,0.596,2.75,24.85,3.11,14.32,1.96,OMIT,"interior partition, not visible in closed model (see clarification)","auto-extracted PLAN GROUND rect px [487, 379, 526, 383]; height = storey, slabs subtracted"
89c406ef-d835-422b-aba7-8a28314462e5,WALLS::WALLS-INTERIOR,"INT GROUND H px[487, 249, 541, 251]",Brep,DER,06,21.875,-10.368,0.0,6.56,0.358,2.75,34.17,1.86,14.32,1.17,OMIT,"interior partition, not visible in closed model (see clarification)","auto-extracted PLAN GROUND rect px [487, 249, 541, 251]; height = storey, slabs subtracted"
1573ee87-5270-413f-a4e9-f0d9ba3cdb2b,SLABS,SL-13 L1 HALL DECK,Brep,DER,05,-0.477,-27.121,2.35,48.703,22.573,1.69,253.66,117.57,8.8,5.54,FABRICATE,,"pool openings L1 cyan; t 1.5 sec8 where cut, extended elsewhere"
8021f38a-a9f1-4639-bb44-a9791778d502,STRUCTURE::STRUCTURE-OTHER,POOL TANK 1.09,Brep,ASM,10,22.064,-24.572,-0.04,26.163,15.744,4.08,136.27,82.0,21.25,13.39,FABRICATE,,floor follows sec8 profile (DER); wall/floor thickness ASSUMED
ae06860f-ecd5-4673-9e53-693111ffccf9,WINDOWS,GL 0.11 S,Brep,DER,08,24.602,-38.599,0.0,2.474,0.06,3.071,12.89,0.31,15.99,0.2,SIMPLIFY,glazing zone -> opening or clear panel,GF plan thin line; DER head = elevations y279
91fa00d6-1e8d-4e0d-913f-775a97ee77eb,WINDOWS,GL 0.11 S,Brep,DER,08,28.914,-38.599,0.0,2.352,0.06,3.311,12.25,0.31,17.24,0.2,SIMPLIFY,glazing zone -> opening or clear panel,GF plan thin line; DER head = elevations y279
35a358a6-6983-4cc8-8430-8c5ce976bcf4,WINDOWS,GL 0.11 S,Brep,DER,08,26.742,-38.599,0.0,2.496,0.06,3.01,13.0,0.31,15.68,0.2,SIMPLIFY,glazing zone -> opening or clear panel,GF plan thin line; DER head = elevations y279
521881b1-82d3-40e2-9043-e46a444a21f3,WINDOWS,GL 0.18/0.19 S,Brep,DER,08,31.046,-41.578,0.0,0.288,0.03,3.311,1.5,0.16,17.24,0.1,SIMPLIFY,glazing zone -> opening or clear panel,GF plan thin line; DER head = elevations y279
5a7b3e64-e3f7-4026-8363-b8dca4b475eb,WINDOWS,GL 0.18/0.19 S,Brep,DER,08,31.222,-41.581,0.0,2.016,0.06,3.01,10.5,0.31,15.68,0.2,SIMPLIFY,glazing zone -> opening or clear panel,GF plan thin line; DER head = elevations y279
fe5003fc-a1cd-4cd7-8752-063efbaf789a,WINDOWS,GL 0.18/0.19 S,Brep,DER,08,32.985,-41.581,0.0,1.98,0.06,3.01,10.31,0.31,15.68,0.2,SIMPLIFY,glazing zone -> opening or clear panel,GF plan thin line; DER head = elevations y279
19fcdafe-0c74-4dd0-9937-527a0d1bd282,WINDOWS,GL 0.18/0.19 S,Brep,DER,08,34.725,-41.581,0.0,1.86,0.06,3.01,9.69,0.31,15.68,0.2,SIMPLIFY,glazing zone -> opening or clear panel,GF plan thin line; DER head = elevations y279
e92e17dd-269d-447d-832a-c80e4754ec92,WINDOWS,GL 0.18/0.19 S,Brep,DER,08,36.345,-41.581,0.0,1.98,0.06,3.01,10.31,0.31,15.68,0.2,SIMPLIFY,glazing zone -> opening or clear panel,GF plan thin line; DER head = elevations y279
598292ee-7102-4fc8-a333-2faa26afcb46,WINDOWS,GL 0.18/0.19 S,Brep,DER,08,38.076,-41.581,0.0,1.968,0.06,3.01,10.25,0.31,15.68,0.2,SIMPLIFY,glazing zone -> opening or clear panel,GF plan thin line; DER head = elevations y279
e222a3ee-68a6-4e3d-b029-77491d32f592,WINDOWS,GL 0.18/0.19 S,Brep,DER,08,39.809,-41.581,0.0,1.812,0.06,3.01,9.44,0.31,15.68,0.2,SIMPLIFY,glazing zone -> opening or clear panel,GF plan thin line; DER head = elevations y279
da3b61c8-294f-4c99-b798-fd06c9df0294,WINDOWS,GL 0.18/0.19 S,Brep,DER,08,41.445,-41.581,0.0,1.261,0.06,3.01,6.57,0.31,15.68,0.2,SIMPLIFY,glazing zone -> opening or clear panel,GF plan thin line; DER head = elevations y279
f3f9f545-81b5-4bb0-b1d7-7301db1ff0de,WINDOWS,GL VESTIBULE E,Brep,DER,08,42.571,-41.598,0.0,0.06,1.776,3.01,0.31,9.25,15.68,0.2,SIMPLIFY,glazing zone -> opening or clear panel,GF plan thin line; DER head = elevations y279
68c275e7-c989-4abd-836d-663c04fc14ef,WINDOWS,GL VESTIBULE E,Brep,DER,08,42.571,-38.432,0.0,0.06,1.586,3.311,0.31,8.26,17.24,0.2,SIMPLIFY,glazing zone -> opening or clear panel,GF plan thin line; DER head = elevations y279
dcf4a0cd-0013-45c6-ad25-b017d8145d46,WINDOWS,GL VESTIBULE E,Brep,DER,08,42.571,-40.041,0.0,0.06,1.812,3.01,0.31,9.44,15.68,0.2,SIMPLIFY,glazing zone -> opening or clear panel,GF plan thin line; DER head = elevations y279
9e8d8951-1beb-4884-b89a-0027ee98409f,WINDOWS,GL VESTIBULE E,Brep,DER,08,42.571,-36.783,0.0,0.06,0.047,3.311,0.31,0.24,17.24,0.15,SIMPLIFY,glazing zone -> opening or clear panel,GF plan thin line; DER head = elevations y279
4f589978-4c93-4eb1-845e-ab3d85d73a7b,WINDOWS,GL VESTIBULE E,Brep,DER,08,42.571,-36.798,0.0,0.06,1.656,3.01,0.31,8.63,15.68,0.2,SIMPLIFY,glazing zone -> opening or clear panel,GF plan thin line; DER head = elevations y279
31dd1793-f8c8-4143-a3a7-3efb2a5aa49d,WINDOWS,GL VESTIBULE E,Brep,DER,08,42.571,-35.287,0.0,0.06,1.044,3.01,0.31,5.44,15.68,0.2,SIMPLIFY,glazing zone -> opening or clear panel,GF plan thin line; DER head = elevations y279
99d147cb-4358-42e6-aaa7-e26c73f39be6,WINDOWS,GL VESTIBULE E,Brep,DER,08,42.571,-34.336,0.0,0.06,1.032,3.01,0.31,5.38,15.68,0.2,SIMPLIFY,glazing zone -> opening or clear panel,GF plan thin line; DER head = elevations y279
136c7500-1f2d-4274-a282-55626c0c7c67,WINDOWS,GL VESTIBULE E,Brep,DER,08,42.571,-33.423,0.0,0.06,1.356,3.01,0.31,7.06,15.68,0.2,SIMPLIFY,glazing zone -> opening or clear panel,GF plan thin line; DER head = elevations y279
c8dfe6e9-e271-443b-b3a8-9cecaa13a40e,WINDOWS,GL VESTIBULE E,Brep,DER,08,42.571,-32.187,0.0,0.06,1.044,3.01,0.31,5.44,15.68,0.2,SIMPLIFY,glazing zone -> opening or clear panel,GF plan thin line; DER head = elevations y279
308f8865-d90b-40b7-928a-e46d29816adb,WINDOWS,GL VESTIBULE E,Brep,DER,08,42.571,-30.337,0.0,0.06,1.648,3.311,0.31,8.58,17.24,0.2,SIMPLIFY,glazing zone -> opening or clear panel,GF plan thin line; DER head = elevations y279
fc84c6bb-5175-4d02-a7c4-d56f169f3c42,WINDOWS,GL VESTIBULE E,Brep,DER,08,42.571,-31.237,0.0,0.06,1.044,3.01,0.31,5.44,15.68,0.2,SIMPLIFY,glazing zone -> opening or clear panel,GF plan thin line; DER head = elevations y279
16ef67e1-617c-4147-91b8-9028d97048d8,WINDOWS,GL VESTIBULE E,Brep,DER,08,42.599,-41.553,0.0,0.03,0.025,3.01,0.16,0.13,15.68,0.08,SIMPLIFY,glazing zone -> opening or clear panel,GF plan thin line; DER head = elevations y279
227e427e-2abe-4cb5-a5aa-5acc36e2f80a,WINDOWS,GF S MULLION X=26.91,Brep,DER,11,26.862,-38.659,0.0,0.096,0.18,3.01,0.5,0.94,15.68,0.31,SIMPLIFY,engrave on glazing panel / omit physically,S elevation position; section ASSUMED
3561d308-d5de-4305-b9c4-3bff5704b42c,WINDOWS,GF S MULLION X=29.07,Brep,DER,11,29.022,-38.659,0.0,0.096,0.18,3.01,0.5,0.94,15.68,0.31,SIMPLIFY,engrave on glazing panel / omit physically,S elevation position; section ASSUMED
2a63e1a3-a566-409c-80d9-0da9d5ff433c,WINDOWS,GF S MULLION X=31.35,Brep,DER,11,31.302,-41.641,0.0,0.096,0.18,3.311,0.5,0.94,17.24,0.31,SIMPLIFY,engrave on glazing panel / omit physically,S elevation position; section ASSUMED
2820592c-edee-4e65-8af9-b4ee313be152,WINDOWS,GF S MULLION X=33.11,Brep,DER,11,33.062,-41.641,0.0,0.096,0.18,3.01,0.5,0.94,15.68,0.31,SIMPLIFY,engrave on glazing panel / omit physically,S elevation position; section ASSUMED
69fd37ce-71d4-4f2b-84c2-2fdefbf2155d,WINDOWS,GF S MULLION X=34.84,Brep,DER,11,34.792,-41.641,0.0,0.096,0.18,3.01,0.5,0.94,15.68,0.31,SIMPLIFY,engrave on glazing panel / omit physically,S elevation position; section ASSUMED
6e6902b7-810c-4cfa-bb97-fbeee263560e,WINDOWS,GF S MULLION X=36.47,Brep,DER,11,36.422,-41.641,0.0,0.096,0.18,3.01,0.5,0.94,15.68,0.31,SIMPLIFY,engrave on glazing panel / omit physically,S elevation position; section ASSUMED
b6d4cde5-2d93-497a-b177-fb5e3590934f,WINDOWS,GF S MULLION X=38.20,Brep,DER,11,38.152,-41.641,0.0,0.096,0.18,3.01,0.5,0.94,15.68,0.31,SIMPLIFY,engrave on glazing panel / omit physically,S elevation position; section ASSUMED
422ec557-d0b4-4183-8bd6-8a8fba341931,WINDOWS,GF S MULLION X=39.92,Brep,DER,11,39.872,-41.641,0.0,0.096,0.18,3.01,0.5,0.94,15.68,0.31,SIMPLIFY,engrave on glazing panel / omit physically,S elevation position; section ASSUMED
3d9468dc-fb48-4e8f-a657-09416585d687,WINDOWS,GF S MULLION X=41.51,Brep,DER,11,41.462,-41.641,0.0,0.096,0.18,3.01,0.5,0.94,15.68,0.31,SIMPLIFY,engrave on glazing panel / omit physically,S elevation position; section ASSUMED
4a4a3b31-bd1d-49a6-a59b-30f05d49f2bf,WINDOWS,GF VESTIBULE MULLION Y=-41.49,Brep,DER,11,42.511,-41.538,0.0,0.18,0.096,3.01,0.94,0.5,15.68,0.31,SIMPLIFY,engrave on glazing panel / omit physically,E elevation position; section ASSUMED
81c9d6be-5532-47a7-9446-86b29d866e3e,WINDOWS,GF VESTIBULE MULLION Y=-39.93,Brep,DER,11,42.511,-39.978,0.0,0.18,0.096,3.01,0.94,0.5,15.68,0.31,SIMPLIFY,engrave on glazing panel / omit physically,E elevation position; section ASSUMED
c82c4643-e82c-432e-9793-848fbcf46915,WINDOWS,GF VESTIBULE MULLION Y=-38.34,Brep,DER,11,42.511,-38.388,0.0,0.18,0.096,3.01,0.94,0.5,15.68,0.31,SIMPLIFY,engrave on glazing panel / omit physically,E elevation position; section ASSUMED
f79f69d5-c09a-4d0f-8541-ee039f05d1dd,WINDOWS,GF VESTIBULE MULLION Y=-36.70,Brep,DER,11,42.511,-36.748,0.0,0.18,0.096,3.01,0.94,0.5,15.68,0.31,SIMPLIFY,engrave on glazing panel / omit physically,E elevation position; section ASSUMED
3991e2f8-3bb0-4701-9f49-4c148da03431,WINDOWS,GF VESTIBULE MULLION Y=-35.24,Brep,DER,11,42.511,-35.288,0.0,0.18,0.096,3.01,0.94,0.5,15.68,0.31,SIMPLIFY,engrave on glazing panel / omit physically,E elevation position; section ASSUMED
fd103c91-a049-4c5e-9005-580e1665b9fe,WINDOWS,GF VESTIBULE MULLION Y=-34.29,Brep,DER,11,42.511,-34.338,0.0,0.18,0.096,3.01,0.94,0.5,15.68,0.31,SIMPLIFY,engrave on glazing panel / omit physically,E elevation position; section ASSUMED
d7c38364-f931-4199-acb6-e48e031f5f52,WINDOWS,GF VESTIBULE MULLION Y=-33.35,Brep,DER,11,42.511,-33.398,0.0,0.18,0.096,3.01,0.94,0.5,15.68,0.31,SIMPLIFY,engrave on glazing panel / omit physically,E elevation position; section ASSUMED
fa8444c4-83ff-48dc-b69d-5261818b7310,WINDOWS,GF VESTIBULE MULLION Y=-32.14,Brep,DER,11,42.511,-32.188,0.0,0.18,0.096,3.01,0.94,0.5,15.68,0.31,SIMPLIFY,engrave on glazing panel / omit physically,E elevation position; section ASSUMED
d007bffd-5dd3-4fbd-8e20-de2bebb01da5,WINDOWS,GF VESTIBULE MULLION Y=-31.19,Brep,DER,11,42.511,-31.238,0.0,0.18,0.096,3.01,0.94,0.5,15.68,0.31,SIMPLIFY,engrave on glazing panel / omit physically,E elevation position; section ASSUMED
032d07d1-4e17-4442-b7a5-bf426990a673,WINDOWS,GF VESTIBULE MULLION Y=-30.24,Brep,DER,11,42.511,-30.288,0.0,0.18,0.096,3.01,0.94,0.5,15.68,0.31,SIMPLIFY,engrave on glazing panel / omit physically,E elevation position; section ASSUMED
9a96acd3-3633-41d4-a94d-95de4964dbe8,DETAILS,PISCINE LETTER,Brep,DER,11,43.433,-29.082,0.187,1.417,0.171,2.466,7.38,0.89,12.84,0.56,SIMPLIFY,engrave,S elevation x693-807 (DER); font + relief ASSUMED
f0a95210-c33c-436b-a6ea-8c46b3c98ac8,DETAILS,PISCINE LETTER,Brep,DER,11,45.18,-29.139,0.211,0.243,0.054,2.418,1.27,0.28,12.59,0.18,SIMPLIFY,engrave,S elevation x693-807 (DER); font + relief ASSUMED
894b1daf-18c6-449a-8558-333554e7ffd7,DETAILS,PISCINE LETTER,Brep,DER,11,45.566,-29.333,0.053,1.794,0.209,2.724,9.34,1.09,14.19,0.69,SIMPLIFY,engrave,S elevation x693-807 (DER); font + relief ASSUMED
c70a6f47-8d42-4afe-83e4-f5c7b81e4a55,DETAILS,PISCINE LETTER,Brep,DER,11,47.006,-29.558,-0.112,2.605,0.29,3.067,13.57,1.51,15.98,0.95,SIMPLIFY,engrave,S elevation x693-807 (DER); font + relief ASSUMED
d61d2921-bcd1-40aa-883c-0e8c7284c738,DETAILS,PISCINE LETTER,Brep,DER,11,49.41,-29.562,0.211,0.243,0.054,2.418,1.27,0.28,12.59,0.18,SIMPLIFY,engrave,S elevation x693-807 (DER); font + relief ASSUMED
ed2635dd-1429-4678-8e51-cce8372038bf,DETAILS,PISCINE LETTER,Brep,DER,11,50.057,-29.749,0.187,1.463,0.176,2.466,7.62,0.92,12.84,0.58,SIMPLIFY,engrave,S elevation x693-807 (DER); font + relief ASSUMED
19c31d32-14f2-4510-a74b-276f08a69b1c,DETAILS,PISCINE LETTER,Brep,DER,11,51.898,-29.926,0.187,1.386,0.168,2.466,7.22,0.88,12.84,0.55,SIMPLIFY,engrave,S elevation x693-807 (DER); font + relief ASSUMED
16064868-ce67-4f93-b17d-e45d31d1287f,DETAILS,CW FASCIA (roof edge),Brep,DER,11,0.4,-27.33,13.893,51.44,0.41,0.657,267.92,2.14,3.42,1.35,FABRICATE,roof-edge fascia strip,"sec6 x538-545, cap y278-282; S/E elev top y145"
1b219b2d-8c95-4c1f-b6af-467d40530b69,DETAILS,LANE LINE 1.09,LineCurve,DER,11,22.62,-11.63,3.96,25.05,0.0,0.0,130.47,0.0,0.0,82.19,SIMPLIFY,engrave,L1 plan lane symbols
4ed92227-9e24-4b8e-9590-142f3356e47a,DETAILS,LANE LINE 1.09,LineCurve,DER,11,22.62,-14.12,3.96,25.05,0.0,0.0,130.47,0.0,0.0,82.19,SIMPLIFY,engrave,L1 plan lane symbols
2adceda7-5c5e-48d2-b155-120391d348b1,DETAILS,LANE LINE 1.09,LineCurve,DER,11,22.62,-16.7,3.96,25.05,0.0,0.0,130.47,0.0,0.0,82.19,SIMPLIFY,engrave,L1 plan lane symbols
a57bab4f-41f8-4819-b34b-25f6fa7bd393,DETAILS,LANE LINE 1.09,LineCurve,DER,11,22.62,-19.19,3.96,25.05,0.0,0.0,130.47,0.0,0.0,82.19,SIMPLIFY,engrave,L1 plan lane symbols
e5aaef05-14da-452c-83df-df03cbd753d3,DETAILS,LANE LINE 1.09,LineCurve,DER,11,22.62,-21.67,3.96,25.05,0.0,0.0,130.47,0.0,0.0,82.19,SIMPLIFY,engrave,L1 plan lane symbols
508d0ddc-0de5-4b22-8421-a80f3151c95e,DETAILS,E FACADE BASE JOINT (concrete base / render),LineCurve,DER,11,53.436,-27.32,3.01,0.0,27.32,0.0,0.0,142.29,0.0,89.63,SIMPLIFY,engrave,E elev y279 + photo
44ad54fd-eab4-4181-872c-6145d4fcb93a,STAIRS,ST-C NE GF-L1,Brep,DER,09,49.95,-7.128,-0.04,1.89,7.128,4.08,9.84,37.12,21.25,6.2,SIMPLIFY,stepped block / scored; mostly enclosed,L1 x763-782 y151-219 (21 lines); GF x770-788 y150-172; going 0.307 riser 0.182
29cfffbf-df0e-4acc-8f40-c5b665f57a2b,WALLS::WALLS-INTERIOR,"INT L1 H px[436, 213, 484, 214]",Brep,DER,06,16.965,-6.68,4.0,5.845,0.239,3.05,30.44,1.24,15.89,0.78,OMIT,"interior partition, not visible in closed model (see clarification)","auto-extracted PLAN L1 rect px [436, 213, 484, 214]; height = storey, slabs subtracted"
900ba558-647a-49dc-9d22-b32d0841a65a,Default,,Surface,,,44.523,108.532,18.972,13.077,22.818,0.0,68.11,118.84,0.0,42.9,EXCLUDE,duplicate set offset +104.53 m in Y,
8a17c0cb-e23b-4a91-aece-c84ecc97105f,MASSING,M10 SOLARIUM PARAPET E,Brep,ASM,03,53.136,61.392,4.0,0.3,13.229,3.0,1.56,68.9,15.62,0.98,EXCLUDE,duplicate set offset +104.53 m in Y,photo band; top = portal base in sec6 (~+6.9)
9c13ace8-b40b-4839-b196-53a8d4189e76,MASSING,M10 SOLARIUM PARAPET S,Brep,ASM,03,24.808,61.092,4.0,28.628,0.3,3.0,149.1,1.56,15.62,0.98,EXCLUDE,duplicate set offset +104.53 m in Y,photo band; top = portal base in sec6 (~+6.9)
2ea1b1aa-9ef0-4d5f-acd0-572481e5bc2f,MASSING,M09 SOLARIUM SLAB 1,Brep,ASM,03,24.522,60.946,3.1,29.201,14.905,0.9,152.09,77.63,4.69,2.95,EXCLUDE,duplicate set offset +104.53 m in Y,"L1 plan 1.13 outline x510-800 y418-585; soffit ASSUMED (photo proportion), top = L1 FFL"
e25432bd-0017-475c-89e6-afe990e339d4,MASSING,M08b SOUTH BLOCK CANTILEVER,Brep,DER,03,12.275,59.442,5.35,12.791,2.07,1.7,66.62,10.78,8.85,5.58,EXCLUDE,duplicate set offset +104.53 m in Y,L1 plan dark-grey mass x385-505 beyond GF S wall; soffit = outline beyond in sec6/7 (~y371)
2fdabf1c-3025-4a32-8c16-e9334fd07d87,MASSING,M08 SOUTH BLOCK,Brep,DER,03,-6.243,59.341,7.05,31.491,12.413,6.9,164.02,64.65,35.94,22.64,EXCLUDE,duplicate set offset +104.53 m in Y,L2 plan outline; N face lean sec6+sec7; top = cut sec6/7 y283-286
6adb945c-db17-41ce-ac3f-274cb84ca084,MASSING,M07 WEST ZONE (1.11/2.02),Brep,ASM,03,-4.983,68.785,4.0,5.033,13.012,10.55,26.21,67.77,54.95,16.51,EXCLUDE,duplicate set offset +104.53 m in Y,sec8 elevation: outline X 0..-5.7 to y278; closed volume + roof ASSUMED; interior void Pass 10
4f05b987-60b7-4dd8-a9db-4acfdd292ccd,MASSING,M06 L1 WING,Brep,DER,03,-6.295,61.028,4.0,31.411,16.769,3.05,163.6,87.34,15.89,10.01,EXCLUDE,duplicate set offset +104.53 m in Y,"L1 plan E wall x~510 (=GF 0.17 E, L2 block E); top = L2 slab sec6/7 y354-355"
1a84a0e5-57f8-41f1-80ca-03adbeab5103,MASSING,M05 GF PODIUM,Brep,DER,03,-6.569,60.987,0.0,59.392,20.887,4.0,309.33,108.78,20.83,13.12,EXCLUDE,duplicate set offset +104.53 m in Y,"footprint (pass 02) S of hall, top = L1 FFL; garden court open"
fdc3ab21-5d11-4d21-8ae3-e3d11f4a44a5,MASSING,M04 NE BOX,Brep,ASM,03,46.378,104.532,0.0,7.058,2.49,3.0,36.76,12.97,15.62,8.17,EXCLUDE,duplicate set offset +104.53 m in Y,GF plan only; absent from L1; height ASSUMED
614e3d18-2fce-4330-8862-7da70d376199,MASSING,M03 EAST STRIP,Brep,DER,03,52.228,74.322,0.0,1.22,30.509,14.55,6.35,158.9,75.78,4.0,EXCLUDE,duplicate set offset +104.53 m in Y,GF/L1 plans thin wall x797-798; sec8 line x193 to y278
42e0b5cd-d76b-46e4-911e-c1768860707b,MASSING,M02 POOL HALL,Brep,DER,03,0.0,77.411,-0.145,52.24,22.573,14.783,272.08,117.57,76.99,48.5,EXCLUDE,duplicate set offset +104.53 m in Y,roof top fit sec6/7 (identical): Z = 8.954 -0.2059*Y
ed3d0f5a-a7b1-4b1d-89f5-8b8724de3752,MASSING,M01 NORTH BAR,Brep,DER,03,-1.2,99.715,0.0,53.969,4.865,14.55,281.09,25.34,75.78,15.96,EXCLUDE,duplicate set offset +104.53 m in Y,sec6/7 x269-317 top y278; L1 rooms S wall y196; L2 2.01 full length
